phase,algorithm,policy,rows,rank,cache_bytes,iteration,seconds,cpu_seconds,read_bytes,write_bytes,tasks,checksum,process_read_bytes,process_write_bytes,columns,input_order,seed,source
prepare,gnmf,arrival,1000000,16,16777216,0,0.378485,0.960000,0,1152074255,0,0.00000000000,0,1152118784,128,chunk,42,/workspace/data_dir/staging-main-20260927/gnmf-arrival-1000000-16-16777216-5-0-128-chunk-42.log
iteration,gnmf,arrival,1000000,16,16777216,1,0.648935,3.040000,2518609261,124834370,2000,126.279572979,0,124506112,128,chunk,42,/workspace/data_dir/staging-main-20260927/gnmf-arrival-1000000-16-16777216-5-0-128-chunk-42.log
iteration,gnmf,arrival,1000000,16,16777216,2,0.669969,3.130000,2544986464,127010973,2000,126.426001201,0,127086592,128,chunk,42,/workspace/data_dir/staging-main-20260927/gnmf-arrival-1000000-16-16777216-5-0-128-chunk-42.log
iteration,gnmf,arrival,1000000,16,16777216,3,0.636943,3.030000,2560094626,126754900,2000,126.533126305,0,126218240,128,chunk,42,/workspace/data_dir/staging-main-20260927/gnmf-arrival-1000000-16-16777216-5-0-128-chunk-42.log
iteration,gnmf,arrival,1000000,16,16777216,4,0.628946,2.990000,2531030628,127907226,2000,126.613814683,0,126996480,128,chunk,42,/workspace/data_dir/staging-main-20260927/gnmf-arrival-1000000-16-16777216-5-0-128-chunk-42.log
iteration,gnmf,arrival,1000000,16,16777216,5,0.645767,3.060000,2548443417,126242759,2000,126.676247836,0,126578688,128,chunk,42,/workspace/data_dir/staging-main-20260927/gnmf-arrival-1000000-16-16777216-5-0-128-chunk-42.log
prepare,gnmf,arrival,1000000,16,16777216,0,0.340339,0.870000,0,1152074255,0,0.00000000000,0,1152118784,128,random,42,/workspace/data_dir/staging-main-20260927/gnmf-arrival-1000000-16-16777216-5-0-128-random-42.log
iteration,gnmf,arrival,1000000,16,16777216,1,0.705477,3.610000,3023708574,126754900,2000,126.279572979,0,126558208,128,random,42,/workspace/data_dir/staging-main-20260927/gnmf-arrival-1000000-16-16777216-5-0-128-random-42.log
iteration,gnmf,arrival,1000000,16,16777216,2,0.695204,3.290000,2567136333,125474545,2000,126.426001201,0,125440000,128,random,42,/workspace/data_dir/staging-main-20260927/gnmf-arrival-1000000-16-16777216-5-0-128-random-42.log
iteration,gnmf,arrival,1000000,16,16777216,3,0.648726,3.070000,2530774803,126882944,2000,126.533126305,0,126574592,128,random,42,/workspace/data_dir/staging-main-20260927/gnmf-arrival-1000000-16-16777216-5-0-128-random-42.log
iteration,gnmf,arrival,1000000,16,16777216,4,0.679468,3.160000,2528341641,126754900,2000,126.613814683,0,126873600,128,random,42,/workspace/data_dir/staging-main-20260927/gnmf-arrival-1000000-16-16777216-5-0-128-random-42.log
iteration,gnmf,arrival,1000000,16,16777216,5,0.651245,3.070000,2537432383,126114725,2000,126.676247836,0,127496192,128,random,42,/workspace/data_dir/staging-main-20260927/gnmf-arrival-1000000-16-16777216-5-0-128-random-42.log
prepare,gnmf,arrival,8000000,16,16777216,0,0.335244,1.210000,0,1152555265,0,0.00000000000,0,1152602112,2,chunk,42,/workspace/data_dir/staging-main-20260927/gnmf-arrival-8000000-16-16777216-5-0-2-chunk-42.log
iteration,gnmf,arrival,8000000,16,16777216,1,0.939293,6.750000,2428018658,1019416663,504,1.93613703388,0,1019781120,2,chunk,42,/workspace/data_dir/staging-main-20260927/gnmf-arrival-8000000-16-16777216-5-0-2-chunk-42.log
iteration,gnmf,arrival,8000000,16,16777216,2,0.866606,6.090000,2288199405,1021849334,504,1.95312433548,0,1022025728,2,chunk,42,/workspace/data_dir/staging-main-20260927/gnmf-arrival-8000000-16-16777216-5-0-2-chunk-42.log
iteration,gnmf,arrival,8000000,16,16777216,3,0.901309,6.380000,2290762024,1019032556,504,1.96518439351,0,1018671104,2,chunk,42,/workspace/data_dir/staging-main-20260927/gnmf-arrival-8000000-16-16777216-5-0-2-chunk-42.log
iteration,gnmf,arrival,8000000,16,16777216,4,0.883858,6.270000,2289735828,1021337198,504,1.97160169448,0,1021747200,2,chunk,42,/workspace/data_dir/staging-main-20260927/gnmf-arrival-8000000-16-16777216-5-0-2-chunk-42.log
iteration,gnmf,arrival,8000000,16,16777216,5,0.922906,6.260000,2289734886,1020568979,504,1.97070349023,0,1020874752,2,chunk,42,/workspace/data_dir/staging-main-20260927/gnmf-arrival-8000000-16-16777216-5-0-2-chunk-42.log
prepare,gnmf,arrival,8000000,16,16777216,0,0.486353,1.140000,0,1152555275,0,0.00000000000,0,1152634880,2,random,42,/workspace/data_dir/staging-main-20260927/gnmf-arrival-8000000-16-16777216-5-0-2-random-42.log
iteration,gnmf,arrival,8000000,16,16777216,1,1.378673,14.910000,8047998906,1021337193,506,1.93613703388,0,1021304832,2,random,42,/workspace/data_dir/staging-main-20260927/gnmf-arrival-8000000-16-16777216-5-0-2-random-42.log
iteration,gnmf,arrival,8000000,16,16777216,2,0.800819,5.760000,2291275127,1019800770,506,1.95312433548,0,1020035072,2,random,42,/workspace/data_dir/staging-main-20260927/gnmf-arrival-8000000-16-16777216-5-0-2-random-42.log
iteration,gnmf,arrival,8000000,16,16777216,3,0.840884,5.880000,2290760120,1021465227,506,1.96518439351,0,1021538304,2,random,42,/workspace/data_dir/staging-main-20260927/gnmf-arrival-8000000-16-16777216-5-0-2-random-42.log
iteration,gnmf,arrival,8000000,16,16777216,4,0.861659,5.970000,2288198473,1022361475,506,1.97160169448,0,1022283776,2,random,42,/workspace/data_dir/staging-main-20260927/gnmf-arrival-8000000-16-16777216-5-0-2-random-42.log
iteration,gnmf,arrival,8000000,16,16777216,5,0.832202,5.890000,2289735848,1020825052,506,1.97070349023,0,1020698624,2,random,42,/workspace/data_dir/staging-main-20260927/gnmf-arrival-8000000-16-16777216-5-0-2-random-42.log
prepare,gnmf,stage50,1000000,16,16777216,0,0.367965,0.920000,0,1152074255,0,0.00000000000,0,1152118784,128,chunk,42,/workspace/data_dir/staging-main-20260927/gnmf-stage50-1000000-16-16777216-5-0-128-chunk-42.log
iteration,gnmf,stage50,1000000,16,16777216,1,0.720055,3.260000,2663161057,124450263,2000,126.279572979,0,124694528,128,chunk,42,/workspace/data_dir/staging-main-20260927/gnmf-stage50-1000000-16-16777216-5-0-128-chunk-42.log
iteration,gnmf,stage50,1000000,16,16777216,2,0.693864,3.360000,2856880576,125346511,2000,126.426001201,0,125997056,128,chunk,42,/workspace/data_dir/staging-main-20260927/gnmf-stage50-1000000-16-16777216-5-0-128-chunk-42.log
iteration,gnmf,stage50,1000000,16,16777216,3,0.699249,3.390000,2861233291,124450263,2000,126.533126305,0,124821504,128,chunk,42,/workspace/data_dir/staging-main-20260927/gnmf-stage50-1000000-16-16777216-5-0-128-chunk-42.log
iteration,gnmf,stage50,1000000,16,16777216,4,0.668375,3.230000,2851631142,126498837,2000,126.613814683,0,126492672,128,chunk,42,/workspace/data_dir/staging-main-20260927/gnmf-stage50-1000000-16-16777216-5-0-128-chunk-42.log
iteration,gnmf,stage50,1000000,16,16777216,5,0.694268,3.410000,2836778567,126242769,2000,126.676247836,0,126742528,128,chunk,42,/workspace/data_dir/staging-main-20260927/gnmf-stage50-1000000-16-16777216-5-0-128-chunk-42.log
prepare,gnmf,stage50,1000000,16,16777216,0,0.405237,0.990000,0,1152074255,0,0.00000000000,0,1152122880,128,random,42,/workspace/data_dir/staging-main-20260927/gnmf-stage50-1000000-16-16777216-5-0-128-random-42.log
iteration,gnmf,stage50,1000000,16,16777216,1,0.730703,3.590000,3012953603,124962404,2000,126.279572979,0,124952576,128,random,42,/workspace/data_dir/staging-main-20260927/gnmf-stage50-1000000-16-16777216-5-0-128-random-42.log
iteration,gnmf,stage50,1000000,16,16777216,2,0.751784,3.710000,2996566807,124322229,2000,126.426001201,0,124178432,128,random,42,/workspace/data_dir/staging-main-20260927/gnmf-stage50-1000000-16-16777216-5-0-128-random-42.log
iteration,gnmf,stage50,1000000,16,16777216,3,0.712687,3.570000,3010906755,126370793,2000,126.533126305,0,126758912,128,random,42,/workspace/data_dir/staging-main-20260927/gnmf-stage50-1000000-16-16777216-5-0-128-random-42.log
iteration,gnmf,stage50,1000000,16,16777216,4,0.700016,3.470000,2997591317,125858652,2000,126.613814683,0,125968384,128,random,42,/workspace/data_dir/staging-main-20260927/gnmf-stage50-1000000-16-16777216-5-0-128-random-42.log
iteration,gnmf,stage50,1000000,16,16777216,5,0.669616,3.310000,2987348011,125090443,2000,126.676247836,0,126574592,128,random,42,/workspace/data_dir/staging-main-20260927/gnmf-stage50-1000000-16-16777216-5-0-128-random-42.log
prepare,gnmf,stage50,8000000,16,16777216,0,0.383944,1.160000,0,1152555275,0,0.00000000000,0,1152602112,2,chunk,42,/workspace/data_dir/staging-main-20260927/gnmf-stage50-8000000-16-16777216-5-0-2-chunk-42.log
iteration,gnmf,stage50,8000000,16,16777216,1,0.984551,6.540000,2630315325,1020697013,506,1.93613703388,0,1020649472,2,chunk,42,/workspace/data_dir/staging-main-20260927/gnmf-stage50-8000000-16-16777216-5-0-2-chunk-42.log
iteration,gnmf,stage50,8000000,16,16777216,2,0.907573,6.080000,2503810786,1021209164,506,1.95312433548,0,1021571072,2,chunk,42,/workspace/data_dir/staging-main-20260927/gnmf-stage50-8000000-16-16777216-5-0-2-chunk-42.log
iteration,gnmf,stage50,8000000,16,16777216,3,0.952361,6.320000,2505347199,1024025937,506,1.96518439351,0,1023856640,2,chunk,42,/workspace/data_dir/staging-main-20260927/gnmf-stage50-8000000-16-16777216-5-0-2-chunk-42.log
iteration,gnmf,stage50,8000000,16,16777216,4,0.950410,6.460000,2501763164,1022489509,506,1.97160169448,0,1023172608,2,chunk,42,/workspace/data_dir/staging-main-20260927/gnmf-stage50-8000000-16-16777216-5-0-2-chunk-42.log
iteration,gnmf,stage50,8000000,16,16777216,5,0.981160,6.460000,2505348161,1023513796,506,1.97070349023,0,1023434752,2,chunk,42,/workspace/data_dir/staging-main-20260927/gnmf-stage50-8000000-16-16777216-5-0-2-chunk-42.log
prepare,gnmf,stage50,8000000,16,16777216,0,0.370800,1.150000,0,1152555315,0,0.00000000000,0,1152602112,2,random,42,/workspace/data_dir/staging-main-20260927/gnmf-stage50-8000000-16-16777216-5-0-2-random-42.log
iteration,gnmf,stage50,8000000,16,16777216,1,1.333883,13.550000,7009633126,1020953106,504,1.93613703388,0,1020719104,2,random,42,/workspace/data_dir/staging-main-20260927/gnmf-stage50-8000000-16-16777216-5-0-2-random-42.log
iteration,gnmf,stage50,8000000,16,16777216,2,0.973432,6.690000,2652331716,1021593301,504,1.95312433548,0,1021313024,2,random,42,/workspace/data_dir/staging-main-20260927/gnmf-stage50-8000000-16-16777216-5-0-2-random-42.log
iteration,gnmf,stage50,8000000,16,16777216,3,0.956732,6.490000,2630822746,1024025967,504,1.96518439351,0,1023893504,2,random,42,/workspace/data_dir/staging-main-20260927/gnmf-stage50-8000000-16-16777216-5-0-2-random-42.log
iteration,gnmf,stage50,8000000,16,16777216,4,0.949493,6.480000,2642090805,1022873636,504,1.97160169448,0,1023102976,2,random,42,/workspace/data_dir/staging-main-20260927/gnmf-stage50-8000000-16-16777216-5-0-2-random-42.log
iteration,gnmf,stage50,8000000,16,16777216,5,0.938256,6.480000,2669233301,1021849354,504,1.97070349023,0,1022337024,2,random,42,/workspace/data_dir/staging-main-20260927/gnmf-stage50-8000000-16-16777216-5-0-2-random-42.log
prepare,gnmf,stagefifo50,1000000,16,16777216,0,0.377753,0.920000,0,1152074255,0,0.00000000000,0,1152118784,128,chunk,42,/workspace/data_dir/staging-main-20260927/gnmf-stagefifo50-1000000-16-16777216-5-0-128-chunk-42.log
iteration,gnmf,stagefifo50,1000000,16,16777216,1,0.696332,3.160000,2517713251,123938127,2000,126.279572979,0,123785216,128,chunk,42,/workspace/data_dir/staging-main-20260927/gnmf-stagefifo50-1000000-16-16777216-5-0-128-chunk-42.log
iteration,gnmf,stagefifo50,1000000,16,16777216,2,0.691153,3.120000,2518227093,125474545,2000,126.426001201,0,125476864,128,chunk,42,/workspace/data_dir/staging-main-20260927/gnmf-stagefifo50-1000000-16-16777216-5-0-128-chunk-42.log
iteration,gnmf,stagefifo50,1000000,16,16777216,3,0.685298,3.120000,2548187344,126498832,2000,126.533126305,0,126337024,128,chunk,42,/workspace/data_dir/staging-main-20260927/gnmf-stagefifo50-1000000-16-16777216-5-0-128-chunk-42.log
iteration,gnmf,stagefifo50,1000000,16,16777216,4,0.680181,3.070000,2538328631,126498832,2000,126.613814683,0,126783488,128,chunk,42,/workspace/data_dir/staging-main-20260927/gnmf-stagefifo50-1000000-16-16777216-5-0-128-chunk-42.log
iteration,gnmf,stagefifo50,1000000,16,16777216,5,0.685478,3.080000,2524116732,128419372,2000,126.676247836,0,128053248,128,chunk,42,/workspace/data_dir/staging-main-20260927/gnmf-stagefifo50-1000000-16-16777216-5-0-128-chunk-42.log
prepare,gnmf,stagefifo50,1000000,16,16777216,0,0.376665,0.940000,0,1152074255,0,0.00000000000,0,1152118784,128,random,42,/workspace/data_dir/staging-main-20260927/gnmf-stagefifo50-1000000-16-16777216-5-0-128-random-42.log
iteration,gnmf,stagefifo50,1000000,16,16777216,1,0.734792,3.660000,3020635718,124962404,2000,126.279572979,0,124694528,128,random,42,/workspace/data_dir/staging-main-20260927/gnmf-stagefifo50-1000000-16-16777216-5-0-128-random-42.log
iteration,gnmf,stagefifo50,1000000,16,16777216,2,0.683293,3.120000,2532439007,125474545,2000,126.426001201,0,125542400,128,random,42,/workspace/data_dir/staging-main-20260927/gnmf-stagefifo50-1000000-16-16777216-5-0-128-random-42.log
iteration,gnmf,stagefifo50,1000000,16,16777216,3,0.676608,3.100000,2541785341,125986686,2000,126.533126305,0,126476288,128,random,42,/workspace/data_dir/staging-main-20260927/gnmf-stagefifo50-1000000-16-16777216-5-0-128-random-42.log
iteration,gnmf,stagefifo50,1000000,16,16777216,4,0.667946,3.060000,2542041895,124450268,2000,126.613814683,0,124866560,128,random,42,/workspace/data_dir/staging-main-20260927/gnmf-stagefifo50-1000000-16-16777216-5-0-128-random-42.log
iteration,gnmf,stagefifo50,1000000,16,16777216,5,0.667930,3.060000,2530774565,127395085,2000,126.676247836,0,126873600,128,random,42,/workspace/data_dir/staging-main-20260927/gnmf-stagefifo50-1000000-16-16777216-5-0-128-random-42.log
prepare,gnmf,stagefifo50,8000000,16,16777216,0,0.355985,1.100000,0,1152555270,0,0.00000000000,0,1152602112,2,chunk,42,/workspace/data_dir/staging-main-20260927/gnmf-stagefifo50-8000000-16-16777216-5-0-2-chunk-42.log
iteration,gnmf,stagefifo50,8000000,16,16777216,1,0.979081,6.520000,2601636371,1019160590,504,1.93613703388,0,1019207680,2,chunk,42,/workspace/data_dir/staging-main-20260927/gnmf-stagefifo50-8000000-16-16777216-5-0-2-chunk-42.log
iteration,gnmf,stagefifo50,8000000,16,16777216,2,0.959777,5.990000,2291785354,1023769869,504,1.95312433548,0,1023938560,2,chunk,42,/workspace/data_dir/staging-main-20260927/gnmf-stagefifo50-8000000-16-16777216-5-0-2-chunk-42.log
iteration,gnmf,stagefifo50,8000000,16,16777216,3,0.937628,5.930000,2292299389,1024153976,504,1.96518439351,0,1024372736,2,chunk,42,/workspace/data_dir/staging-main-20260927/gnmf-stagefifo50-8000000-16-16777216-5-0-2-chunk-42.log
iteration,gnmf,stagefifo50,8000000,16,16777216,4,0.951964,5.950000,2293323681,1022361475,504,1.97160169448,0,1023328256,2,chunk,42,/workspace/data_dir/staging-main-20260927/gnmf-stagefifo50-8000000-16-16777216-5-0-2-chunk-42.log
iteration,gnmf,stagefifo50,8000000,16,16777216,5,1.211938,5.840000,2292810578,1021465227,504,1.97070349023,0,1021571072,2,chunk,42,/workspace/data_dir/staging-main-20260927/gnmf-stagefifo50-8000000-16-16777216-5-0-2-chunk-42.log
prepare,gnmf,stagefifo50,8000000,16,16777216,0,0.341882,1.130000,0,1152555270,0,0.00000000000,0,1152602112,2,random,42,/workspace/data_dir/staging-main-20260927/gnmf-stagefifo50-8000000-16-16777216-5-0-2-random-42.log
iteration,gnmf,stagefifo50,8000000,16,16777216,1,1.485198,15.840000,8076934860,1019672731,506,1.93613703388,0,1019731968,2,random,42,/workspace/data_dir/staging-main-20260927/gnmf-stagefifo50-8000000-16-16777216-5-0-2-random-42.log
iteration,gnmf,stagefifo50,8000000,16,16777216,2,0.890387,5.850000,2290759178,1023641840,506,1.95312433548,0,1023942656,2,random,42,/workspace/data_dir/staging-main-20260927/gnmf-stagefifo50-8000000-16-16777216-5-0-2-random-42.log
iteration,gnmf,stagefifo50,8000000,16,16777216,3,0.871076,5.720000,2291273223,1023257723,506,1.96518439351,0,1023844352,2,random,42,/workspace/data_dir/staging-main-20260927/gnmf-stagefifo50-8000000-16-16777216-5-0-2-random-42.log
iteration,gnmf,stagefifo50,8000000,16,16777216,4,0.910947,5.880000,2291273213,1022361475,506,1.97160169448,0,1022824448,2,random,42,/workspace/data_dir/staging-main-20260927/gnmf-stagefifo50-8000000-16-16777216-5-0-2-random-42.log
iteration,gnmf,stagefifo50,8000000,16,16777216,5,0.897153,5.860000,2292811550,1019800770,506,1.97070349023,0,1020174336,2,random,42,/workspace/data_dir/staging-main-20260927/gnmf-stagefifo50-8000000-16-16777216-5-0-2-random-42.log
prepare,gnmf,window,1000000,16,16777216,0,0.425731,1.050000,0,1152074470,0,0.00000000000,0,1152110592,128,chunk,42,/workspace/data_dir/staging-main-20260927/gnmf-window-1000000-16-16777216-5-0-128-chunk-42.log
iteration,gnmf,window,1000000,16,16777216,1,0.654911,3.070000,2488137572,125475970,2000,126.279572979,0,125235200,128,chunk,42,/workspace/data_dir/staging-main-20260927/gnmf-window-1000000-16-16777216-5-0-128-chunk-42.log
iteration,gnmf,window,1000000,16,16777216,2,0.719257,3.430000,2406199413,128164819,2000,126.426001201,0,128692224,128,chunk,42,/workspace/data_dir/staging-main-20260927/gnmf-window-1000000-16-16777216-5-0-128-chunk-42.log
iteration,gnmf,window,1000000,16,16777216,3,0.660686,3.190000,2405943530,127396470,2000,126.533126305,0,127385600,128,chunk,42,/workspace/data_dir/staging-main-20260927/gnmf-window-1000000-16-16777216-5-0-128-chunk-42.log
iteration,gnmf,window,1000000,16,16777216,4,0.645799,3.120000,2403894651,126500222,2000,126.613814683,0,127270912,128,chunk,42,/workspace/data_dir/staging-main-20260927/gnmf-window-1000000-16-16777216-5-0-128-chunk-42.log
iteration,gnmf,window,1000000,16,16777216,5,0.632321,3.050000,2393139923,128292763,2000,126.676247836,0,128135168,128,chunk,42,/workspace/data_dir/staging-main-20260927/gnmf-window-1000000-16-16777216-5-0-128-chunk-42.log
prepare,gnmf,window,1000000,16,16777216,0,0.363319,1.000000,0,1152077830,0,0.00000000000,0,1152131072,128,random,42,/workspace/data_dir/staging-main-20260927/gnmf-window-1000000-16-16777216-5-0-128-random-42.log
iteration,gnmf,window,1000000,16,16777216,1,0.745010,3.610000,2309407128,127014533,2000,126.279572979,0,126754816,128,random,42,/workspace/data_dir/staging-main-20260927/gnmf-window-1000000-16-16777216-5-0-128-random-42.log
iteration,gnmf,window,1000000,16,16777216,2,0.660662,3.300000,2290843629,125734133,2000,126.426001201,0,125857792,128,random,42,/workspace/data_dir/staging-main-20260927/gnmf-window-1000000-16-16777216-5-0-128-random-42.log
iteration,gnmf,window,1000000,16,16777216,3,0.644043,3.220000,2290843331,129319225,2000,126.533126305,0,129495040,128,random,42,/workspace/data_dir/staging-main-20260927/gnmf-window-1000000-16-16777216-5-0-128-random-42.log
iteration,gnmf,window,1000000,16,16777216,4,0.643375,3.220000,2290075653,126886574,2000,126.613814683,0,127025152,128,random,42,/workspace/data_dir/staging-main-20260927/gnmf-window-1000000-16-16777216-5-0-128-random-42.log
iteration,gnmf,window,1000000,16,16777216,5,0.661964,3.320000,2287770913,127910841,2000,126.676247836,0,128028672,128,random,42,/workspace/data_dir/staging-main-20260927/gnmf-window-1000000-16-16777216-5-0-128-random-42.log
prepare,gnmf,window,8000000,16,16777216,0,0.342556,1.260000,0,1152559295,0,0.00000000000,0,1152614400,2,chunk,42,/workspace/data_dir/staging-main-20260927/gnmf-window-8000000-16-16777216-5-0-2-chunk-42.log
iteration,gnmf,window,8000000,16,16777216,1,0.993359,6.250000,2295639893,1020570489,1412,1.93613703388,0,1020678144,2,chunk,42,/workspace/data_dir/staging-main-20260927/gnmf-window-8000000-16-16777216-5-0-2-chunk-42.log
iteration,gnmf,window,8000000,16,16777216,2,0.981259,6.030000,2318346391,1022234966,1412,1.95312433548,0,1023131648,2,chunk,42,/workspace/data_dir/staging-main-20260927/gnmf-window-8000000-16-16777216-5-0-2-chunk-42.log
iteration,gnmf,window,8000000,16,16777216,3,0.965187,5.980000,2319161264,1021978858,1412,1.96518439351,0,1021952000,2,chunk,42,/workspace/data_dir/staging-main-20260927/gnmf-window-8000000-16-16777216-5-0-2-chunk-42.log
iteration,gnmf,window,8000000,16,16777216,4,0.977412,6.080000,2314407862,1021978848,1412,1.97160169448,0,1021964288,2,chunk,42,/workspace/data_dir/staging-main-20260927/gnmf-window-8000000-16-16777216-5-0-2-chunk-42.log
iteration,gnmf,window,8000000,16,16777216,5,0.994463,6.130000,2320025632,1022490984,1412,1.97070349023,0,1022947328,2,chunk,42,/workspace/data_dir/staging-main-20260927/gnmf-window-8000000-16-16777216-5-0-2-chunk-42.log
prepare,gnmf,window,8000000,16,16777216,0,0.333750,1.480000,0,1152623725,0,0.00000000000,0,1152675840,2,random,42,/workspace/data_dir/staging-main-20260927/gnmf-window-8000000-16-16777216-5-0-2-random-42.log
iteration,gnmf,window,8000000,16,16777216,1,2.007713,11.760000,2312844093,1024183766,15954,1.93613703388,0,1024159744,2,random,42,/workspace/data_dir/staging-main-20260927/gnmf-window-8000000-16-16777216-5-0-2-random-42.log
iteration,gnmf,window,8000000,16,16777216,2,1.956948,11.510000,2294514076,1022903356,15954,1.95312433548,0,1022922752,2,random,42,/workspace/data_dir/staging-main-20260927/gnmf-window-8000000-16-16777216-5-0-2-random-42.log
iteration,gnmf,window,8000000,16,16777216,3,1.914819,11.290000,2294738582,1024439814,15954,1.96518439351,0,1024397312,2,random,42,/workspace/data_dir/staging-main-20260927/gnmf-window-8000000-16-16777216-5-0-2-random-42.log
iteration,gnmf,window,8000000,16,16777216,4,1.965263,11.480000,2295554898,1024567863,15954,1.97160169448,0,1024307200,2,random,42,/workspace/data_dir/staging-main-20260927/gnmf-window-8000000-16-16777216-5-0-2-random-42.log
iteration,gnmf,window,8000000,16,16777216,5,1.970434,11.370000,2296098864,1024183771,15954,1.97070349023,0,1024311296,2,random,42,/workspace/data_dir/staging-main-20260927/gnmf-window-8000000-16-16777216-5-0-2-random-42.log
prepare,kmeans,arrival,8000000,32,16777216,0,0.042150,0.170000,0,128273260,0,0.00000000000,0,128286720,2,chunk,42,/workspace/data_dir/staging-main-20260927/kmeans-arrival-8000000-32-16777216-5-0-2-chunk-42.log
iteration,kmeans,arrival,8000000,32,16777216,1,0.471375,1.880000,128273260,0,252,30.1581789199,0,0,2,chunk,42,/workspace/data_dir/staging-main-20260927/kmeans-arrival-8000000-32-16777216-5-0-2-chunk-42.log
iteration,kmeans,arrival,8000000,32,16777216,2,0.458288,1.830000,115959028,0,252,30.2767310209,0,0,2,chunk,42,/workspace/data_dir/staging-main-20260927/kmeans-arrival-8000000-32-16777216-5-0-2-chunk-42.log
iteration,kmeans,arrival,8000000,32,16777216,3,0.473313,1.880000,115959028,0,252,30.1920780924,0,0,2,chunk,42,/workspace/data_dir/staging-main-20260927/kmeans-arrival-8000000-32-16777216-5-0-2-chunk-42.log
iteration,kmeans,arrival,8000000,32,16777216,4,0.435332,1.720000,115959028,0,252,30.2825070128,0,0,2,chunk,42,/workspace/data_dir/staging-main-20260927/kmeans-arrival-8000000-32-16777216-5-0-2-chunk-42.log
iteration,kmeans,arrival,8000000,32,16777216,5,0.429728,1.690000,115959028,0,252,30.3193060979,0,0,2,chunk,42,/workspace/data_dir/staging-main-20260927/kmeans-arrival-8000000-32-16777216-5-0-2-chunk-42.log
prepare,kmeans,arrival,8000000,32,16777216,0,0.050372,0.180000,0,128273265,0,0.00000000000,0,128290816,2,random,42,/workspace/data_dir/staging-main-20260927/kmeans-arrival-8000000-32-16777216-5-0-2-random-42.log
iteration,kmeans,arrival,8000000,32,16777216,1,0.475008,1.890000,128273265,0,253,30.1581789199,0,32768,2,random,42,/workspace/data_dir/staging-main-20260927/kmeans-arrival-8000000-32-16777216-5-0-2-random-42.log
iteration,kmeans,arrival,8000000,32,16777216,2,0.440470,1.770000,116472126,0,253,30.2767310209,0,0,2,random,42,/workspace/data_dir/staging-main-20260927/kmeans-arrival-8000000-32-16777216-5-0-2-random-42.log
iteration,kmeans,arrival,8000000,32,16777216,3,0.434573,1.720000,115959033,0,253,30.1920780924,0,0,2,random,42,/workspace/data_dir/staging-main-20260927/kmeans-arrival-8000000-32-16777216-5-0-2-random-42.log
iteration,kmeans,arrival,8000000,32,16777216,4,0.439460,1.770000,115959033,0,253,30.2825070128,0,0,2,random,42,/workspace/data_dir/staging-main-20260927/kmeans-arrival-8000000-32-16777216-5-0-2-random-42.log
iteration,kmeans,arrival,8000000,32,16777216,5,0.451701,1.820000,115959033,0,253,30.3193060979,0,0,2,random,42,/workspace/data_dir/staging-main-20260927/kmeans-arrival-8000000-32-16777216-5-0-2-random-42.log
prepare,kmeans,stage50,8000000,32,16777216,0,0.054076,0.160000,0,128273265,0,0.00000000000,0,128286720,2,chunk,42,/workspace/data_dir/staging-main-20260927/kmeans-stage50-8000000-32-16777216-5-0-2-chunk-42.log
iteration,kmeans,stage50,8000000,32,16777216,1,0.452407,1.810000,128273265,0,253,30.1581789199,0,0,2,chunk,42,/workspace/data_dir/staging-main-20260927/kmeans-stage50-8000000-32-16777216-5-0-2-chunk-42.log
iteration,kmeans,stage50,8000000,32,16777216,2,0.426023,1.700000,115959033,0,253,30.2767310209,0,0,2,chunk,42,/workspace/data_dir/staging-main-20260927/kmeans-stage50-8000000-32-16777216-5-0-2-chunk-42.log
iteration,kmeans,stage50,8000000,32,16777216,3,0.418555,1.670000,115959033,0,253,30.1920780924,0,0,2,chunk,42,/workspace/data_dir/staging-main-20260927/kmeans-stage50-8000000-32-16777216-5-0-2-chunk-42.log
iteration,kmeans,stage50,8000000,32,16777216,4,0.434001,1.720000,115959033,0,253,30.2825070128,0,0,2,chunk,42,/workspace/data_dir/staging-main-20260927/kmeans-stage50-8000000-32-16777216-5-0-2-chunk-42.log
iteration,kmeans,stage50,8000000,32,16777216,5,0.424365,1.700000,115959033,0,253,30.3193060979,0,0,2,chunk,42,/workspace/data_dir/staging-main-20260927/kmeans-stage50-8000000-32-16777216-5-0-2-chunk-42.log
prepare,kmeans,stage50,8000000,32,16777216,0,0.058747,0.180000,0,128273265,0,0.00000000000,0,128286720,2,random,42,/workspace/data_dir/staging-main-20260927/kmeans-stage50-8000000-32-16777216-5-0-2-random-42.log
iteration,kmeans,stage50,8000000,32,16777216,1,0.443691,1.770000,128273265,0,253,30.1581789199,0,0,2,random,42,/workspace/data_dir/staging-main-20260927/kmeans-stage50-8000000-32-16777216-5-0-2-random-42.log
iteration,kmeans,stage50,8000000,32,16777216,2,0.437751,1.750000,115959033,0,253,30.2767310209,0,0,2,random,42,/workspace/data_dir/staging-main-20260927/kmeans-stage50-8000000-32-16777216-5-0-2-random-42.log
iteration,kmeans,stage50,8000000,32,16777216,3,0.427336,1.710000,116472126,0,253,30.1920780924,0,0,2,random,42,/workspace/data_dir/staging-main-20260927/kmeans-stage50-8000000-32-16777216-5-0-2-random-42.log
iteration,kmeans,stage50,8000000,32,16777216,4,0.432878,1.730000,115959033,0,253,30.2825070128,0,0,2,random,42,/workspace/data_dir/staging-main-20260927/kmeans-stage50-8000000-32-16777216-5-0-2-random-42.log
iteration,kmeans,stage50,8000000,32,16777216,5,0.428072,1.710000,115959033,0,253,30.3193060979,0,0,2,random,42,/workspace/data_dir/staging-main-20260927/kmeans-stage50-8000000-32-16777216-5-0-2-random-42.log
prepare,kmeans,stagefifo50,8000000,32,16777216,0,0.055793,0.160000,0,128273260,0,0.00000000000,0,128286720,2,chunk,42,/workspace/data_dir/staging-main-20260927/kmeans-stagefifo50-8000000-32-16777216-5-0-2-chunk-42.log
iteration,kmeans,stagefifo50,8000000,32,16777216,1,0.450597,1.810000,128273260,0,252,30.1581789199,0,0,2,chunk,42,/workspace/data_dir/staging-main-20260927/kmeans-stagefifo50-8000000-32-16777216-5-0-2-chunk-42.log
iteration,kmeans,stagefifo50,8000000,32,16777216,2,0.430810,1.700000,115959028,0,252,30.2767310209,0,0,2,chunk,42,/workspace/data_dir/staging-main-20260927/kmeans-stagefifo50-8000000-32-16777216-5-0-2-chunk-42.log
iteration,kmeans,stagefifo50,8000000,32,16777216,3,0.458266,1.840000,115959028,0,252,30.1920780924,0,0,2,chunk,42,/workspace/data_dir/staging-main-20260927/kmeans-stagefifo50-8000000-32-16777216-5-0-2-chunk-42.log
iteration,kmeans,stagefifo50,8000000,32,16777216,4,0.428993,1.710000,115959028,0,252,30.2825070128,0,0,2,chunk,42,/workspace/data_dir/staging-main-20260927/kmeans-stagefifo50-8000000-32-16777216-5-0-2-chunk-42.log
iteration,kmeans,stagefifo50,8000000,32,16777216,5,0.428395,1.720000,115959028,0,252,30.3193060979,0,0,2,chunk,42,/workspace/data_dir/staging-main-20260927/kmeans-stagefifo50-8000000-32-16777216-5-0-2-chunk-42.log
prepare,kmeans,stagefifo50,8000000,32,16777216,0,0.058879,0.170000,0,128273260,0,0.00000000000,0,128286720,2,random,42,/workspace/data_dir/staging-main-20260927/kmeans-stagefifo50-8000000-32-16777216-5-0-2-random-42.log
iteration,kmeans,stagefifo50,8000000,32,16777216,1,0.432024,1.720000,128273260,0,252,30.1581789199,0,0,2,random,42,/workspace/data_dir/staging-main-20260927/kmeans-stagefifo50-8000000-32-16777216-5-0-2-random-42.log
iteration,kmeans,stagefifo50,8000000,32,16777216,2,0.433003,1.740000,116472121,0,252,30.2767310209,0,0,2,random,42,/workspace/data_dir/staging-main-20260927/kmeans-stagefifo50-8000000-32-16777216-5-0-2-random-42.log
iteration,kmeans,stagefifo50,8000000,32,16777216,3,0.423246,1.690000,115959028,0,252,30.1920780924,0,0,2,random,42,/workspace/data_dir/staging-main-20260927/kmeans-stagefifo50-8000000-32-16777216-5-0-2-random-42.log
iteration,kmeans,stagefifo50,8000000,32,16777216,4,0.426472,1.720000,115959028,0,252,30.2825070128,0,0,2,random,42,/workspace/data_dir/staging-main-20260927/kmeans-stagefifo50-8000000-32-16777216-5-0-2-random-42.log
iteration,kmeans,stagefifo50,8000000,32,16777216,5,0.430578,1.720000,115959028,0,252,30.3193060979,0,0,2,random,42,/workspace/data_dir/staging-main-20260927/kmeans-stagefifo50-8000000-32-16777216-5-0-2-random-42.log
prepare,kmeans,window,8000000,32,16777216,0,0.041576,0.190000,0,128275530,0,0.00000000000,0,128294912,2,chunk,42,/workspace/data_dir/staging-main-20260927/kmeans-window-8000000-32-16777216-5-0-2-chunk-42.log
iteration,kmeans,window,8000000,32,16777216,1,0.469262,1.890000,128275530,0,706,30.1581789199,0,0,2,chunk,42,/workspace/data_dir/staging-main-20260927/kmeans-window-8000000-32-16777216-5-0-2-chunk-42.log
iteration,kmeans,window,8000000,32,16777216,2,0.454134,1.830000,116281768,0,706,30.2767310209,0,0,2,chunk,42,/workspace/data_dir/staging-main-20260927/kmeans-window-8000000-32-16777216-5-0-2-chunk-42.log
iteration,kmeans,window,8000000,32,16777216,3,0.454675,1.880000,116281768,0,706,30.1920780924,0,0,2,chunk,42,/workspace/data_dir/staging-main-20260927/kmeans-window-8000000-32-16777216-5-0-2-chunk-42.log
iteration,kmeans,window,8000000,32,16777216,4,0.447216,1.810000,116281768,0,706,30.2825070128,0,0,2,chunk,42,/workspace/data_dir/staging-main-20260927/kmeans-window-8000000-32-16777216-5-0-2-chunk-42.log
iteration,kmeans,window,8000000,32,16777216,5,0.441979,1.790000,116281768,0,706,30.3193060979,0,0,2,chunk,42,/workspace/data_dir/staging-main-20260927/kmeans-window-8000000-32-16777216-5-0-2-chunk-42.log
prepare,kmeans,window,8000000,32,16777216,0,0.043862,0.190000,0,128311880,0,0.00000000000,0,128331776,2,random,42,/workspace/data_dir/staging-main-20260927/kmeans-window-8000000-32-16777216-5-0-2-random-42.log
iteration,kmeans,window,8000000,32,16777216,1,0.887147,3.600000,128311880,0,7976,30.1581789199,0,0,2,random,42,/workspace/data_dir/staging-main-20260927/kmeans-window-8000000-32-16777216-5-0-2-random-42.log
iteration,kmeans,window,8000000,32,16777216,2,0.805198,3.280000,117886545,0,7976,30.2767310209,0,0,2,random,42,/workspace/data_dir/staging-main-20260927/kmeans-window-8000000-32-16777216-5-0-2-random-42.log
iteration,kmeans,window,8000000,32,16777216,3,0.818167,3.340000,117886545,0,7976,30.1920780924,0,0,2,random,42,/workspace/data_dir/staging-main-20260927/kmeans-window-8000000-32-16777216-5-0-2-random-42.log
iteration,kmeans,window,8000000,32,16777216,4,0.815741,3.310000,117870506,0,7976,30.2825070128,0,0,2,random,42,/workspace/data_dir/staging-main-20260927/kmeans-window-8000000-32-16777216-5-0-2-random-42.log
iteration,kmeans,window,8000000,32,16777216,5,0.798325,3.270000,117886545,0,7976,30.3193060979,0,0,2,random,42,/workspace/data_dir/staging-main-20260927/kmeans-window-8000000-32-16777216-5-0-2-random-42.log
prepare,lmcg,arrival,32000000,1,16777216,0,0.156757,0.630000,0,513093015,0,0.00000000000,0,513114112,2,chunk,42,/workspace/data_dir/staging-main-20260927/lmcg-arrival-32000000-1-16777216-5-0-2-chunk-42.log
iteration,lmcg,arrival,32000000,1,16777216,1,0.186666,0.760000,513093015,0,1003,910095.881322,0,0,2,chunk,42,/workspace/data_dir/staging-main-20260927/lmcg-arrival-32000000-1-16777216-5-0-2-chunk-42.log
iteration,lmcg,arrival,32000000,1,16777216,2,0.180188,0.740000,501804969,0,1003,910095.881322,0,0,2,chunk,42,/workspace/data_dir/staging-main-20260927/lmcg-arrival-32000000-1-16777216-5-0-2-chunk-42.log
iteration,lmcg,arrival,32000000,1,16777216,3,0.182212,0.740000,501804969,0,1003,910095.881322,0,0,2,chunk,42,/workspace/data_dir/staging-main-20260927/lmcg-arrival-32000000-1-16777216-5-0-2-chunk-42.log
iteration,lmcg,arrival,32000000,1,16777216,4,0.177419,0.730000,501804969,0,1003,910095.881322,0,0,2,chunk,42,/workspace/data_dir/staging-main-20260927/lmcg-arrival-32000000-1-16777216-5-0-2-chunk-42.log
iteration,lmcg,arrival,32000000,1,16777216,5,0.179400,0.740000,502318062,0,1003,910095.881322,0,0,2,chunk,42,/workspace/data_dir/staging-main-20260927/lmcg-arrival-32000000-1-16777216-5-0-2-chunk-42.log
prepare,lmcg,arrival,32000000,1,16777216,0,0.160598,0.610000,0,513093010,0,0.00000000000,0,513114112,2,random,42,/workspace/data_dir/staging-main-20260927/lmcg-arrival-32000000-1-16777216-5-0-2-random-42.log
iteration,lmcg,arrival,32000000,1,16777216,1,0.185942,0.760000,513093010,0,1002,910095.881322,0,0,2,random,42,/workspace/data_dir/staging-main-20260927/lmcg-arrival-32000000-1-16777216-5-0-2-random-42.log
iteration,lmcg,arrival,32000000,1,16777216,2,0.176006,0.720000,501804964,0,1002,910095.881322,0,0,2,random,42,/workspace/data_dir/staging-main-20260927/lmcg-arrival-32000000-1-16777216-5-0-2-random-42.log
iteration,lmcg,arrival,32000000,1,16777216,3,0.174284,0.710000,501804964,0,1002,910095.881322,0,0,2,random,42,/workspace/data_dir/staging-main-20260927/lmcg-arrival-32000000-1-16777216-5-0-2-random-42.log
iteration,lmcg,arrival,32000000,1,16777216,4,0.181451,0.750000,501804964,0,1002,910095.881322,0,0,2,random,42,/workspace/data_dir/staging-main-20260927/lmcg-arrival-32000000-1-16777216-5-0-2-random-42.log
iteration,lmcg,arrival,32000000,1,16777216,5,0.188751,0.770000,501804964,0,1002,910095.881322,0,0,2,random,42,/workspace/data_dir/staging-main-20260927/lmcg-arrival-32000000-1-16777216-5-0-2-random-42.log
prepare,lmcg,stage50,32000000,1,16777216,0,0.186298,0.640000,0,513093010,0,0.00000000000,0,513114112,2,chunk,42,/workspace/data_dir/staging-main-20260927/lmcg-stage50-32000000-1-16777216-5-0-2-chunk-42.log
iteration,lmcg,stage50,32000000,1,16777216,1,0.203770,0.830000,513093010,0,1002,910095.881322,0,0,2,chunk,42,/workspace/data_dir/staging-main-20260927/lmcg-stage50-32000000-1-16777216-5-0-2-chunk-42.log
iteration,lmcg,stage50,32000000,1,16777216,2,0.190190,0.770000,501804964,0,1002,910095.881322,0,0,2,chunk,42,/workspace/data_dir/staging-main-20260927/lmcg-stage50-32000000-1-16777216-5-0-2-chunk-42.log
iteration,lmcg,stage50,32000000,1,16777216,3,0.182108,0.740000,502318057,0,1002,910095.881322,0,0,2,chunk,42,/workspace/data_dir/staging-main-20260927/lmcg-stage50-32000000-1-16777216-5-0-2-chunk-42.log
iteration,lmcg,stage50,32000000,1,16777216,4,0.179236,0.730000,502318057,0,1002,910095.881322,0,0,2,chunk,42,/workspace/data_dir/staging-main-20260927/lmcg-stage50-32000000-1-16777216-5-0-2-chunk-42.log
iteration,lmcg,stage50,32000000,1,16777216,5,0.176160,0.710000,501804964,0,1002,910095.881322,0,0,2,chunk,42,/workspace/data_dir/staging-main-20260927/lmcg-stage50-32000000-1-16777216-5-0-2-chunk-42.log
prepare,lmcg,stage50,32000000,1,16777216,0,0.194075,0.820000,0,513093060,0,0.00000000000,12288,513110016,2,random,42,/workspace/data_dir/staging-main-20260927/lmcg-stage50-32000000-1-16777216-5-0-2-random-42.log
iteration,lmcg,stage50,32000000,1,16777216,1,0.215364,0.740000,513093060,0,1012,910095.881322,77824,0,2,random,42,/workspace/data_dir/staging-main-20260927/lmcg-stage50-32000000-1-16777216-5-0-2-random-42.log
iteration,lmcg,stage50,32000000,1,16777216,2,0.184475,0.750000,501805014,0,1012,910095.881322,0,0,2,random,42,/workspace/data_dir/staging-main-20260927/lmcg-stage50-32000000-1-16777216-5-0-2-random-42.log
iteration,lmcg,stage50,32000000,1,16777216,3,0.192051,0.980000,501805014,0,1012,910095.881322,0,0,2,random,42,/workspace/data_dir/staging-main-20260927/lmcg-stage50-32000000-1-16777216-5-0-2-random-42.log
iteration,lmcg,stage50,32000000,1,16777216,4,0.183677,0.780000,501805014,0,1012,910095.881322,0,0,2,random,42,/workspace/data_dir/staging-main-20260927/lmcg-stage50-32000000-1-16777216-5-0-2-random-42.log
iteration,lmcg,stage50,32000000,1,16777216,5,0.190375,0.780000,501805014,0,1012,910095.881322,0,0,2,random,42,/workspace/data_dir/staging-main-20260927/lmcg-stage50-32000000-1-16777216-5-0-2-random-42.log
prepare,lmcg,stagefifo50,32000000,1,16777216,0,0.176974,0.630000,0,513093010,0,0.00000000000,0,513122304,2,chunk,42,/workspace/data_dir/staging-main-20260927/lmcg-stagefifo50-32000000-1-16777216-5-0-2-chunk-42.log
iteration,lmcg,stagefifo50,32000000,1,16777216,1,0.173188,0.710000,513093010,0,1002,910095.881322,0,0,2,chunk,42,/workspace/data_dir/staging-main-20260927/lmcg-stagefifo50-32000000-1-16777216-5-0-2-chunk-42.log
iteration,lmcg,stagefifo50,32000000,1,16777216,2,0.180834,0.730000,501804964,0,1002,910095.881322,0,0,2,chunk,42,/workspace/data_dir/staging-main-20260927/lmcg-stagefifo50-32000000-1-16777216-5-0-2-chunk-42.log
iteration,lmcg,stagefifo50,32000000,1,16777216,3,0.172482,0.710000,501804964,0,1002,910095.881322,0,0,2,chunk,42,/workspace/data_dir/staging-main-20260927/lmcg-stagefifo50-32000000-1-16777216-5-0-2-chunk-42.log
iteration,lmcg,stagefifo50,32000000,1,16777216,4,0.181170,0.740000,501804964,0,1002,910095.881322,0,0,2,chunk,42,/workspace/data_dir/staging-main-20260927/lmcg-stagefifo50-32000000-1-16777216-5-0-2-chunk-42.log
iteration,lmcg,stagefifo50,32000000,1,16777216,5,0.175879,0.720000,501804964,0,1002,910095.881322,0,0,2,chunk,42,/workspace/data_dir/staging-main-20260927/lmcg-stagefifo50-32000000-1-16777216-5-0-2-chunk-42.log
prepare,lmcg,stagefifo50,32000000,1,16777216,0,0.183695,0.650000,0,513093005,0,0.00000000000,0,513114112,2,random,42,/workspace/data_dir/staging-main-20260927/lmcg-stagefifo50-32000000-1-16777216-5-0-2-random-42.log
iteration,lmcg,stagefifo50,32000000,1,16777216,1,0.187561,0.800000,513093005,0,1001,910095.881322,0,0,2,random,42,/workspace/data_dir/staging-main-20260927/lmcg-stagefifo50-32000000-1-16777216-5-0-2-random-42.log
iteration,lmcg,stagefifo50,32000000,1,16777216,2,0.183233,0.750000,501804959,0,1001,910095.881322,0,0,2,random,42,/workspace/data_dir/staging-main-20260927/lmcg-stagefifo50-32000000-1-16777216-5-0-2-random-42.log
iteration,lmcg,stagefifo50,32000000,1,16777216,3,0.188553,0.770000,501804959,0,1001,910095.881322,0,0,2,random,42,/workspace/data_dir/staging-main-20260927/lmcg-stagefifo50-32000000-1-16777216-5-0-2-random-42.log
iteration,lmcg,stagefifo50,32000000,1,16777216,4,0.177711,0.730000,501804959,0,1001,910095.881322,0,0,2,random,42,/workspace/data_dir/staging-main-20260927/lmcg-stagefifo50-32000000-1-16777216-5-0-2-random-42.log
iteration,lmcg,stagefifo50,32000000,1,16777216,5,0.180059,0.740000,501804959,0,1001,910095.881322,0,0,2,random,42,/workspace/data_dir/staging-main-20260927/lmcg-stagefifo50-32000000-1-16777216-5-0-2-random-42.log
prepare,lmcg,window,32000000,1,16777216,0,0.155247,0.640000,0,513102120,0,0.00000000000,0,513118208,2,chunk,42,/workspace/data_dir/staging-main-20260927/lmcg-window-32000000-1-16777216-5-0-2-chunk-42.log
iteration,lmcg,window,32000000,1,16777216,1,0.279872,1.150000,513102120,0,2824,910095.881322,0,0,2,chunk,42,/workspace/data_dir/staging-main-20260927/lmcg-window-32000000-1-16777216-5-0-2-chunk-42.log
iteration,lmcg,window,32000000,1,16777216,2,0.272906,1.130000,501461116,0,2824,910095.881322,0,0,2,chunk,42,/workspace/data_dir/staging-main-20260927/lmcg-window-32000000-1-16777216-5-0-2-chunk-42.log
iteration,lmcg,window,32000000,1,16777216,3,0.264022,1.080000,501653529,0,2824,910095.881322,0,0,2,chunk,42,/workspace/data_dir/staging-main-20260927/lmcg-window-32000000-1-16777216-5-0-2-chunk-42.log
iteration,lmcg,window,32000000,1,16777216,4,0.283735,1.160000,501653529,0,2824,910095.881322,0,0,2,chunk,42,/workspace/data_dir/staging-main-20260927/lmcg-window-32000000-1-16777216-5-0-2-chunk-42.log
iteration,lmcg,window,32000000,1,16777216,5,0.274075,1.120000,501653529,0,2824,910095.881322,0,0,2,chunk,42,/workspace/data_dir/staging-main-20260927/lmcg-window-32000000-1-16777216-5-0-2-chunk-42.log
prepare,lmcg,window,32000000,1,16777216,0,0.162430,0.740000,0,513247850,0,0.00000000000,0,513261568,2,random,42,/workspace/data_dir/staging-main-20260927/lmcg-window-32000000-1-16777216-5-0-2-random-42.log
iteration,lmcg,window,32000000,1,16777216,1,1.588935,6.540000,513247850,0,31970,910095.881322,0,0,2,random,42,/workspace/data_dir/staging-main-20260927/lmcg-window-32000000-1-16777216-5-0-2-random-42.log
iteration,lmcg,window,32000000,1,16777216,2,1.476845,6.120000,505869910,0,31970,910095.881322,0,0,2,random,42,/workspace/data_dir/staging-main-20260927/lmcg-window-32000000-1-16777216-5-0-2-random-42.log
iteration,lmcg,window,32000000,1,16777216,3,1.597672,6.590000,505789715,0,31970,910095.881322,0,0,2,random,42,/workspace/data_dir/staging-main-20260927/lmcg-window-32000000-1-16777216-5-0-2-random-42.log
iteration,lmcg,window,32000000,1,16777216,4,1.558025,6.450000,505773676,0,31970,910095.881322,0,0,2,random,42,/workspace/data_dir/staging-main-20260927/lmcg-window-32000000-1-16777216-5-0-2-random-42.log
iteration,lmcg,window,32000000,1,16777216,5,1.626790,6.570000,505805754,0,31970,910095.881322,0,0,2,random,42,/workspace/data_dir/staging-main-20260927/lmcg-window-32000000-1-16777216-5-0-2-random-42.log
prepare,gnmf,arrival,1000000,16,4194304,0,0.098404,0.160000,0,144069420,0,0.00000000000,0,144097280,2,random,73,/workspace/data_dir/staging-controls-20260927/gnmf-arrival-1000000-16-4194304-5-0-2-random-73.log
iteration,gnmf,arrival,1000000,16,4194304,1,0.197606,1.460000,775440062,125218477,66,1.93613014440,0,125505536,2,random,73,/workspace/data_dir/staging-controls-20260927/gnmf-arrival-1000000-16-4194304-5-0-2-random-73.log
iteration,gnmf,arrival,1000000,16,4194304,2,0.163888,0.800000,284039808,127267046,66,1.95311745688,0,127250432,2,random,73,/workspace/data_dir/staging-controls-20260927/gnmf-arrival-1000000-16-4194304-5-0-2-random-73.log
iteration,gnmf,arrival,1000000,16,4194304,3,0.151707,0.780000,283528619,126498832,66,1.96517756346,0,127045632,2,random,73,/workspace/data_dir/staging-controls-20260927/gnmf-arrival-1000000-16-4194304-5-0-2-random-73.log
iteration,gnmf,arrival,1000000,16,4194304,4,0.153973,0.800000,284039808,126498832,66,1.97159488299,0,126545920,2,random,73,/workspace/data_dir/staging-controls-20260927/gnmf-arrival-1000000-16-4194304-5-0-2-random-73.log
iteration,gnmf,arrival,1000000,16,4194304,5,0.151589,0.780000,283528619,126498832,66,1.97069666815,0,127041536,2,random,73,/workspace/data_dir/staging-controls-20260927/gnmf-arrival-1000000-16-4194304-5-0-2-random-73.log
prepare,gnmf,arrival,2000000,16,16777216,0,0.099323,0.300000,0,288138830,0,0.00000000000,0,288165888,2,ordered,73,/workspace/data_dir/staging-controls-20260927/gnmf-arrival-2000000-16-16777216-5-0-2-ordered-73.log
iteration,gnmf,arrival,2000000,16,16777216,1,0.227617,1.530000,592661412,249924808,128,1.93613433200,0,249696256,2,ordered,73,/workspace/data_dir/staging-controls-20260927/gnmf-arrival-2000000-16-16777216-5-0-2-ordered-73.log
iteration,gnmf,arrival,2000000,16,16777216,2,0.229418,1.560000,558342243,252229445,128,1.95312156413,0,251695104,2,ordered,73,/workspace/data_dir/staging-controls-20260927/gnmf-arrival-2000000-16-16777216-5-0-2-ordered-73.log
iteration,gnmf,arrival,2000000,16,16777216,3,0.236970,1.570000,559367477,252997659,128,1.96518156449,0,252964864,2,ordered,73,/workspace/data_dir/staging-controls-20260927/gnmf-arrival-2000000-16-16777216-5-0-2-ordered-73.log
iteration,gnmf,arrival,2000000,16,16777216,4,0.238124,1.610000,558853432,252485513,128,1.97159882534,0,252542976,2,ordered,73,/workspace/data_dir/staging-controls-20260927/gnmf-arrival-2000000-16-16777216-5-0-2-ordered-73.log
iteration,gnmf,arrival,2000000,16,16777216,5,0.220666,1.490000,559366525,251973377,128,1.97070061719,0,251805696,2,ordered,73,/workspace/data_dir/staging-controls-20260927/gnmf-arrival-2000000-16-16777216-5-0-2-ordered-73.log
prepare,gnmf,arrival,2000000,16,16777216,0,0.099704,0.310000,0,288138825,0,0.00000000000,0,288161792,2,random,73,/workspace/data_dir/staging-controls-20260927/gnmf-arrival-2000000-16-16777216-5-0-2-random-73.log
iteration,gnmf,arrival,2000000,16,16777216,1,0.364890,3.110000,1741904859,250436949,126,1.93613433200,0,250482688,2,random,73,/workspace/data_dir/staging-controls-20260927/gnmf-arrival-2000000-16-16777216-5-0-2-random-73.log
iteration,gnmf,arrival,2000000,16,16777216,2,0.229957,1.560000,557830092,252229445,126,1.95312156413,0,252297216,2,random,73,/workspace/data_dir/staging-controls-20260927/gnmf-arrival-2000000-16-16777216-5-0-2-random-73.log
iteration,gnmf,arrival,2000000,16,16777216,3,0.224194,1.510000,559879608,252485513,126,1.96518156449,0,252571648,2,random,73,/workspace/data_dir/staging-controls-20260927/gnmf-arrival-2000000-16-16777216-5-0-2-random-73.log
iteration,gnmf,arrival,2000000,16,16777216,4,0.245206,1.590000,561416031,252741586,126,1.97159882534,0,252649472,2,random,73,/workspace/data_dir/staging-controls-20260927/gnmf-arrival-2000000-16-16777216-5-0-2-random-73.log
iteration,gnmf,arrival,2000000,16,16777216,5,0.257098,1.560000,558854374,250693022,126,1.97070061719,0,250925056,2,random,73,/workspace/data_dir/staging-controls-20260927/gnmf-arrival-2000000-16-16777216-5-0-2-random-73.log
prepare,gnmf,arrival,2000000,16,16777216,0,0.096751,0.400000,0,288138835,0,0.00000000000,0,288161792,2,window256,73,/workspace/data_dir/staging-controls-20260927/gnmf-arrival-2000000-16-16777216-5-0-2-window256-73.log
iteration,gnmf,arrival,2000000,16,16777216,1,0.235762,1.850000,762179141,251461231,130,1.93613433200,0,251269120,2,window256,73,/workspace/data_dir/staging-controls-20260927/gnmf-arrival-2000000-16-16777216-5-0-2-window256-73.log
iteration,gnmf,arrival,2000000,16,16777216,2,0.225460,1.520000,560902958,252229445,130,1.95312156413,0,252026880,2,window256,73,/workspace/data_dir/staging-controls-20260927/gnmf-arrival-2000000-16-16777216-5-0-2-window256-73.log
iteration,gnmf,arrival,2000000,16,16777216,3,0.223660,1.550000,560904862,251717304,130,1.96518156449,0,251449344,2,window256,73,/workspace/data_dir/staging-controls-20260927/gnmf-arrival-2000000-16-16777216-5-0-2-window256-73.log
iteration,gnmf,arrival,2000000,16,16777216,4,0.212228,1.450000,559365583,251973377,130,1.97159882534,0,252272640,2,window256,73,/workspace/data_dir/staging-controls-20260927/gnmf-arrival-2000000-16-16777216-5-0-2-window256-73.log
iteration,gnmf,arrival,2000000,16,16777216,5,0.220525,1.460000,559366535,251205163,130,1.97070061719,0,251523072,2,window256,73,/workspace/data_dir/staging-controls-20260927/gnmf-arrival-2000000-16-16777216-5-0-2-window256-73.log
prepare,gnmf,arrival,2000000,64,16777216,0,0.413612,1.170000,0,1056146325,0,0.00000000000,0,1056198656,2,random,73,/workspace/data_dir/staging-controls-20260927/gnmf-arrival-2000000-64-16777216-5-0-2-random-73.log
iteration,gnmf,arrival,2000000,64,16777216,1,1.260701,8.230000,2103583771,1020493727,130,1.95977829122,32768,1020571648,2,random,73,/workspace/data_dir/staging-controls-20260927/gnmf-arrival-2000000-64-16777216-5-0-2-random-73.log
iteration,gnmf,arrival,2000000,64,16777216,2,1.389690,8.120000,2098973312,1018957610,130,1.98813912930,127012864,1019527168,2,random,73,/workspace/data_dir/staging-controls-20260927/gnmf-arrival-2000000-64-16777216-5-0-2-random-73.log
iteration,gnmf,arrival,2000000,64,16777216,3,1.359305,9.100000,2099485351,1020493727,130,2.00435335840,561651712,1020973056,2,random,73,/workspace/data_dir/staging-controls-20260927/gnmf-arrival-2000000-64-16777216-5-0-2-random-73.log
iteration,gnmf,arrival,2000000,64,16777216,4,1.379262,9.310000,2099999498,1022541883,130,2.00851017321,251420672,1022406656,2,random,73,/workspace/data_dir/staging-controls-20260927/gnmf-arrival-2000000-64-16777216-5-0-2-random-73.log
iteration,gnmf,arrival,2000000,64,16777216,5,1.220769,8.270000,2096925156,1018957610,130,2.00343993532,3366912,1019572224,2,random,73,/workspace/data_dir/staging-controls-20260927/gnmf-arrival-2000000-64-16777216-5-0-2-random-73.log
prepare,gnmf,stage16,2000000,16,16777216,0,0.111354,0.310000,0,288138830,0,0.00000000000,0,288161792,2,ordered,73,/workspace/data_dir/staging-controls-20260927/gnmf-stage16-2000000-16-16777216-5-0-2-ordered-73.log
iteration,gnmf,stage16,2000000,16,16777216,1,0.247235,1.640000,630557942,250436949,130,1.93613433200,0,250167296,2,ordered,73,/workspace/data_dir/staging-controls-20260927/gnmf-stage16-2000000-16-16777216-5-0-2-ordered-73.log
iteration,gnmf,stage16,2000000,16,16777216,2,0.225201,1.570000,601618170,255814442,130,1.95312156413,0,256548864,2,ordered,73,/workspace/data_dir/staging-controls-20260927/gnmf-stage16-2000000-16-16777216-5-0-2-ordered-73.log
iteration,gnmf,stage16,2000000,16,16777216,3,0.240886,1.540000,575753153,252485513,130,1.96518156449,0,253161472,2,ordered,73,/workspace/data_dir/staging-controls-20260927/gnmf-stage16-2000000-16-16777216-5-0-2-ordered-73.log
iteration,gnmf,stage16,2000000,16,16777216,4,0.243227,1.520000,576779329,253381766,130,1.97159882534,0,254124032,2,ordered,73,/workspace/data_dir/staging-controls-20260927/gnmf-stage16-2000000-16-16777216-5-0-2-ordered-73.log
iteration,gnmf,stage16,2000000,16,16777216,5,0.245595,1.600000,587535252,252997654,130,1.97070061719,0,253333504,2,ordered,73,/workspace/data_dir/staging-controls-20260927/gnmf-stage16-2000000-16-16777216-5-0-2-ordered-73.log
prepare,gnmf,stage16,2000000,16,16777216,0,0.100011,0.350000,0,288138835,0,0.00000000000,0,288161792,2,random,73,/workspace/data_dir/staging-controls-20260927/gnmf-stage16-2000000-16-16777216-5-0-2-random-73.log
iteration,gnmf,stage16,2000000,16,16777216,1,0.418170,3.580000,1559582683,251461231,130,1.93613433200,0,251531264,2,random,73,/workspace/data_dir/staging-controls-20260927/gnmf-stage16-2000000-16-16777216-5-0-2-random-73.log
iteration,gnmf,stage16,2000000,16,16777216,2,0.225289,1.600000,605972318,253509800,130,1.95312156413,0,254107648,2,random,73,/workspace/data_dir/staging-controls-20260927/gnmf-stage16-2000000-16-16777216-5-0-2-random-73.log
iteration,gnmf,stage16,2000000,16,16777216,3,0.222248,1.580000,599311629,252997654,130,1.96518156449,0,253546496,2,random,73,/workspace/data_dir/staging-controls-20260927/gnmf-stage16-2000000-16-16777216-5-0-2-random-73.log
iteration,gnmf,stage16,2000000,16,16777216,4,0.230700,1.630000,619797279,252485518,130,1.97159882534,0,253100032,2,random,73,/workspace/data_dir/staging-controls-20260927/gnmf-stage16-2000000-16-16777216-5-0-2-random-73.log
iteration,gnmf,stage16,2000000,16,16777216,5,0.239442,1.630000,597265931,252997654,130,1.97070061719,0,253558784,2,random,73,/workspace/data_dir/staging-controls-20260927/gnmf-stage16-2000000-16-16777216-5-0-2-random-73.log
prepare,gnmf,stage16,2000000,16,16777216,0,0.107760,0.310000,0,288138835,0,0.00000000000,0,288165888,2,window256,73,/workspace/data_dir/staging-controls-20260927/gnmf-stage16-2000000-16-16777216-5-0-2-window256-73.log
iteration,gnmf,stage16,2000000,16,16777216,1,0.324238,2.760000,1248200950,251461231,130,1.93613433200,0,250945536,2,window256,73,/workspace/data_dir/staging-controls-20260927/gnmf-stage16-2000000-16-16777216-5-0-2-window256-73.log
iteration,gnmf,stage16,2000000,16,16777216,2,0.228754,1.530000,598287347,254021941,130,1.95312156413,0,253714432,2,window256,73,/workspace/data_dir/staging-controls-20260927/gnmf-stage16-2000000-16-16777216-5-0-2-window256-73.log
iteration,gnmf,stage16,2000000,16,16777216,3,0.237396,1.610000,621334644,254021941,130,1.96518156449,0,254537728,2,window256,73,/workspace/data_dir/staging-controls-20260927/gnmf-stage16-2000000-16-16777216-5-0-2-window256-73.log
iteration,gnmf,stage16,2000000,16,16777216,4,0.244840,1.660000,624921535,254406043,130,1.97159882534,0,254373888,2,window256,73,/workspace/data_dir/staging-controls-20260927/gnmf-stage16-2000000-16-16777216-5-0-2-window256-73.log
iteration,gnmf,stage16,2000000,16,16777216,5,0.234505,1.570000,609044212,254021941,130,1.97070061719,0,255131648,2,window256,73,/workspace/data_dir/staging-controls-20260927/gnmf-stage16-2000000-16-16777216-5-0-2-window256-73.log
prepare,gnmf,stage4,2000000,16,16777216,0,0.119280,0.360000,0,288138835,0,0.00000000000,0,288157696,2,ordered,73,/workspace/data_dir/staging-controls-20260927/gnmf-stage4-2000000-16-16777216-5-0-2-ordered-73.log
iteration,gnmf,stage4,2000000,16,16777216,1,0.272778,1.560000,603414479,249924808,130,1.93613433200,0,249954304,2,ordered,73,/workspace/data_dir/staging-controls-20260927/gnmf-stage4-2000000-16-16777216-5-0-2-ordered-73.log
iteration,gnmf,stage4,2000000,16,16777216,2,0.267160,1.600000,564488897,252997659,130,1.95312156413,0,253075456,2,ordered,73,/workspace/data_dir/staging-controls-20260927/gnmf-stage4-2000000-16-16777216-5-0-2-ordered-73.log
iteration,gnmf,stage4,2000000,16,16777216,3,0.257969,1.590000,568073894,254021946,130,1.96518156449,0,253886464,2,ordered,73,/workspace/data_dir/staging-controls-20260927/gnmf-stage4-2000000-16-16777216-5-0-2-ordered-73.log
iteration,gnmf,stage4,2000000,16,16777216,4,0.278282,1.630000,562438429,252997654,130,1.97159882534,0,252944384,2,ordered,73,/workspace/data_dir/staging-controls-20260927/gnmf-stage4-2000000-16-16777216-5-0-2-ordered-73.log
iteration,gnmf,stage4,2000000,16,16777216,5,0.257640,1.560000,564999134,252485518,130,1.97070061719,0,252592128,2,ordered,73,/workspace/data_dir/staging-controls-20260927/gnmf-stage4-2000000-16-16777216-5-0-2-ordered-73.log
prepare,gnmf,stage4,2000000,16,16777216,0,0.101678,0.310000,0,288138835,0,0.00000000000,0,288157696,2,random,73,/workspace/data_dir/staging-controls-20260927/gnmf-stage4-2000000-16-16777216-5-0-2-random-73.log
iteration,gnmf,stage4,2000000,16,16777216,1,0.335939,3.150000,1707592379,249412667,130,1.93613433200,0,249442304,2,random,73,/workspace/data_dir/staging-controls-20260927/gnmf-stage4-2000000-16-16777216-5-0-2-random-73.log
iteration,gnmf,stage4,2000000,16,16777216,2,0.263520,1.600000,563461769,254790160,130,1.95312156413,0,254652416,2,random,73,/workspace/data_dir/staging-controls-20260927/gnmf-stage4-2000000-16-16777216-5-0-2-random-73.log
iteration,gnmf,stage4,2000000,16,16777216,3,0.248048,1.560000,561926288,251717309,130,1.96518156449,0,252035072,2,random,73,/workspace/data_dir/staging-controls-20260927/gnmf-stage4-2000000-16-16777216-5-0-2-random-73.log
iteration,gnmf,stage4,2000000,16,16777216,4,0.252044,1.620000,562438439,251973372,130,1.97159882534,0,252653568,2,random,73,/workspace/data_dir/staging-controls-20260927/gnmf-stage4-2000000-16-16777216-5-0-2-random-73.log
iteration,gnmf,stage4,2000000,16,16777216,5,0.249312,1.580000,561926288,250949090,130,1.97070061719,0,250875904,2,random,73,/workspace/data_dir/staging-controls-20260927/gnmf-stage4-2000000-16-16777216-5-0-2-random-73.log
prepare,gnmf,stage4,2000000,16,16777216,0,0.113062,0.350000,0,288138835,0,0.00000000000,0,288161792,2,window256,73,/workspace/data_dir/staging-controls-20260927/gnmf-stage4-2000000-16-16777216-5-0-2-window256-73.log
iteration,gnmf,stage4,2000000,16,16777216,1,0.284094,1.950000,870240892,249924808,130,1.93613433200,0,249638912,2,window256,73,/workspace/data_dir/staging-controls-20260927/gnmf-stage4-2000000-16-16777216-5-0-2-window256-73.log
iteration,gnmf,stage4,2000000,16,16777216,2,0.233489,1.610000,571657929,251461241,130,1.95312156413,0,251543552,2,window256,73,/workspace/data_dir/staging-controls-20260927/gnmf-stage4-2000000-16-16777216-5-0-2-window256-73.log
iteration,gnmf,stage4,2000000,16,16777216,3,0.238185,1.580000,569609355,252997659,130,1.96518156449,0,252776448,2,window256,73,/workspace/data_dir/staging-controls-20260927/gnmf-stage4-2000000-16-16777216-5-0-2-window256-73.log
iteration,gnmf,stage4,2000000,16,16777216,4,0.267968,1.620000,576779329,252101416,130,1.97159882534,0,252882944,2,window256,73,/workspace/data_dir/staging-controls-20260927/gnmf-stage4-2000000-16-16777216-5-0-2-window256-73.log
iteration,gnmf,stage4,2000000,16,16777216,5,0.261132,1.600000,569097214,250436949,130,1.97070061719,0,250925056,2,window256,73,/workspace/data_dir/staging-controls-20260927/gnmf-stage4-2000000-16-16777216-5-0-2-window256-73.log
prepare,gnmf,stage50,1000000,16,4194304,0,0.111387,0.180000,0,144069415,0,0.00000000000,0,144097280,2,random,73,/workspace/data_dir/staging-controls-20260927/gnmf-stage50-1000000-16-4194304-5-0-2-random-73.log
iteration,gnmf,stage50,1000000,16,4194304,1,0.233128,1.100000,523722738,126626866,64,1.93613014440,0,127078400,2,random,73,/workspace/data_dir/staging-controls-20260927/gnmf-stage50-1000000-16-4194304-5-0-2-random-73.log
iteration,gnmf,stage50,1000000,16,4194304,2,0.183924,0.880000,375711133,126370793,64,1.95311745688,0,126517248,2,random,73,/workspace/data_dir/staging-controls-20260927/gnmf-stage50-1000000-16-4194304-5-0-2-random-73.log
iteration,gnmf,stage50,1000000,16,4194304,3,0.191214,0.900000,392612738,127907221,64,1.96517756346,0,128077824,2,random,73,/workspace/data_dir/staging-controls-20260927/gnmf-stage50-1000000-16-4194304-5-0-2-random-73.log
iteration,gnmf,stage50,1000000,16,4194304,4,0.178891,0.890000,392100597,127779187,64,1.97159488299,0,127520768,2,random,73,/workspace/data_dir/staging-controls-20260927/gnmf-stage50-1000000-16-4194304-5-0-2-random-73.log
iteration,gnmf,stage50,1000000,16,4194304,5,0.182904,0.930000,381344684,126498832,64,1.97069666815,0,126902272,2,random,73,/workspace/data_dir/staging-controls-20260927/gnmf-stage50-1000000-16-4194304-5-0-2-random-73.log
prepare,gnmf,stage50,2000000,16,16777216,0,0.120695,0.320000,0,288138830,0,0.00000000000,0,288161792,2,ordered,73,/workspace/data_dir/staging-controls-20260927/gnmf-stage50-2000000-16-16777216-5-0-2-ordered-73.log
iteration,gnmf,stage50,2000000,16,16777216,1,0.271840,1.670000,640801714,251973372,130,1.93613433200,0,251473920,2,ordered,73,/workspace/data_dir/staging-controls-20260927/gnmf-stage50-2000000-16-16777216-5-0-2-ordered-73.log
iteration,gnmf,stage50,2000000,16,16777216,2,0.285099,1.700000,634395194,256070510,130,1.95312156413,0,256262144,2,ordered,73,/workspace/data_dir/staging-controls-20260927/gnmf-stage50-2000000-16-16777216-5-0-2-ordered-73.log
iteration,gnmf,stage50,2000000,16,16777216,3,0.280459,1.750000,649248235,253253727,130,1.96518156449,0,253235200,2,ordered,73,/workspace/data_dir/staging-controls-20260927/gnmf-stage50-2000000-16-16777216-5-0-2-ordered-73.log
iteration,gnmf,stage50,2000000,16,16777216,4,0.285155,1.740000,644380999,254278014,130,1.97159882534,0,255160320,2,ordered,73,/workspace/data_dir/staging-controls-20260927/gnmf-stage50-2000000-16-16777216-5-0-2-ordered-73.log
iteration,gnmf,stage50,2000000,16,16777216,5,0.296562,1.750000,634907335,253893902,130,1.97070061719,0,254398464,2,ordered,73,/workspace/data_dir/staging-controls-20260927/gnmf-stage50-2000000-16-16777216-5-0-2-ordered-73.log
prepare,gnmf,stage50,2000000,16,16777216,0,0.108884,0.300000,0,288138835,0,0.00000000000,0,288161792,2,random,73,/workspace/data_dir/staging-controls-20260927/gnmf-stage50-2000000-16-16777216-5-0-2-random-73.log
iteration,gnmf,stage50,2000000,16,16777216,1,0.308805,2.630000,1262540898,251973372,130,1.93613433200,0,251736064,2,random,73,/workspace/data_dir/staging-controls-20260927/gnmf-stage50-2000000-16-16777216-5-0-2-random-73.log
iteration,gnmf,stage50,2000000,16,16777216,2,0.274872,1.930000,673061847,255558369,130,1.95312156413,0,255180800,2,random,73,/workspace/data_dir/staging-controls-20260927/gnmf-stage50-2000000-16-16777216-5-0-2-random-73.log
iteration,gnmf,stage50,2000000,16,16777216,3,0.306106,1.720000,674854343,251461231,130,1.96518156449,0,251985920,2,random,73,/workspace/data_dir/staging-controls-20260927/gnmf-stage50-2000000-16-16777216-5-0-2-random-73.log
iteration,gnmf,stage50,2000000,16,16777216,4,0.414852,1.790000,682024317,255174267,130,1.97159882534,0,256122880,2,random,73,/workspace/data_dir/staging-controls-20260927/gnmf-stage50-2000000-16-16777216-5-0-2-random-73.log
iteration,gnmf,stage50,2000000,16,16777216,5,0.289215,1.700000,668707699,253509795,130,1.97070061719,0,253538304,2,random,73,/workspace/data_dir/staging-controls-20260927/gnmf-stage50-2000000-16-16777216-5-0-2-random-73.log
prepare,gnmf,stage50,2000000,16,16777216,0,0.099166,0.280000,0,288138830,0,0.00000000000,0,288161792,2,window256,73,/workspace/data_dir/staging-controls-20260927/gnmf-stage50-2000000-16-16777216-5-0-2-window256-73.log
iteration,gnmf,stage50,2000000,16,16777216,1,0.314209,2.820000,1392497620,249924808,130,1.93613433200,0,250097664,2,window256,73,/workspace/data_dir/staging-controls-20260927/gnmf-stage50-2000000-16-16777216-5-0-2-window256-73.log
iteration,gnmf,stage50,2000000,16,16777216,2,0.250954,1.650000,680229917,252485513,130,1.95312156413,0,253140992,2,window256,73,/workspace/data_dir/staging-controls-20260927/gnmf-stage50-2000000-16-16777216-5-0-2-window256-73.log
iteration,gnmf,stage50,2000000,16,16777216,3,0.252740,1.770000,705326720,255686398,130,1.96518156449,0,256040960,2,window256,73,/workspace/data_dir/staging-controls-20260927/gnmf-stage50-2000000-16-16777216-5-0-2-window256-73.log
iteration,gnmf,stage50,2000000,16,16777216,4,0.262627,1.930000,705836957,252997654,130,1.97159882534,0,253947904,2,window256,73,/workspace/data_dir/staging-controls-20260927/gnmf-stage50-2000000-16-16777216-5-0-2-window256-73.log
iteration,gnmf,stage50,2000000,16,16777216,5,0.261811,1.710000,688937266,252997664,130,1.97070061719,0,253014016,2,window256,73,/workspace/data_dir/staging-controls-20260927/gnmf-stage50-2000000-16-16777216-5-0-2-window256-73.log
prepare,gnmf,stage50,2000000,64,16777216,0,0.400805,1.160000,0,1056146325,0,0.00000000000,0,1056194560,2,random,73,/workspace/data_dir/staging-controls-20260927/gnmf-stage50-2000000-64-16777216-5-0-2-random-73.log
iteration,gnmf,stage50,2000000,64,16777216,1,1.509272,8.620000,2103584825,1018957610,130,1.95977829122,0,1018306560,2,random,73,/workspace/data_dir/staging-controls-20260927/gnmf-stage50-2000000-64-16777216-5-0-2-random-73.log
iteration,gnmf,stage50,2000000,64,16777216,2,1.482528,8.720000,2099996336,1017421493,130,1.98813912930,0,1017860096,2,random,73,/workspace/data_dir/staging-controls-20260927/gnmf-stage50-2000000-64-16777216-5-0-2-random-73.log
iteration,gnmf,stage50,2000000,64,16777216,3,1.428805,8.310000,2098975420,1022541883,130,2.00435335840,0,1023148032,2,random,73,/workspace/data_dir/staging-controls-20260927/gnmf-stage50-2000000-64-16777216-5-0-2-random-73.log
iteration,gnmf,stage50,2000000,64,16777216,4,1.501729,8.600000,2098459165,1017421493,130,2.00851017321,0,1017937920,2,random,73,/workspace/data_dir/staging-controls-20260927/gnmf-stage50-2000000-64-16777216-5-0-2-random-73.log
iteration,gnmf,stage50,2000000,64,16777216,5,1.606971,9.190000,2097950288,1019981688,130,2.00343993532,0,1019953152,2,random,73,/workspace/data_dir/staging-controls-20260927/gnmf-stage50-2000000-64-16777216-5-0-2-random-73.log
prepare,gnmf,stage50x,2000000,16,16777216,0,0.099061,0.300000,0,288138835,0,0.00000000000,0,288161792,2,ordered,73,/workspace/data_dir/staging-controls-20260927/gnmf-stage50x-2000000-16-16777216-5-0-2-ordered-73.log
iteration,gnmf,stage50x,2000000,16,16777216,1,0.230888,1.570000,616218956,250949090,130,1.93613433200,0,251006976,2,ordered,73,/workspace/data_dir/staging-controls-20260927/gnmf-stage50x-2000000-16-16777216-5-0-2-ordered-73.log
iteration,gnmf,stage50x,2000000,16,16777216,2,0.226032,1.510000,558341301,253381766,130,1.95312156413,0,253571072,2,ordered,73,/workspace/data_dir/staging-controls-20260927/gnmf-stage50x-2000000-16-16777216-5-0-2-ordered-73.log
iteration,gnmf,stage50x,2000000,16,16777216,3,0.215318,1.480000,557828218,252357484,130,1.96518156449,0,252497920,2,ordered,73,/workspace/data_dir/staging-controls-20260927/gnmf-stage50x-2000000-16-16777216-5-0-2-ordered-73.log
iteration,gnmf,stage50x,2000000,16,16777216,4,0.219004,1.510000,560902968,250693022,130,1.97159882534,0,250982400,2,ordered,73,/workspace/data_dir/staging-controls-20260927/gnmf-stage50x-2000000-16-16777216-5-0-2-ordered-73.log
iteration,gnmf,stage50x,2000000,16,16777216,5,0.227873,1.500000,559368439,252997654,130,1.97070061719,0,252575744,2,ordered,73,/workspace/data_dir/staging-controls-20260927/gnmf-stage50x-2000000-16-16777216-5-0-2-ordered-73.log
prepare,gnmf,stage50x,2000000,16,16777216,0,0.113343,0.320000,0,288138835,0,0.00000000000,0,288161792,2,random,73,/workspace/data_dir/staging-controls-20260927/gnmf-stage50x-2000000-16-16777216-5-0-2-random-73.log
iteration,gnmf,stage50x,2000000,16,16777216,1,0.396467,3.250000,1734222774,251973372,130,1.93613433200,0,252055552,2,random,73,/workspace/data_dir/staging-controls-20260927/gnmf-stage50x-2000000-16-16777216-5-0-2-random-73.log
iteration,gnmf,stage50x,2000000,16,16777216,2,0.252094,1.570000,559878676,251461231,130,1.95312156413,0,251518976,2,random,73,/workspace/data_dir/staging-controls-20260927/gnmf-stage50x-2000000-16-16777216-5-0-2-random-73.log
iteration,gnmf,stage50x,2000000,16,16777216,3,0.260926,1.580000,560392721,252485518,130,1.96518156449,0,252497920,2,random,73,/workspace/data_dir/staging-controls-20260927/gnmf-stage50x-2000000-16-16777216-5-0-2-random-73.log
iteration,gnmf,stage50x,2000000,16,16777216,4,0.271874,1.640000,559367497,251973377,130,1.97159882534,0,251633664,2,random,73,/workspace/data_dir/staging-controls-20260927/gnmf-stage50x-2000000-16-16777216-5-0-2-random-73.log
iteration,gnmf,stage50x,2000000,16,16777216,5,0.265297,1.650000,559365583,251973372,130,1.97070061719,0,252452864,2,random,73,/workspace/data_dir/staging-controls-20260927/gnmf-stage50x-2000000-16-16777216-5-0-2-random-73.log
prepare,gnmf,stage50x,2000000,16,16777216,0,0.108460,0.320000,0,288138830,0,0.00000000000,0,288169984,2,window256,73,/workspace/data_dir/staging-controls-20260927/gnmf-stage50x-2000000-16-16777216-5-0-2-window256-73.log
iteration,gnmf,stage50x,2000000,16,16777216,1,0.305284,2.930000,1429242796,249412667,128,1.93613433200,0,249110528,2,window256,73,/workspace/data_dir/staging-controls-20260927/gnmf-stage50x-2000000-16-16777216-5-0-2-window256-73.log
iteration,gnmf,stage50x,2000000,16,16777216,2,0.234170,1.580000,556803916,251973372,128,1.95312156413,0,252416000,2,window256,73,/workspace/data_dir/staging-controls-20260927/gnmf-stage50x-2000000-16-16777216-5-0-2-window256-73.log
iteration,gnmf,stage50x,2000000,16,16777216,3,0.229810,1.560000,559366515,251973372,128,1.96518156449,0,252239872,2,window256,73,/workspace/data_dir/staging-controls-20260927/gnmf-stage50x-2000000-16-16777216-5-0-2-window256-73.log
iteration,gnmf,stage50x,2000000,16,16777216,4,0.220478,1.520000,558341291,250949095,128,1.97159882534,0,250863616,2,window256,73,/workspace/data_dir/staging-controls-20260927/gnmf-stage50x-2000000-16-16777216-5-0-2-window256-73.log
iteration,gnmf,stage50x,2000000,16,16777216,5,0.249360,1.540000,560395567,252101411,128,1.97070061719,0,252092416,2,window256,73,/workspace/data_dir/staging-controls-20260927/gnmf-stage50x-2000000-16-16777216-5-0-2-window256-73.log
prepare,gnmf,stage50x,2000000,64,16777216,0,0.315019,1.000000,0,1056146320,0,0.00000000000,0,1056198656,2,random,73,/workspace/data_dir/staging-controls-20260927/gnmf-stage50x-2000000-64-16777216-5-0-2-random-73.log
iteration,gnmf,stage50x,2000000,64,16777216,1,1.217421,8.390000,2102047644,1021005766,128,1.95977829122,0,1021214720,2,random,73,/workspace/data_dir/staging-controls-20260927/gnmf-stage50x-2000000-64-16777216-5-0-2-random-73.log
iteration,gnmf,stage50x,2000000,64,16777216,2,1.245820,8.720000,2098463371,1017933532,128,1.98813912930,0,1018531840,2,random,73,/workspace/data_dir/staging-controls-20260927/gnmf-stage50x-2000000-64-16777216-5-0-2-random-73.log
iteration,gnmf,stage50x,2000000,64,16777216,3,1.332800,8.510000,2096413107,1017933532,128,2.00435335840,0,1017925632,2,random,73,/workspace/data_dir/staging-controls-20260927/gnmf-stage50x-2000000-64-16777216-5-0-2-random-73.log
iteration,gnmf,stage50x,2000000,64,16777216,4,1.469399,8.680000,2098974356,1019981688,128,2.00851017321,0,1021079552,2,random,73,/workspace/data_dir/staging-controls-20260927/gnmf-stage50x-2000000-64-16777216-5-0-2-random-73.log
iteration,gnmf,stage50x,2000000,64,16777216,5,1.402389,8.490000,2099998434,1016397415,128,2.00343993532,0,1017401344,2,random,73,/workspace/data_dir/staging-controls-20260927/gnmf-stage50x-2000000-64-16777216-5-0-2-random-73.log
prepare,gnmf,stagefifo50,1000000,16,4194304,0,0.118757,0.220000,0,144069415,0,0.00000000000,0,144097280,2,random,73,/workspace/data_dir/staging-controls-20260927/gnmf-stagefifo50-1000000-16-4194304-5-0-2-random-73.log
iteration,gnmf,stagefifo50,1000000,16,4194304,1,0.231343,1.350000,752904886,126754900,64,1.93613014440,0,126615552,2,random,73,/workspace/data_dir/staging-controls-20260927/gnmf-stagefifo50-1000000-16-4194304-5-0-2-random-73.log
iteration,gnmf,stagefifo50,1000000,16,4194304,2,0.165882,0.770000,284038846,127139007,64,1.95311745688,0,127565824,2,random,73,/workspace/data_dir/staging-controls-20260927/gnmf-stagefifo50-1000000-16-4194304-5-0-2-random-73.log
iteration,gnmf,stagefifo50,1000000,16,4194304,3,0.156201,0.800000,284038846,127395080,64,1.96517756346,0,127029248,2,random,73,/workspace/data_dir/staging-controls-20260927/gnmf-stagefifo50-1000000-16-4194304-5-0-2-random-73.log
iteration,gnmf,stagefifo50,1000000,16,4194304,4,0.184099,0.770000,284550035,127907221,64,1.97159488299,0,127918080,2,random,73,/workspace/data_dir/staging-controls-20260927/gnmf-stagefifo50-1000000-16-4194304-5-0-2-random-73.log
iteration,gnmf,stagefifo50,1000000,16,4194304,5,0.178476,0.830000,284550987,126498827,64,1.97069666815,0,126849024,2,random,73,/workspace/data_dir/staging-controls-20260927/gnmf-stagefifo50-1000000-16-4194304-5-0-2-random-73.log
prepare,gnmf,window,1000000,16,4194304,0,0.087846,0.190000,0,144077690,0,0.00000000000,0,144084992,2,random,73,/workspace/data_dir/staging-controls-20260927/gnmf-window-1000000-16-4194304-5-0-2-random-73.log
iteration,gnmf,window,1000000,16,4194304,1,0.273040,1.570000,298476807,127782617,1926,1.93613014440,0,127762432,2,random,73,/workspace/data_dir/staging-controls-20260927/gnmf-window-1000000-16-4194304-5-0-2-random-73.log
iteration,gnmf,window,1000000,16,4194304,2,0.285876,1.580000,292073505,127782607,1926,1.95311745688,0,127700992,2,random,73,/workspace/data_dir/staging-controls-20260927/gnmf-window-1000000-16-4194304-5-0-2-random-73.log
iteration,gnmf,window,1000000,16,4194304,3,0.271139,1.460000,287848566,127910696,1926,1.96517756346,0,127184896,2,random,73,/workspace/data_dir/staging-controls-20260927/gnmf-window-1000000-16-4194304-5-0-2-random-73.log
iteration,gnmf,window,1000000,16,4194304,4,0.297998,1.620000,288776724,127910651,1926,1.97159488299,0,128704512,2,random,73,/workspace/data_dir/staging-controls-20260927/gnmf-window-1000000-16-4194304-5-0-2-random-73.log
iteration,gnmf,window,1000000,16,4194304,5,0.281087,1.530000,289865082,127782612,1926,1.97069666815,0,128102400,2,random,73,/workspace/data_dir/staging-controls-20260927/gnmf-window-1000000-16-4194304-5-0-2-random-73.log
prepare,lmcg,arrival,8000000,1,268435456,0,0.022057,0.090000,0,64273260,0,0.00000000000,0,64286720,1,random,73,/workspace/data_dir/staging-controls-20260927/lmcg-arrival-8000000-1-268435456-5-0-1-random-73.log
iteration,lmcg,arrival,8000000,1,268435456,1,0.026536,0.110000,64273260,0,252,25037.9853043,0,4096,1,random,73,/workspace/data_dir/staging-controls-20260927/lmcg-arrival-8000000-1-268435456-5-0-1-random-73.log
iteration,lmcg,arrival,8000000,1,268435456,2,0.006258,0.030000,0,0,252,25037.9853043,0,0,1,random,73,/workspace/data_dir/staging-controls-20260927/lmcg-arrival-8000000-1-268435456-5-0-1-random-73.log
iteration,lmcg,arrival,8000000,1,268435456,3,0.005982,0.020000,0,0,252,25037.9853043,0,0,1,random,73,/workspace/data_dir/staging-controls-20260927/lmcg-arrival-8000000-1-268435456-5-0-1-random-73.log
iteration,lmcg,arrival,8000000,1,268435456,4,0.006977,0.030000,0,0,252,25037.9853043,0,0,1,random,73,/workspace/data_dir/staging-controls-20260927/lmcg-arrival-8000000-1-268435456-5-0-1-random-73.log
iteration,lmcg,arrival,8000000,1,268435456,5,0.006648,0.030000,0,0,252,25037.9853043,0,0,1,random,73,/workspace/data_dir/staging-controls-20260927/lmcg-arrival-8000000-1-268435456-5-0-1-random-73.log
prepare,lmcg,stage50,8000000,1,268435456,0,0.026631,0.110000,0,64273260,0,0.00000000000,0,64286720,1,random,73,/workspace/data_dir/staging-controls-20260927/lmcg-stage50-8000000-1-268435456-5-0-1-random-73.log
iteration,lmcg,stage50,8000000,1,268435456,1,0.047879,0.140000,64273260,0,252,25037.9853043,8192,0,1,random,73,/workspace/data_dir/staging-controls-20260927/lmcg-stage50-8000000-1-268435456-5-0-1-random-73.log
iteration,lmcg,stage50,8000000,1,268435456,2,0.007392,0.030000,0,0,252,25037.9853043,0,0,1,random,73,/workspace/data_dir/staging-controls-20260927/lmcg-stage50-8000000-1-268435456-5-0-1-random-73.log
iteration,lmcg,stage50,8000000,1,268435456,3,0.006316,0.030000,0,0,252,25037.9853043,0,0,1,random,73,/workspace/data_dir/staging-controls-20260927/lmcg-stage50-8000000-1-268435456-5-0-1-random-73.log
iteration,lmcg,stage50,8000000,1,268435456,4,0.007880,0.030000,0,0,252,25037.9853043,0,0,1,random,73,/workspace/data_dir/staging-controls-20260927/lmcg-stage50-8000000-1-268435456-5-0-1-random-73.log
iteration,lmcg,stage50,8000000,1,268435456,5,0.014844,0.070000,0,0,252,25037.9853043,0,0,1,random,73,/workspace/data_dir/staging-controls-20260927/lmcg-stage50-8000000-1-268435456-5-0-1-random-73.log
prepare,lmcg,stagefifo50,8000000,1,268435456,0,0.022872,0.100000,0,64273255,0,0.00000000000,0,64286720,1,random,73,/workspace/data_dir/staging-controls-20260927/lmcg-stagefifo50-8000000-1-268435456-5-0-1-random-73.log
iteration,lmcg,stagefifo50,8000000,1,268435456,1,0.023536,0.100000,64273255,0,251,25037.9853043,0,0,1,random,73,/workspace/data_dir/staging-controls-20260927/lmcg-stagefifo50-8000000-1-268435456-5-0-1-random-73.log
iteration,lmcg,stagefifo50,8000000,1,268435456,2,0.004827,0.020000,0,0,251,25037.9853043,0,0,1,random,73,/workspace/data_dir/staging-controls-20260927/lmcg-stagefifo50-8000000-1-268435456-5-0-1-random-73.log
iteration,lmcg,stagefifo50,8000000,1,268435456,3,0.004746,0.010000,0,0,251,25037.9853043,0,0,1,random,73,/workspace/data_dir/staging-controls-20260927/lmcg-stagefifo50-8000000-1-268435456-5-0-1-random-73.log
iteration,lmcg,stagefifo50,8000000,1,268435456,4,0.004975,0.020000,0,0,251,25037.9853043,0,0,1,random,73,/workspace/data_dir/staging-controls-20260927/lmcg-stagefifo50-8000000-1-268435456-5-0-1-random-73.log
iteration,lmcg,stagefifo50,8000000,1,268435456,5,0.009246,0.040000,0,0,251,25037.9853043,0,0,1,random,73,/workspace/data_dir/staging-controls-20260927/lmcg-stagefifo50-8000000-1-268435456-5-0-1-random-73.log
prepare,lmcg,window,8000000,1,268435456,0,0.041784,0.220000,0,64311850,0,0.00000000000,0,64331776,1,random,73,/workspace/data_dir/staging-controls-20260927/lmcg-window-8000000-1-268435456-5-0-1-random-73.log
iteration,lmcg,window,8000000,1,268435456,1,0.393712,1.830000,64311850,0,7970,25037.9853043,0,0,1,random,73,/workspace/data_dir/staging-controls-20260927/lmcg-window-8000000-1-268435456-5-0-1-random-73.log
iteration,lmcg,window,8000000,1,268435456,2,0.013321,0.050000,0,0,7970,25037.9853043,0,0,1,random,73,/workspace/data_dir/staging-controls-20260927/lmcg-window-8000000-1-268435456-5-0-1-random-73.log
iteration,lmcg,window,8000000,1,268435456,3,0.013227,0.080000,0,0,7970,25037.9853043,0,0,1,random,73,/workspace/data_dir/staging-controls-20260927/lmcg-window-8000000-1-268435456-5-0-1-random-73.log
iteration,lmcg,window,8000000,1,268435456,4,0.011209,0.040000,0,0,7970,25037.9853043,0,0,1,random,73,/workspace/data_dir/staging-controls-20260927/lmcg-window-8000000-1-268435456-5-0-1-random-73.log
iteration,lmcg,window,8000000,1,268435456,5,0.012322,0.050000,0,0,7970,25037.9853043,0,0,1,random,73,/workspace/data_dir/staging-controls-20260927/lmcg-window-8000000-1-268435456-5-0-1-random-73.log
prepare,gnmf,arrival,1000000,16,16777216,0,0.380750,0.950000,0,1152074255,0,0.00000000000,0,1152118784,128,random,73,/workspace/data_dir/staging-partner-20260927/gnmf-arrival-1000000-16-16777216-5-0-128-random-73.log
iteration,gnmf,arrival,1000000,16,16777216,1,0.701328,3.610000,3023196185,126498827,2000,126.279572979,0,126521344,128,random,73,/workspace/data_dir/staging-partner-20260927/gnmf-arrival-1000000-16-16777216-5-0-128-random-73.log
iteration,gnmf,arrival,1000000,16,16777216,2,0.710854,3.400000,2580451994,125602584,2000,126.426001201,0,125984768,128,random,73,/workspace/data_dir/staging-partner-20260927/gnmf-arrival-1000000-16-16777216-5-0-128-random-73.log
iteration,gnmf,arrival,1000000,16,16777216,3,0.684362,3.280000,2565600391,126626876,2000,126.533126305,0,126550016,128,random,73,/workspace/data_dir/staging-partner-20260927/gnmf-arrival-1000000-16-16777216-5-0-128-random-73.log
iteration,gnmf,arrival,1000000,16,16777216,4,0.687183,3.230000,2542425769,126498827,2000,126.613814683,0,127021056,128,random,73,/workspace/data_dir/staging-partner-20260927/gnmf-arrival-1000000-16-16777216-5-0-128-random-73.log
iteration,gnmf,arrival,1000000,16,16777216,5,0.643534,3.060000,2566880250,127779192,2000,126.676247836,0,127565824,128,random,73,/workspace/data_dir/staging-partner-20260927/gnmf-arrival-1000000-16-16777216-5-0-128-random-73.log
prepare,gnmf,arrival,8000000,16,16777216,0,0.369159,1.220000,0,1152555275,0,0.00000000000,0,1152610304,2,chunk,73,/workspace/data_dir/staging-partner-20260927/gnmf-arrival-8000000-16-16777216-5-0-2-chunk-73.log
iteration,gnmf,arrival,8000000,16,16777216,1,0.897741,6.350000,2426227139,1020697018,506,1.93613703388,0,1020256256,2,chunk,73,/workspace/data_dir/staging-partner-20260927/gnmf-arrival-8000000-16-16777216-5-0-2-chunk-73.log
iteration,gnmf,arrival,8000000,16,16777216,2,0.853213,6.010000,2290762024,1021849339,506,1.95312433548,0,1021861888,2,chunk,73,/workspace/data_dir/staging-partner-20260927/gnmf-arrival-8000000-16-16777216-5-0-2-chunk-73.log
iteration,gnmf,arrival,8000000,16,16777216,3,0.889158,6.110000,2290761082,1019160590,506,1.96518439351,0,1019580416,2,chunk,73,/workspace/data_dir/staging-partner-20260927/gnmf-arrival-8000000-16-16777216-5-0-2-chunk-73.log
iteration,gnmf,arrival,8000000,16,16777216,4,1.076436,6.190000,2292301313,1022233446,506,1.97160169448,0,1022078976,2,chunk,73,/workspace/data_dir/staging-partner-20260927/gnmf-arrival-8000000-16-16777216-5-0-2-chunk-73.log
iteration,gnmf,arrival,8000000,16,16777216,5,0.849609,5.970000,2291272266,1023129689,506,1.97070349023,0,1023279104,2,chunk,73,/workspace/data_dir/staging-partner-20260927/gnmf-arrival-8000000-16-16777216-5-0-2-chunk-73.log
prepare,gnmf,arrival,8000000,16,16777216,0,0.328189,1.160000,0,1152555270,0,0.00000000000,0,1152602112,2,random,73,/workspace/data_dir/staging-partner-20260927/gnmf-arrival-8000000-16-16777216-5-0-2-random-73.log
iteration,gnmf,arrival,8000000,16,16777216,1,1.398558,15.020000,8062594907,1021209154,504,1.93613703388,0,1020780544,2,random,73,/workspace/data_dir/staging-partner-20260927/gnmf-arrival-8000000-16-16777216-5-0-2-random-73.log
iteration,gnmf,arrival,8000000,16,16777216,2,0.827717,5.860000,2290247969,1022233446,504,1.95312433548,0,1021927424,2,random,73,/workspace/data_dir/staging-partner-20260927/gnmf-arrival-8000000-16-16777216-5-0-2-random-73.log
iteration,gnmf,arrival,8000000,16,16777216,3,0.835264,5.810000,2289224639,1020312911,504,1.96518439351,0,1020698624,2,random,73,/workspace/data_dir/staging-partner-20260927/gnmf-arrival-8000000-16-16777216-5-0-2-random-73.log
iteration,gnmf,arrival,8000000,16,16777216,4,0.857305,5.950000,2287687264,1020184872,504,1.97160169448,0,1020727296,2,random,73,/workspace/data_dir/staging-partner-20260927/gnmf-arrival-8000000-16-16777216-5-0-2-random-73.log
iteration,gnmf,arrival,8000000,16,16777216,5,0.838120,5.910000,2290762014,1020825052,504,1.97070349023,0,1021222912,2,random,73,/workspace/data_dir/staging-partner-20260927/gnmf-arrival-8000000-16-16777216-5-0-2-random-73.log
prepare,gnmf,partner,1000000,16,16777216,0,0.403247,0.980000,0,1152074255,0,0.00000000000,0,1152118784,128,random,73,/workspace/data_dir/staging-partner-20260927/gnmf-partner-1000000-16-16777216-5-0-128-random-73.log
iteration,gnmf,partner,1000000,16,16777216,1,0.755455,3.780000,2293907634,126370793,502,126.279572979,0,126078976,128,random,73,/workspace/data_dir/staging-partner-20260927/gnmf-partner-1000000-16-16777216-5-0-128-random-73.log
iteration,gnmf,partner,1000000,16,16777216,2,0.542973,3.490000,2286227463,125986686,502,126.426001201,0,126496768,128,random,73,/workspace/data_dir/staging-partner-20260927/gnmf-partner-1000000-16-16777216-5-0-128-random-73.log
iteration,gnmf,partner,1000000,16,16777216,3,0.543626,3.560000,2285203424,127523114,502,126.533126305,0,127856640,128,random,73,/workspace/data_dir/staging-partner-20260927/gnmf-partner-1000000-16-16777216-5-0-128-random-73.log
iteration,gnmf,partner,1000000,16,16777216,4,0.524375,3.400000,2286227220,125474545,502,126.613814683,0,125984768,128,random,73,/workspace/data_dir/staging-partner-20260927/gnmf-partner-1000000-16-16777216-5-0-128-random-73.log
iteration,gnmf,partner,1000000,16,16777216,5,0.539075,3.510000,2287251249,127523109,500,126.676247836,0,127893504,128,random,73,/workspace/data_dir/staging-partner-20260927/gnmf-partner-1000000-16-16777216-5-0-128-random-73.log
prepare,gnmf,stage50,1000000,16,16777216,0,0.382845,0.910000,0,1152074260,0,0.00000000000,0,1152122880,128,random,73,/workspace/data_dir/staging-partner-20260927/gnmf-stage50-1000000-16-16777216-5-0-128-random-73.log
iteration,gnmf,stage50,1000000,16,16777216,1,0.686785,3.450000,3023196443,124194195,2000,126.279572979,0,124428288,128,random,73,/workspace/data_dir/staging-partner-20260927/gnmf-stage50-1000000-16-16777216-5-0-128-random-73.log
iteration,gnmf,stage50,1000000,16,16777216,2,0.664600,3.280000,2992982058,126370793,2000,126.426001201,0,126259200,128,random,73,/workspace/data_dir/staging-partner-20260927/gnmf-stage50-1000000-16-16777216-5-0-128-random-73.log
iteration,gnmf,stage50,1000000,16,16777216,3,0.690242,3.430000,2993493723,126498837,2000,126.533126305,0,127000576,128,random,73,/workspace/data_dir/staging-partner-20260927/gnmf-stage50-1000000-16-16777216-5-0-128-random-73.log
iteration,gnmf,stage50,1000000,16,16777216,4,0.694249,3.430000,2999639648,126626871,2000,126.613814683,0,127184896,128,random,73,/workspace/data_dir/staging-partner-20260927/gnmf-stage50-1000000-16-16777216-5-0-128-random-73.log
iteration,gnmf,stage50,1000000,16,16777216,5,0.707437,3.520000,3004761301,126882939,2000,126.676247836,0,127819776,128,random,73,/workspace/data_dir/staging-partner-20260927/gnmf-stage50-1000000-16-16777216-5-0-128-random-73.log
prepare,gnmf,stage50,8000000,16,16777216,0,0.378216,1.190000,0,1152555270,0,0.00000000000,0,1152598016,2,chunk,73,/workspace/data_dir/staging-partner-20260927/gnmf-stage50-8000000-16-16777216-5-0-2-chunk-73.log
iteration,gnmf,stage50,8000000,16,16777216,1,0.986615,6.690000,2684602261,1019160590,504,1.93613703388,0,1019105280,2,chunk,73,/workspace/data_dir/staging-partner-20260927/gnmf-stage50-8000000-16-16777216-5-0-2-chunk-73.log
iteration,gnmf,stage50,8000000,16,16777216,2,0.999246,6.660000,2493056757,1024282005,504,1.95312433548,0,1024212992,2,chunk,73,/workspace/data_dir/staging-partner-20260927/gnmf-stage50-8000000-16-16777216-5-0-2-chunk-73.log
iteration,gnmf,stage50,8000000,16,16777216,3,0.955067,6.290000,2495873535,1021337193,504,1.96518439351,0,1022287872,2,chunk,73,/workspace/data_dir/staging-partner-20260927/gnmf-stage50-8000000-16-16777216-5-0-2-chunk-73.log
iteration,gnmf,stage50,8000000,16,16777216,4,0.935937,6.240000,2491011049,1022105402,504,1.97160169448,0,1022328832,2,chunk,73,/workspace/data_dir/staging-partner-20260927/gnmf-stage50-8000000-16-16777216-5-0-2-chunk-73.log
iteration,gnmf,stage50,8000000,16,16777216,5,0.952493,6.220000,2488190468,1021593261,504,1.97070349023,0,1022619648,2,chunk,73,/workspace/data_dir/staging-partner-20260927/gnmf-stage50-8000000-16-16777216-5-0-2-chunk-73.log
prepare,gnmf,stage50,8000000,16,16777216,0,0.365184,1.140000,0,1152555320,0,0.00000000000,0,1152598016,2,random,73,/workspace/data_dir/staging-partner-20260927/gnmf-stage50-8000000-16-16777216-5-0-2-random-73.log
iteration,gnmf,stage50,8000000,16,16777216,1,1.370666,13.700000,7064432253,1021465247,506,1.93613703388,0,1021616128,2,random,73,/workspace/data_dir/staging-partner-20260927/gnmf-stage50-8000000-16-16777216-5-0-2-random-73.log
iteration,gnmf,stage50,8000000,16,16777216,2,0.923983,6.570000,2713276490,1021977393,506,1.95312433548,0,1022320640,2,random,73,/workspace/data_dir/staging-partner-20260927/gnmf-stage50-8000000-16-16777216-5-0-2-random-73.log
iteration,gnmf,stage50,8000000,16,16777216,3,0.967672,6.600000,2652845761,1023257743,506,1.96518439351,0,1023598592,2,random,73,/workspace/data_dir/staging-partner-20260927/gnmf-stage50-8000000-16-16777216-5-0-2-random-73.log
iteration,gnmf,stage50,8000000,16,16777216,4,0.933886,6.490000,2655916698,1021465252,506,1.97160169448,0,1021779968,2,random,73,/workspace/data_dir/staging-partner-20260927/gnmf-stage50-8000000-16-16777216-5-0-2-random-73.log
iteration,gnmf,stage50,8000000,16,16777216,5,0.993074,6.610000,2612387574,1021465247,506,1.97070349023,0,1021693952,2,random,73,/workspace/data_dir/staging-partner-20260927/gnmf-stage50-8000000-16-16777216-5-0-2-random-73.log
prepare,gnmf,stage50init,1000000,16,16777216,0,0.400196,0.970000,0,1152074255,0,0.00000000000,0,1152118784,128,random,73,/workspace/data_dir/staging-partner-20260927/gnmf-stage50init-1000000-16-16777216-5-0-128-random-73.log
iteration,gnmf,stage50init,1000000,16,16777216,1,0.695833,3.580000,3026269269,125986686,2000,126.279572979,0,126066688,128,random,73,/workspace/data_dir/staging-partner-20260927/gnmf-stage50init-1000000-16-16777216-5-0-128-random-73.log
iteration,gnmf,stage50init,1000000,16,16777216,2,0.684223,3.240000,2554589114,125346521,2000,126.426001201,0,125435904,128,random,73,/workspace/data_dir/staging-partner-20260927/gnmf-stage50init-1000000-16-16777216-5-0-128-random-73.log
iteration,gnmf,stage50init,1000000,16,16777216,3,0.652976,3.090000,2564447832,126754900,2000,126.533126305,0,127541248,128,random,73,/workspace/data_dir/staging-partner-20260927/gnmf-stage50init-1000000-16-16777216-5-0-128-random-73.log
iteration,gnmf,stage50init,1000000,16,16777216,4,0.661234,3.130000,2572642078,127267041,2000,126.613814683,0,127475712,128,random,73,/workspace/data_dir/staging-partner-20260927/gnmf-stage50init-1000000-16-16777216-5-0-128-random-73.log
iteration,gnmf,stage50init,1000000,16,16777216,5,0.695947,3.290000,2581732344,126882939,2000,126.676247836,0,127545344,128,random,73,/workspace/data_dir/staging-partner-20260927/gnmf-stage50init-1000000-16-16777216-5-0-128-random-73.log
prepare,gnmf,stage50init,8000000,16,16777216,0,0.410364,1.450000,0,1152555270,0,0.00000000000,0,1152602112,2,chunk,73,/workspace/data_dir/staging-partner-20260927/gnmf-stage50init-8000000-16-16777216-5-0-2-chunk-73.log
iteration,gnmf,stage50init,8000000,16,16777216,1,1.034368,7.020000,2618536072,1020184872,506,1.93613703388,0,1020256256,2,chunk,73,/workspace/data_dir/staging-partner-20260927/gnmf-stage50init-8000000-16-16777216-5-0-2-chunk-73.log
iteration,gnmf,stage50init,8000000,16,16777216,2,0.887563,6.150000,2293322729,1022745587,506,1.95312433548,0,1022722048,2,chunk,73,/workspace/data_dir/staging-partner-20260927/gnmf-stage50init-8000000-16-16777216-5-0-2-chunk-73.log
iteration,gnmf,stage50init,8000000,16,16777216,3,0.840562,6.090000,2292299409,1020697013,506,1.96518439351,0,1021231104,2,chunk,73,/workspace/data_dir/staging-partner-20260927/gnmf-stage50init-8000000-16-16777216-5-0-2-chunk-73.log
iteration,gnmf,stage50init,8000000,16,16777216,4,0.848656,6.140000,2290248951,1021465242,506,1.97160169448,0,1021435904,2,chunk,73,/workspace/data_dir/staging-partner-20260927/gnmf-stage50init-8000000-16-16777216-5-0-2-chunk-73.log
iteration,gnmf,stage50init,8000000,16,16777216,5,0.861788,5.990000,2289735848,1021721305,506,1.97070349023,0,1022242816,2,chunk,73,/workspace/data_dir/staging-partner-20260927/gnmf-stage50init-8000000-16-16777216-5-0-2-chunk-73.log
prepare,gnmf,stage50init,8000000,16,16777216,0,0.358512,1.120000,0,1152555325,0,0.00000000000,0,1152606208,2,random,73,/workspace/data_dir/staging-partner-20260927/gnmf-stage50init-8000000-16-16777216-5-0-2-random-73.log
iteration,gnmf,stage50init,8000000,16,16777216,1,1.329484,13.840000,7082869329,1019672731,506,1.93613703388,0,1019465728,2,random,73,/workspace/data_dir/staging-partner-20260927/gnmf-stage50init-8000000-16-16777216-5-0-2-random-73.log
iteration,gnmf,stage50init,8000000,16,16777216,2,0.871637,6.100000,2291274185,1024666132,506,1.95312433548,0,1024479232,2,random,73,/workspace/data_dir/staging-partner-20260927/gnmf-stage50init-8000000-16-16777216-5-0-2-random-73.log
iteration,gnmf,stage50init,8000000,16,16777216,3,0.824445,5.790000,2290760140,1022233451,506,1.96518439351,0,1021747200,2,random,73,/workspace/data_dir/staging-partner-20260927/gnmf-stage50init-8000000-16-16777216-5-0-2-random-73.log
iteration,gnmf,stage50init,8000000,16,16777216,4,0.829167,5.800000,2290250855,1021849334,506,1.97160169448,0,1022627840,2,random,73,/workspace/data_dir/staging-partner-20260927/gnmf-stage50init-8000000-16-16777216-5-0-2-random-73.log
iteration,gnmf,stage50init,8000000,16,16777216,5,0.863753,6.060000,2290247047,1021465232,506,1.97070349023,0,1021751296,2,random,73,/workspace/data_dir/staging-partner-20260927/gnmf-stage50init-8000000-16-16777216-5-0-2-random-73.log
prepare,gnmf,stage50partner,1000000,16,16777216,0,0.383191,0.920000,0,1152074255,0,0.00000000000,0,1152118784,128,random,73,/workspace/data_dir/staging-partner-20260927/gnmf-stage50partner-1000000-16-16777216-5-0-128-random-73.log
iteration,gnmf,stage50partner,1000000,16,16777216,1,0.544186,3.470000,2292883595,123938122,502,126.279572979,0,123645952,128,random,73,/workspace/data_dir/staging-partner-20260927/gnmf-stage50partner-1000000-16-16777216-5-0-128-random-73.log
iteration,gnmf,stage50partner,1000000,16,16777216,2,0.536823,3.390000,2285203181,127395075,502,126.426001201,0,127426560,128,random,73,/workspace/data_dir/staging-partner-20260927/gnmf-stage50partner-1000000-16-16777216-5-0-128-random-73.log
iteration,gnmf,stage50partner,1000000,16,16777216,3,0.558881,3.510000,2284691526,124322229,502,126.533126305,0,124329984,128,random,73,/workspace/data_dir/staging-partner-20260927/gnmf-stage50partner-1000000-16-16777216-5-0-128-random-73.log
iteration,gnmf,stage50partner,1000000,16,16777216,4,0.548028,3.460000,2283155103,127907221,502,126.613814683,0,128327680,128,random,73,/workspace/data_dir/staging-partner-20260927/gnmf-stage50partner-1000000-16-16777216-5-0-128-random-73.log
iteration,gnmf,stage50partner,1000000,16,16777216,5,0.538648,3.400000,2286227463,125602584,502,126.676247836,0,126570496,128,random,73,/workspace/data_dir/staging-partner-20260927/gnmf-stage50partner-1000000-16-16777216-5-0-128-random-73.log
prepare,gnmf,stage50x,1000000,16,16777216,0,0.375145,0.940000,0,1152074255,0,0.00000000000,0,1152118784,128,random,73,/workspace/data_dir/staging-partner-20260927/gnmf-stage50x-1000000-16-16777216-5-0-128-random-73.log
iteration,gnmf,stage50x,1000000,16,16777216,1,0.732005,4.070000,3023708574,126370793,2000,126.279572979,0,126509056,128,random,73,/workspace/data_dir/staging-partner-20260927/gnmf-stage50x-1000000-16-16777216-5-0-128-random-73.log
iteration,gnmf,stage50x,1000000,16,16777216,2,0.655411,3.120000,2555997498,124450263,2000,126.426001201,0,125083648,128,random,73,/workspace/data_dir/staging-partner-20260927/gnmf-stage50x-1000000-16-16777216-5-0-128-random-73.log
iteration,gnmf,stage50x,1000000,16,16777216,3,0.682974,3.500000,2552028156,126370793,2000,126.533126305,0,126517248,128,random,73,/workspace/data_dir/staging-partner-20260927/gnmf-stage50x-1000000-16-16777216-5-0-128-random-73.log
iteration,gnmf,stage50x,1000000,16,16777216,4,0.655679,3.130000,2561374991,127010968,2000,126.613814683,0,126984192,128,random,73,/workspace/data_dir/staging-partner-20260927/gnmf-stage50x-1000000-16-16777216-5-0-128-random-73.log
iteration,gnmf,stage50x,1000000,16,16777216,5,0.653331,3.090000,2574946953,126754900,2000,126.676247836,0,127533056,128,random,73,/workspace/data_dir/staging-partner-20260927/gnmf-stage50x-1000000-16-16777216-5-0-128-random-73.log
prepare,gnmf,arrival,1000000,16,16777216,0,0.385540,1.010000,0,1152074255,0,0.00000000000,0,1152118784,128,chunk,73,/workspace/data_dir/staging-repeat-20260927/gnmf-arrival-1000000-16-16777216-5-0-128-chunk-73.log
iteration,gnmf,arrival,1000000,16,16777216,1,0.760940,3.500000,2526163585,124706336,2000,126.279572979,0,124973056,128,chunk,73,/workspace/data_dir/staging-repeat-20260927/gnmf-arrival-1000000-16-16777216-5-0-128-chunk-73.log
iteration,gnmf,arrival,1000000,16,16777216,2,0.744750,3.460000,2531286934,127010973,2000,126.426001201,0,126554112,128,chunk,73,/workspace/data_dir/staging-repeat-20260927/gnmf-arrival-1000000-16-16777216-5-0-128-chunk-73.log
iteration,gnmf,arrival,1000000,16,16777216,3,0.717748,3.340000,2546394858,126754905,2000,126.533126305,0,126930944,128,chunk,73,/workspace/data_dir/staging-repeat-20260927/gnmf-arrival-1000000-16-16777216-5-0-128-chunk-73.log
iteration,gnmf,arrival,1000000,16,16777216,4,0.728435,3.380000,2524373028,126498832,2000,126.613814683,0,125997056,128,chunk,73,/workspace/data_dir/staging-repeat-20260927/gnmf-arrival-1000000-16-16777216-5-0-128-chunk-73.log
iteration,gnmf,arrival,1000000,16,16777216,5,0.756497,3.510000,2540121132,127523114,2000,126.676247836,0,128532480,128,chunk,73,/workspace/data_dir/staging-repeat-20260927/gnmf-arrival-1000000-16-16777216-5-0-128-chunk-73.log
prepare,gnmf,arrival,1000000,16,16777216,0,0.370650,1.030000,0,1152074255,0,0.00000000000,0,1152118784,128,random,73,/workspace/data_dir/staging-repeat-20260927/gnmf-arrival-1000000-16-16777216-5-0-128-random-73.log
iteration,gnmf,arrival,1000000,16,16777216,1,0.751901,3.780000,3025244997,126242759,2000,126.279572979,0,126341120,128,random,73,/workspace/data_dir/staging-repeat-20260927/gnmf-arrival-1000000-16-16777216-5-0-128-random-73.log
iteration,gnmf,arrival,1000000,16,16777216,2,0.756811,3.480000,2544986221,125858652,2000,126.426001201,0,125997056,128,random,73,/workspace/data_dir/staging-repeat-20260927/gnmf-arrival-1000000-16-16777216-5-0-128-random-73.log
iteration,gnmf,arrival,1000000,16,16777216,3,0.750774,3.490000,2560990869,125986686,2000,126.533126305,0,126357504,128,random,73,/workspace/data_dir/staging-repeat-20260927/gnmf-arrival-1000000-16-16777216-5-0-128-random-73.log
iteration,gnmf,arrival,1000000,16,16777216,4,0.740095,3.440000,2559710529,126370798,2000,126.613814683,0,126308352,128,random,73,/workspace/data_dir/staging-repeat-20260927/gnmf-arrival-1000000-16-16777216-5-0-128-random-73.log
iteration,gnmf,arrival,1000000,16,16777216,5,0.747569,3.470000,2569953334,127139007,2000,126.676247836,0,128557056,128,random,73,/workspace/data_dir/staging-repeat-20260927/gnmf-arrival-1000000-16-16777216-5-0-128-random-73.log
prepare,gnmf,arrival,8000000,16,16777216,0,0.357097,1.180000,0,1152555265,0,0.00000000000,0,1152602112,2,chunk,73,/workspace/data_dir/staging-repeat-20260927/gnmf-arrival-8000000-16-16777216-5-0-2-chunk-73.log
iteration,gnmf,arrival,8000000,16,16777216,1,0.939312,6.360000,2422387011,1019672736,504,1.93613703388,0,1019207680,2,chunk,73,/workspace/data_dir/staging-repeat-20260927/gnmf-arrival-8000000-16-16777216-5-0-2-chunk-73.log
iteration,gnmf,arrival,8000000,16,16777216,2,0.910976,6.170000,2289223687,1021721295,504,1.95312433548,0,1021722624,2,chunk,73,/workspace/data_dir/staging-repeat-20260927/gnmf-arrival-8000000-16-16777216-5-0-2-chunk-73.log
iteration,gnmf,arrival,8000000,16,16777216,3,0.878734,6.060000,2291275107,1020056843,504,1.96518439351,0,1020506112,2,chunk,73,/workspace/data_dir/staging-repeat-20260927/gnmf-arrival-8000000-16-16777216-5-0-2-chunk-73.log
iteration,gnmf,arrival,8000000,16,16777216,4,0.867065,6.040000,2290761062,1021721295,504,1.97160169448,0,1022078976,2,chunk,73,/workspace/data_dir/staging-repeat-20260927/gnmf-arrival-8000000-16-16777216-5-0-2-chunk-73.log
iteration,gnmf,arrival,8000000,16,16777216,5,0.869543,6.060000,2291274155,1021081120,504,1.97070349023,0,1021222912,2,chunk,73,/workspace/data_dir/staging-repeat-20260927/gnmf-arrival-8000000-16-16777216-5-0-2-chunk-73.log
prepare,gnmf,arrival,8000000,16,16777216,0,0.339120,1.060000,0,1152555275,0,0.00000000000,0,1152598016,2,random,73,/workspace/data_dir/staging-repeat-20260927/gnmf-arrival-8000000-16-16777216-5-0-2-random-73.log
iteration,gnmf,arrival,8000000,16,16777216,1,1.395616,15.750000,8061570635,1019672731,506,1.93613703388,0,1019207680,2,random,73,/workspace/data_dir/staging-repeat-20260927/gnmf-arrival-8000000-16-16777216-5-0-2-random-73.log
iteration,gnmf,arrival,8000000,16,16777216,2,0.869933,6.040000,2291273213,1022233441,506,1.95312433548,0,1022365696,2,random,73,/workspace/data_dir/staging-repeat-20260927/gnmf-arrival-8000000-16-16777216-5-0-2-random-73.log
iteration,gnmf,arrival,8000000,16,16777216,3,0.848360,6.150000,2290760120,1020184872,506,1.96518439351,0,1020702720,2,random,73,/workspace/data_dir/staging-repeat-20260927/gnmf-arrival-8000000-16-16777216-5-0-2-random-73.log
iteration,gnmf,arrival,8000000,16,16777216,4,0.866101,6.060000,2291275117,1020825052,506,1.97160169448,0,1021247488,2,random,73,/workspace/data_dir/staging-repeat-20260927/gnmf-arrival-8000000-16-16777216-5-0-2-random-73.log
iteration,gnmf,arrival,8000000,16,16777216,5,0.846352,5.960000,2290761072,1020697013,506,1.97070349023,0,1020178432,2,random,73,/workspace/data_dir/staging-repeat-20260927/gnmf-arrival-8000000-16-16777216-5-0-2-random-73.log
prepare,gnmf,stage50,1000000,16,16777216,0,0.379752,1.000000,0,1152074255,0,0.00000000000,0,1152118784,128,chunk,73,/workspace/data_dir/staging-repeat-20260927/gnmf-stage50-1000000-16-16777216-5-0-128-chunk-73.log
iteration,gnmf,stage50,1000000,16,16777216,1,0.732535,3.330000,2638066386,124450268,2000,126.279572979,0,124428288,128,chunk,73,/workspace/data_dir/staging-repeat-20260927/gnmf-stage50-1000000-16-16777216-5-0-128-chunk-73.log
iteration,gnmf,stage50,1000000,16,16777216,2,0.784907,3.700000,2865202623,126498827,2000,126.426001201,0,127045632,128,chunk,73,/workspace/data_dir/staging-repeat-20260927/gnmf-stage50-1000000-16-16777216-5-0-128-chunk-73.log
iteration,gnmf,stage50,1000000,16,16777216,3,0.786436,3.770000,2850350554,125986696,2000,126.533126305,0,125628416,128,chunk,73,/workspace/data_dir/staging-repeat-20260927/gnmf-stage50-1000000-16-16777216-5-0-128-chunk-73.log
iteration,gnmf,stage50,1000000,16,16777216,4,0.804104,3.760000,2835754518,125346521,2000,126.613814683,0,125313024,128,chunk,73,/workspace/data_dir/staging-repeat-20260927/gnmf-stage50-1000000-16-16777216-5-0-128-chunk-73.log
iteration,gnmf,stage50,1000000,16,16777216,5,0.784779,3.700000,2818085661,127523119,2000,126.676247836,0,128147456,128,chunk,73,/workspace/data_dir/staging-repeat-20260927/gnmf-stage50-1000000-16-16777216-5-0-128-chunk-73.log
prepare,gnmf,stage50,1000000,16,16777216,0,0.429726,1.090000,0,1152074260,0,0.00000000000,0,1152118784,128,random,73,/workspace/data_dir/staging-repeat-20260927/gnmf-stage50-1000000-16-16777216-5-0-128-random-73.log
iteration,gnmf,stage50,1000000,16,16777216,1,0.855204,4.160000,3019611446,124962404,2000,126.279572979,0,124694528,128,random,73,/workspace/data_dir/staging-repeat-20260927/gnmf-stage50-1000000-16-16777216-5-0-128-random-73.log
iteration,gnmf,stage50,1000000,16,16777216,2,0.823222,3.950000,2992469431,125474560,2000,126.426001201,0,125739008,128,random,73,/workspace/data_dir/staging-repeat-20260927/gnmf-stage50-1000000-16-16777216-5-0-128-random-73.log
iteration,gnmf,stage50,1000000,16,16777216,3,0.797307,3.860000,2996566579,126114730,2000,126.533126305,0,126144512,128,random,73,/workspace/data_dir/staging-repeat-20260927/gnmf-stage50-1000000-16-16777216-5-0-128-random-73.log
iteration,gnmf,stage50,1000000,16,16777216,4,0.828337,4.010000,2998103225,127267046,2000,126.613814683,0,126730240,128,random,73,/workspace/data_dir/staging-repeat-20260927/gnmf-stage50-1000000-16-16777216-5-0-128-random-73.log
iteration,gnmf,stage50,1000000,16,16777216,5,0.764383,3.750000,2993494194,126114730,2000,126.676247836,0,127111168,128,random,73,/workspace/data_dir/staging-repeat-20260927/gnmf-stage50-1000000-16-16777216-5-0-128-random-73.log
prepare,gnmf,stage50,8000000,16,16777216,0,0.395362,1.370000,0,1152555265,0,0.00000000000,0,1152602112,2,chunk,73,/workspace/data_dir/staging-repeat-20260927/gnmf-stage50-8000000-16-16777216-5-0-2-chunk-73.log
iteration,gnmf,stage50,8000000,16,16777216,1,1.059697,6.870000,2641070266,1020697013,504,1.93613703388,0,1020780544,2,chunk,73,/workspace/data_dir/staging-repeat-20260927/gnmf-stage50-8000000-16-16777216-5-0-2-chunk-73.log
iteration,gnmf,stage50,8000000,16,16777216,2,0.983032,6.540000,2514821800,1021465227,504,1.95312433548,0,1021861888,2,chunk,73,/workspace/data_dir/staging-repeat-20260927/gnmf-stage50-8000000-16-16777216-5-0-2-chunk-73.log
iteration,gnmf,stage50,8000000,16,16777216,3,0.965251,6.340000,2493056767,1022489514,504,1.96518439351,0,1022935040,2,chunk,73,/workspace/data_dir/staging-repeat-20260927/gnmf-stage50-8000000-16-16777216-5-0-2-chunk-73.log
iteration,gnmf,stage50,8000000,16,16777216,4,0.953225,6.310000,2475132784,1021849334,504,1.97160169448,0,1022197760,2,chunk,73,/workspace/data_dir/staging-repeat-20260927/gnmf-stage50-8000000-16-16777216-5-0-2-chunk-73.log
iteration,gnmf,stage50,8000000,16,16777216,5,0.991066,6.580000,2479739187,1021465227,504,1.97070349023,0,1021833216,2,chunk,73,/workspace/data_dir/staging-repeat-20260927/gnmf-stage50-8000000-16-16777216-5-0-2-chunk-73.log
prepare,gnmf,stage50,8000000,16,16777216,0,0.385540,1.140000,0,1152555315,0,0.00000000000,0,1152614400,2,random,73,/workspace/data_dir/staging-repeat-20260927/gnmf-stage50-8000000-16-16777216-5-0-2-random-73.log
iteration,gnmf,stage50,8000000,16,16777216,1,1.369804,13.490000,7055469763,1020184897,506,1.93613703388,0,1019830272,2,random,73,/workspace/data_dir/staging-repeat-20260927/gnmf-stage50-8000000-16-16777216-5-0-2-random-73.log
iteration,gnmf,stage50,8000000,16,16777216,2,0.958134,6.510000,2612897816,1024025952,506,1.95312433548,0,1023926272,2,random,73,/workspace/data_dir/staging-repeat-20260927/gnmf-stage50-8000000-16-16777216-5-0-2-random-73.log
iteration,gnmf,stage50,8000000,16,16777216,3,0.963844,6.640000,2660526914,1021721320,506,1.96518439351,0,1022287872,2,random,73,/workspace/data_dir/staging-repeat-20260927/gnmf-stage50-8000000-16-16777216-5-0-2-random-73.log
iteration,gnmf,stage50,8000000,16,16777216,4,1.003394,6.730000,2613409952,1022873631,506,1.97160169448,0,1023094784,2,random,73,/workspace/data_dir/staging-repeat-20260927/gnmf-stage50-8000000-16-16777216-5-0-2-random-73.log
iteration,gnmf,stage50,8000000,16,16777216,5,0.987400,6.680000,2641577677,1020953101,506,1.97070349023,0,1021566976,2,random,73,/workspace/data_dir/staging-repeat-20260927/gnmf-stage50-8000000-16-16777216-5-0-2-random-73.log
prepare,kmeans,arrival,8000000,32,16777216,0,0.045830,0.180000,0,128273265,0,0.00000000000,0,128286720,2,chunk,73,/workspace/data_dir/staging-repeat-20260927/kmeans-arrival-8000000-32-16777216-5-0-2-chunk-73.log
iteration,kmeans,arrival,8000000,32,16777216,1,0.468557,1.860000,128273265,0,253,30.1581789199,0,0,2,chunk,73,/workspace/data_dir/staging-repeat-20260927/kmeans-arrival-8000000-32-16777216-5-0-2-chunk-73.log
iteration,kmeans,arrival,8000000,32,16777216,2,0.457519,1.840000,115959033,0,253,30.2767310209,0,0,2,chunk,73,/workspace/data_dir/staging-repeat-20260927/kmeans-arrival-8000000-32-16777216-5-0-2-chunk-73.log
iteration,kmeans,arrival,8000000,32,16777216,3,0.452789,1.810000,115959033,0,253,30.1920780924,0,0,2,chunk,73,/workspace/data_dir/staging-repeat-20260927/kmeans-arrival-8000000-32-16777216-5-0-2-chunk-73.log
iteration,kmeans,arrival,8000000,32,16777216,4,0.451085,1.810000,115959033,0,253,30.2825070128,0,0,2,chunk,73,/workspace/data_dir/staging-repeat-20260927/kmeans-arrival-8000000-32-16777216-5-0-2-chunk-73.log
iteration,kmeans,arrival,8000000,32,16777216,5,0.449916,1.800000,116472126,0,253,30.3193060979,0,0,2,chunk,73,/workspace/data_dir/staging-repeat-20260927/kmeans-arrival-8000000-32-16777216-5-0-2-chunk-73.log
prepare,kmeans,arrival,8000000,32,16777216,0,0.042117,0.160000,0,128273260,0,0.00000000000,0,128286720,2,random,73,/workspace/data_dir/staging-repeat-20260927/kmeans-arrival-8000000-32-16777216-5-0-2-random-73.log
iteration,kmeans,arrival,8000000,32,16777216,1,0.458787,1.840000,128273260,0,252,30.1581789199,0,0,2,random,73,/workspace/data_dir/staging-repeat-20260927/kmeans-arrival-8000000-32-16777216-5-0-2-random-73.log
iteration,kmeans,arrival,8000000,32,16777216,2,0.450354,1.800000,115959028,0,252,30.2767310209,0,0,2,random,73,/workspace/data_dir/staging-repeat-20260927/kmeans-arrival-8000000-32-16777216-5-0-2-random-73.log
iteration,kmeans,arrival,8000000,32,16777216,3,0.450362,1.800000,115959028,0,252,30.1920780924,0,0,2,random,73,/workspace/data_dir/staging-repeat-20260927/kmeans-arrival-8000000-32-16777216-5-0-2-random-73.log
iteration,kmeans,arrival,8000000,32,16777216,4,0.449234,1.820000,115959028,0,252,30.2825070128,0,0,2,random,73,/workspace/data_dir/staging-repeat-20260927/kmeans-arrival-8000000-32-16777216-5-0-2-random-73.log
iteration,kmeans,arrival,8000000,32,16777216,5,0.446465,1.780000,116472121,0,252,30.3193060979,0,0,2,random,73,/workspace/data_dir/staging-repeat-20260927/kmeans-arrival-8000000-32-16777216-5-0-2-random-73.log
prepare,kmeans,stage50,8000000,32,16777216,0,0.059445,0.180000,0,128273260,0,0.00000000000,0,128286720,2,chunk,73,/workspace/data_dir/staging-repeat-20260927/kmeans-stage50-8000000-32-16777216-5-0-2-chunk-73.log
iteration,kmeans,stage50,8000000,32,16777216,1,0.462779,1.860000,128273260,0,252,30.1581789199,0,0,2,chunk,73,/workspace/data_dir/staging-repeat-20260927/kmeans-stage50-8000000-32-16777216-5-0-2-chunk-73.log
iteration,kmeans,stage50,8000000,32,16777216,2,0.461083,1.850000,116985214,0,252,30.2767310209,0,0,2,chunk,73,/workspace/data_dir/staging-repeat-20260927/kmeans-stage50-8000000-32-16777216-5-0-2-chunk-73.log
iteration,kmeans,stage50,8000000,32,16777216,3,0.476244,1.920000,116472121,0,252,30.1920780924,0,0,2,chunk,73,/workspace/data_dir/staging-repeat-20260927/kmeans-stage50-8000000-32-16777216-5-0-2-chunk-73.log
iteration,kmeans,stage50,8000000,32,16777216,4,0.455766,1.810000,115959028,0,252,30.2825070128,0,0,2,chunk,73,/workspace/data_dir/staging-repeat-20260927/kmeans-stage50-8000000-32-16777216-5-0-2-chunk-73.log
iteration,kmeans,stage50,8000000,32,16777216,5,0.457162,1.830000,116472121,0,252,30.3193060979,0,0,2,chunk,73,/workspace/data_dir/staging-repeat-20260927/kmeans-stage50-8000000-32-16777216-5-0-2-chunk-73.log
prepare,kmeans,stage50,8000000,32,16777216,0,0.058910,0.160000,0,128273265,0,0.00000000000,0,128286720,2,random,73,/workspace/data_dir/staging-repeat-20260927/kmeans-stage50-8000000-32-16777216-5-0-2-random-73.log
iteration,kmeans,stage50,8000000,32,16777216,1,0.464988,1.890000,128273265,0,253,30.1581789199,0,0,2,random,73,/workspace/data_dir/staging-repeat-20260927/kmeans-stage50-8000000-32-16777216-5-0-2-random-73.log
iteration,kmeans,stage50,8000000,32,16777216,2,0.458941,1.980000,115959033,0,253,30.2767310209,0,0,2,random,73,/workspace/data_dir/staging-repeat-20260927/kmeans-stage50-8000000-32-16777216-5-0-2-random-73.log
iteration,kmeans,stage50,8000000,32,16777216,3,0.460031,1.850000,116472126,0,253,30.1920780924,0,0,2,random,73,/workspace/data_dir/staging-repeat-20260927/kmeans-stage50-8000000-32-16777216-5-0-2-random-73.log
iteration,kmeans,stage50,8000000,32,16777216,4,0.446813,1.960000,115959033,0,253,30.2825070128,0,0,2,random,73,/workspace/data_dir/staging-repeat-20260927/kmeans-stage50-8000000-32-16777216-5-0-2-random-73.log
iteration,kmeans,stage50,8000000,32,16777216,5,0.455222,1.840000,115959033,0,253,30.3193060979,0,0,2,random,73,/workspace/data_dir/staging-repeat-20260927/kmeans-stage50-8000000-32-16777216-5-0-2-random-73.log
prepare,lmcg,arrival,32000000,1,16777216,0,0.163224,0.720000,0,513093010,0,0.00000000000,0,513114112,2,chunk,73,/workspace/data_dir/staging-repeat-20260927/lmcg-arrival-32000000-1-16777216-5-0-2-chunk-73.log
iteration,lmcg,arrival,32000000,1,16777216,1,0.172935,0.720000,513093010,0,1002,910095.881322,0,0,2,chunk,73,/workspace/data_dir/staging-repeat-20260927/lmcg-arrival-32000000-1-16777216-5-0-2-chunk-73.log
iteration,lmcg,arrival,32000000,1,16777216,2,0.160648,0.650000,501804964,0,1002,910095.881322,0,0,2,chunk,73,/workspace/data_dir/staging-repeat-20260927/lmcg-arrival-32000000-1-16777216-5-0-2-chunk-73.log
iteration,lmcg,arrival,32000000,1,16777216,3,0.167108,0.680000,502831150,0,1002,910095.881322,0,0,2,chunk,73,/workspace/data_dir/staging-repeat-20260927/lmcg-arrival-32000000-1-16777216-5-0-2-chunk-73.log
iteration,lmcg,arrival,32000000,1,16777216,4,0.170632,0.710000,501804964,0,1002,910095.881322,0,0,2,chunk,73,/workspace/data_dir/staging-repeat-20260927/lmcg-arrival-32000000-1-16777216-5-0-2-chunk-73.log
iteration,lmcg,arrival,32000000,1,16777216,5,0.173136,0.700000,501804964,0,1002,910095.881322,0,0,2,chunk,73,/workspace/data_dir/staging-repeat-20260927/lmcg-arrival-32000000-1-16777216-5-0-2-chunk-73.log
prepare,lmcg,arrival,32000000,1,16777216,0,0.156153,0.640000,0,513093015,0,0.00000000000,0,513114112,2,random,73,/workspace/data_dir/staging-repeat-20260927/lmcg-arrival-32000000-1-16777216-5-0-2-random-73.log
iteration,lmcg,arrival,32000000,1,16777216,1,0.193472,0.760000,513093015,0,1003,910095.881322,81920,0,2,random,73,/workspace/data_dir/staging-repeat-20260927/lmcg-arrival-32000000-1-16777216-5-0-2-random-73.log
iteration,lmcg,arrival,32000000,1,16777216,2,0.206799,0.870000,501804969,0,1003,910095.881322,0,0,2,random,73,/workspace/data_dir/staging-repeat-20260927/lmcg-arrival-32000000-1-16777216-5-0-2-random-73.log
iteration,lmcg,arrival,32000000,1,16777216,3,0.210433,0.900000,501804969,0,1003,910095.881322,0,0,2,random,73,/workspace/data_dir/staging-repeat-20260927/lmcg-arrival-32000000-1-16777216-5-0-2-random-73.log
iteration,lmcg,arrival,32000000,1,16777216,4,0.186974,0.780000,501804969,0,1003,910095.881322,0,0,2,random,73,/workspace/data_dir/staging-repeat-20260927/lmcg-arrival-32000000-1-16777216-5-0-2-random-73.log
iteration,lmcg,arrival,32000000,1,16777216,5,0.179674,0.760000,501804969,0,1003,910095.881322,0,0,2,random,73,/workspace/data_dir/staging-repeat-20260927/lmcg-arrival-32000000-1-16777216-5-0-2-random-73.log
prepare,lmcg,stage50,32000000,1,16777216,0,0.181955,0.640000,0,513093010,0,0.00000000000,0,513114112,2,chunk,73,/workspace/data_dir/staging-repeat-20260927/lmcg-stage50-32000000-1-16777216-5-0-2-chunk-73.log
iteration,lmcg,stage50,32000000,1,16777216,1,0.173285,0.710000,513093010,0,1002,910095.881322,0,0,2,chunk,73,/workspace/data_dir/staging-repeat-20260927/lmcg-stage50-32000000-1-16777216-5-0-2-chunk-73.log
iteration,lmcg,stage50,32000000,1,16777216,2,0.175179,0.710000,501804964,0,1002,910095.881322,0,0,2,chunk,73,/workspace/data_dir/staging-repeat-20260927/lmcg-stage50-32000000-1-16777216-5-0-2-chunk-73.log
iteration,lmcg,stage50,32000000,1,16777216,3,0.179335,0.730000,501804964,0,1002,910095.881322,0,0,2,chunk,73,/workspace/data_dir/staging-repeat-20260927/lmcg-stage50-32000000-1-16777216-5-0-2-chunk-73.log
iteration,lmcg,stage50,32000000,1,16777216,4,0.186123,0.770000,501804964,0,1002,910095.881322,0,0,2,chunk,73,/workspace/data_dir/staging-repeat-20260927/lmcg-stage50-32000000-1-16777216-5-0-2-chunk-73.log
iteration,lmcg,stage50,32000000,1,16777216,5,0.185048,0.750000,501804964,0,1002,910095.881322,0,0,2,chunk,73,/workspace/data_dir/staging-repeat-20260927/lmcg-stage50-32000000-1-16777216-5-0-2-chunk-73.log
prepare,lmcg,stage50,32000000,1,16777216,0,0.181973,0.630000,0,513093055,0,0.00000000000,0,513105920,2,random,73,/workspace/data_dir/staging-repeat-20260927/lmcg-stage50-32000000-1-16777216-5-0-2-random-73.log
iteration,lmcg,stage50,32000000,1,16777216,1,0.176344,0.730000,513093055,0,1011,910095.881322,0,0,2,random,73,/workspace/data_dir/staging-repeat-20260927/lmcg-stage50-32000000-1-16777216-5-0-2-random-73.log
iteration,lmcg,stage50,32000000,1,16777216,2,0.170607,0.690000,501805009,0,1011,910095.881322,0,0,2,random,73,/workspace/data_dir/staging-repeat-20260927/lmcg-stage50-32000000-1-16777216-5-0-2-random-73.log
iteration,lmcg,stage50,32000000,1,16777216,3,0.169287,0.690000,501805009,0,1011,910095.881322,0,0,2,random,73,/workspace/data_dir/staging-repeat-20260927/lmcg-stage50-32000000-1-16777216-5-0-2-random-73.log
iteration,lmcg,stage50,32000000,1,16777216,4,0.173014,0.710000,501805009,0,1011,910095.881322,0,0,2,random,73,/workspace/data_dir/staging-repeat-20260927/lmcg-stage50-32000000-1-16777216-5-0-2-random-73.log
iteration,lmcg,stage50,32000000,1,16777216,5,0.165624,0.680000,501805009,0,1011,910095.881322,0,0,2,random,73,/workspace/data_dir/staging-repeat-20260927/lmcg-stage50-32000000-1-16777216-5-0-2-random-73.log
prepare,gnmf,arrival,8000000,64,16777216,0,1.321940,4.260000,0,4224585260,0,0.00000000000,0,4224798720,2,random,73,/workspace/data_dir/staging-large-20260927/gnmf-arrival-8000000-64-16777216-5-0-2-random-73.log
iteration,gnmf,arrival,8000000,64,16777216,1,4.826074,32.980000,8440974734,4095287922,504,1.95978139995,551034880,4095090688,2,random,73,/workspace/data_dir/staging-large-20260927/gnmf-arrival-8000000-64-16777216-5-0-2-random-73.log
iteration,gnmf,arrival,8000000,64,16777216,2,4.483349,31.890000,8438924470,4092727727,504,1.98814231330,57831424,4093095936,2,random,73,/workspace/data_dir/staging-large-20260927/gnmf-arrival-8000000-64-16777216-5-0-2-random-73.log
iteration,gnmf,arrival,8000000,64,16777216,3,4.509500,31.910000,8436364275,4094263844,504,2.00435663965,66174976,4093702144,2,random,73,/workspace/data_dir/staging-large-20260927/gnmf-arrival-8000000-64-16777216-5-0-2-random-73.log
iteration,gnmf,arrival,8000000,64,16777216,4,4.299599,31.550000,8437388353,4092727727,504,2.00851350460,86323200,4092563456,2,random,73,/workspace/data_dir/staging-large-20260927/gnmf-arrival-8000000-64-16777216-5-0-2-random-73.log
iteration,gnmf,arrival,8000000,64,16777216,5,4.289692,31.080000,8436875260,4094775883,504,2.00344326641,20058112,4095111168,2,random,73,/workspace/data_dir/staging-large-20260927/gnmf-arrival-8000000-64-16777216-5-0-2-random-73.log
prepare,gnmf,stage50,8000000,64,16777216,0,1.318044,4.220000,0,4224585255,0,0.00000000000,0,4224794624,2,random,73,/workspace/data_dir/staging-large-20260927/gnmf-stage50-8000000-64-16777216-5-0-2-random-73.log
iteration,gnmf,stage50,8000000,64,16777216,1,5.323455,31.740000,8440974724,4094263844,502,1.95978139995,1123139584,4093739008,2,random,73,/workspace/data_dir/staging-large-20260927/gnmf-stage50-8000000-64-16777216-5-0-2-random-73.log
iteration,gnmf,stage50,8000000,64,16777216,2,5.656247,30.070000,8437901436,4091191610,502,1.98814231330,2303946752,4090572800,2,random,73,/workspace/data_dir/staging-large-20260927/gnmf-stage50-8000000-64-16777216-5-0-2-random-73.log
iteration,gnmf,stage50,8000000,64,16777216,3,10.755797,32.390000,8436366373,4093239766,502,2.00435663965,1874423808,4093419520,2,random,73,/workspace/data_dir/staging-large-20260927/gnmf-stage50-8000000-64-16777216-5-0-2-random-73.log
iteration,gnmf,stage50,8000000,64,16777216,4,7.013617,31.890000,8438924460,4090679571,502,2.00851350460,565948416,4091101184,2,random,73,/workspace/data_dir/staging-large-20260927/gnmf-stage50-8000000-64-16777216-5-0-2-random-73.log
iteration,gnmf,stage50,8000000,64,16777216,5,8.600448,30.510000,8437389397,4094775883,502,2.00344326641,121044992,4095295488,2,random,73,/workspace/data_dir/staging-large-20260927/gnmf-stage50-8000000-64-16777216-5-0-2-random-73.log
prepare,lmcg,arrival,256000000,1,16777216,0,0.654887,2.610000,0,2056744010,0,0.00000000000,1253376,2056781824,1,random,73,/workspace/data_dir/staging-large-20260927/lmcg-arrival-256000000-1-16777216-5-0-1-random-73.log
iteration,lmcg,arrival,256000000,1,16777216,1,0.903946,3.240000,2056744010,0,8002,801216.730160,7331840,0,1,random,73,/workspace/data_dir/staging-large-20260927/lmcg-arrival-256000000-1-16777216-5-0-1-random-73.log
iteration,lmcg,arrival,256000000,1,16777216,2,1.055130,3.340000,2046203197,0,8002,801216.730160,52899840,0,1,random,73,/workspace/data_dir/staging-large-20260927/lmcg-arrival-256000000-1-16777216-5-0-1-random-73.log
iteration,lmcg,arrival,256000000,1,16777216,3,0.759250,3.120000,2046203197,0,8002,801216.730160,65536,0,1,random,73,/workspace/data_dir/staging-large-20260927/lmcg-arrival-256000000-1-16777216-5-0-1-random-73.log
iteration,lmcg,arrival,256000000,1,16777216,4,0.680850,2.840000,2046203197,0,8002,801216.730160,946176,0,1,random,73,/workspace/data_dir/staging-large-20260927/lmcg-arrival-256000000-1-16777216-5-0-1-random-73.log
iteration,lmcg,arrival,256000000,1,16777216,5,0.724443,3.000000,2046203197,0,8002,801216.730160,24576,0,1,random,73,/workspace/data_dir/staging-large-20260927/lmcg-arrival-256000000-1-16777216-5-0-1-random-73.log
prepare,lmcg,stage50,256000000,1,16777216,0,0.755354,3.570000,0,2056744060,0,0.00000000000,0,2056839168,1,random,73,/workspace/data_dir/staging-large-20260927/lmcg-stage50-256000000-1-16777216-5-0-1-random-73.log
iteration,lmcg,stage50,256000000,1,16777216,1,0.770624,3.080000,2056744060,0,8012,801216.730160,81920,0,1,random,73,/workspace/data_dir/staging-large-20260927/lmcg-stage50-256000000-1-16777216-5-0-1-random-73.log
iteration,lmcg,stage50,256000000,1,16777216,2,0.721701,3.080000,2046203247,0,8012,801216.730160,0,0,1,random,73,/workspace/data_dir/staging-large-20260927/lmcg-stage50-256000000-1-16777216-5-0-1-random-73.log
iteration,lmcg,stage50,256000000,1,16777216,3,0.696392,2.890000,2046203247,0,8012,801216.730160,0,0,1,random,73,/workspace/data_dir/staging-large-20260927/lmcg-stage50-256000000-1-16777216-5-0-1-random-73.log
iteration,lmcg,stage50,256000000,1,16777216,4,0.727985,3.060000,2046203247,0,8012,801216.730160,0,0,1,random,73,/workspace/data_dir/staging-large-20260927/lmcg-stage50-256000000-1-16777216-5-0-1-random-73.log
iteration,lmcg,stage50,256000000,1,16777216,5,0.711939,2.950000,2046203247,0,8012,801216.730160,0,0,1,random,73,/workspace/data_dir/staging-large-20260927/lmcg-stage50-256000000-1-16777216-5-0-1-random-73.log
prepare,gnmf,arrival,8000000,64,16777216,0,2.404175,4.460000,0,4224585265,0,0.00000000000,0,4224798720,2,random,73,/workspace/data_dir/staging-large-repeat-20260927/gnmf-arrival-8000000-64-16777216-5-0-2-random-73.log
iteration,gnmf,arrival,8000000,64,16777216,1,7.544094,30.170000,8440462705,4093751805,506,1.95978139995,181850112,4094042112,2,random,73,/workspace/data_dir/staging-large-repeat-20260927/gnmf-arrival-8000000-64-16777216-5-0-2-random-73.log
iteration,gnmf,arrival,8000000,64,16777216,2,9.310399,30.320000,8438414549,4090167532,506,1.98814231330,84508672,4090601472,2,random,73,/workspace/data_dir/staging-large-repeat-20260927/gnmf-arrival-8000000-64-16777216-5-0-2-random-73.log
iteration,gnmf,arrival,8000000,64,16777216,3,8.486555,30.970000,8434828168,4093751805,506,2.00435663965,36311040,4094509056,2,random,73,/workspace/data_dir/staging-large-repeat-20260927/gnmf-arrival-8000000-64-16777216-5-0-2-random-73.log
iteration,gnmf,arrival,8000000,64,16777216,4,10.666092,30.660000,8437900402,4090167532,506,2.00851350460,74641408,4089651200,2,random,73,/workspace/data_dir/staging-large-repeat-20260927/gnmf-arrival-8000000-64-16777216-5-0-2-random-73.log
iteration,gnmf,arrival,8000000,64,16777216,5,12.540877,30.970000,8435852246,4094263844,506,2.00344326641,36593664,4094193664,2,random,73,/workspace/data_dir/staging-large-repeat-20260927/gnmf-arrival-8000000-64-16777216-5-0-2-random-73.log
prepare,gnmf,arrival,8000000,64,16777216,0,3.885179,5.060000,0,4224585260,0,0.00000000000,0,4224802816,2,random,91,/workspace/data_dir/staging-large-repeat-20260927/gnmf-arrival-8000000-64-16777216-5-0-2-random-91.log
iteration,gnmf,arrival,8000000,64,16777216,1,8.544848,29.720000,8441486773,4093239766,504,1.95978139995,1574445056,4093505536,2,random,91,/workspace/data_dir/staging-large-repeat-20260927/gnmf-arrival-8000000-64-16777216-5-0-2-random-91.log
iteration,gnmf,arrival,8000000,64,16777216,2,10.300083,29.500000,8437388353,4093239766,504,1.98814231330,2986725376,4092768256,2,random,91,/workspace/data_dir/staging-large-repeat-20260927/gnmf-arrival-8000000-64-16777216-5-0-2-random-91.log
iteration,gnmf,arrival,8000000,64,16777216,3,13.314514,30.400000,8437900392,4093751805,504,2.00435663965,4034924544,4094713856,2,random,91,/workspace/data_dir/staging-large-repeat-20260927/gnmf-arrival-8000000-64-16777216-5-0-2-random-91.log
iteration,gnmf,arrival,8000000,64,16777216,4,14.377007,31.370000,8436364275,4092727727,504,2.00851350460,3322089472,4091973632,2,random,91,/workspace/data_dir/staging-large-repeat-20260927/gnmf-arrival-8000000-64-16777216-5-0-2-random-91.log
iteration,gnmf,arrival,8000000,64,16777216,5,12.250613,32.350000,8436365329,4093239766,504,2.00344326641,3226308608,4092985344,2,random,91,/workspace/data_dir/staging-large-repeat-20260927/gnmf-arrival-8000000-64-16777216-5-0-2-random-91.log
prepare,gnmf,stage50,8000000,64,16777216,0,1.518409,5.170000,0,4224585260,0,0.00000000000,0,4224798720,2,random,73,/workspace/data_dir/staging-large-repeat-20260927/gnmf-stage50-8000000-64-16777216-5-0-2-random-73.log
iteration,gnmf,stage50,8000000,64,16777216,1,4.727390,32.320000,8440462695,4094263844,504,1.95978139995,107479040,4093812736,2,random,73,/workspace/data_dir/staging-large-repeat-20260927/gnmf-stage50-8000000-64-16777216-5-0-2-random-73.log
iteration,gnmf,stage50,8000000,64,16777216,2,4.563196,31.170000,8438925524,4094263844,504,1.98814231330,98848768,4094595072,2,random,73,/workspace/data_dir/staging-large-repeat-20260927/gnmf-stage50-8000000-64-16777216-5-0-2-random-73.log
iteration,gnmf,stage50,8000000,64,16777216,3,7.771646,31.670000,8438413485,4091703649,504,2.00435663965,24227840,4091572224,2,random,73,/workspace/data_dir/staging-large-repeat-20260927/gnmf-stage50-8000000-64-16777216-5-0-2-random-73.log
iteration,gnmf,stage50,8000000,64,16777216,4,7.683295,31.580000,8435852236,4093239766,504,2.00851350460,86343680,4092690432,2,random,73,/workspace/data_dir/staging-large-repeat-20260927/gnmf-stage50-8000000-64-16777216-5-0-2-random-73.log
iteration,gnmf,stage50,8000000,64,16777216,5,10.141169,30.260000,8437902500,4093239766,504,2.00344326641,33746944,4093112320,2,random,73,/workspace/data_dir/staging-large-repeat-20260927/gnmf-stage50-8000000-64-16777216-5-0-2-random-73.log
prepare,gnmf,stage50,8000000,64,16777216,0,4.626126,4.980000,0,4224585260,0,0.00000000000,0,4224806912,2,random,91,/workspace/data_dir/staging-large-repeat-20260927/gnmf-stage50-8000000-64-16777216-5-0-2-random-91.log
iteration,gnmf,stage50,8000000,64,16777216,1,7.919551,30.780000,8440974734,4094263844,504,1.95978139995,0,4093911040,2,random,91,/workspace/data_dir/staging-large-repeat-20260927/gnmf-stage50-8000000-64-16777216-5-0-2-random-91.log
iteration,gnmf,stage50,8000000,64,16777216,2,10.671562,32.400000,8437902500,4092727727,504,1.98814231330,0,4092805120,2,random,91,/workspace/data_dir/staging-large-repeat-20260927/gnmf-stage50-8000000-64-16777216-5-0-2-random-91.log
iteration,gnmf,stage50,8000000,64,16777216,3,11.166698,30.660000,8438924470,4095799961,504,2.00435663965,0,4095606784,2,random,91,/workspace/data_dir/staging-large-repeat-20260927/gnmf-stage50-8000000-64-16777216-5-0-2-random-91.log
iteration,gnmf,stage50,8000000,64,16777216,4,10.844329,30.870000,8436875260,4093751805,504,2.00851350460,0,4093829120,2,random,91,/workspace/data_dir/staging-large-repeat-20260927/gnmf-stage50-8000000-64-16777216-5-0-2-random-91.log
iteration,gnmf,stage50,8000000,64,16777216,5,9.868286,30.710000,8436877368,4093239766,504,2.00344326641,0,4093190144,2,random,91,/workspace/data_dir/staging-large-repeat-20260927/gnmf-stage50-8000000-64-16777216-5-0-2-random-91.log
prepare,gnmf,stage50x,8000000,64,16777216,0,2.792349,5.340000,0,4224585265,0,0.00000000000,0,4224811008,2,random,73,/workspace/data_dir/staging-large-repeat-20260927/gnmf-stage50x-8000000-64-16777216-5-0-2-random-73.log
iteration,gnmf,stage50x,8000000,64,16777216,1,5.084944,30.690000,8441486783,4094775883,506,1.95978139995,716509184,4094574592,2,random,73,/workspace/data_dir/staging-large-repeat-20260927/gnmf-stage50x-8000000-64-16777216-5-0-2-random-73.log
iteration,gnmf,stage50x,8000000,64,16777216,2,6.397095,30.400000,8438413495,4091703649,506,1.98814231330,2053857280,4092043264,2,random,73,/workspace/data_dir/staging-large-repeat-20260927/gnmf-stage50x-8000000-64-16777216-5-0-2-random-73.log
iteration,gnmf,stage50x,8000000,64,16777216,3,7.629898,30.020000,8435852246,4092215688,506,2.00435663965,4176687104,4093005824,2,random,73,/workspace/data_dir/staging-large-repeat-20260927/gnmf-stage50x-8000000-64-16777216-5-0-2-random-73.log
iteration,gnmf,stage50x,8000000,64,16777216,4,6.996169,29.200000,8438414549,4092727727,506,2.00851350460,1600208896,4092997632,2,random,73,/workspace/data_dir/staging-large-repeat-20260927/gnmf-stage50x-8000000-64-16777216-5-0-2-random-73.log
iteration,gnmf,stage50x,8000000,64,16777216,5,9.182339,29.570000,8435851192,4092215688,506,2.00344326641,2751066112,4092502016,2,random,73,/workspace/data_dir/staging-large-repeat-20260927/gnmf-stage50x-8000000-64-16777216-5-0-2-random-73.log
prepare,gnmf,stagefifo50,8000000,64,16777216,0,2.127224,4.400000,0,4224585260,0,0.00000000000,0,4224811008,2,random,73,/workspace/data_dir/staging-large-repeat-20260927/gnmf-stagefifo50-8000000-64-16777216-5-0-2-random-73.log
iteration,gnmf,stagefifo50,8000000,64,16777216,1,4.676307,30.010000,8440975788,4094263844,504,1.95978139995,217686016,4094492672,2,random,73,/workspace/data_dir/staging-large-repeat-20260927/gnmf-stagefifo50-8000000-64-16777216-5-0-2-random-73.log
iteration,gnmf,stagefifo50,8000000,64,16777216,2,4.727605,30.750000,8437899338,4091703649,504,1.98814231330,88788992,4091977728,2,random,73,/workspace/data_dir/staging-large-repeat-20260927/gnmf-stagefifo50-8000000-64-16777216-5-0-2-random-73.log
iteration,gnmf,stagefifo50,8000000,64,16777216,3,4.529714,30.360000,8436365329,4094775883,504,2.00435663965,35454976,4094185472,2,random,73,/workspace/data_dir/staging-large-repeat-20260927/gnmf-stagefifo50-8000000-64-16777216-5-0-2-random-73.log
iteration,gnmf,stagefifo50,8000000,64,16777216,4,4.531318,30.440000,8437386245,4092727727,504,2.00851350460,76603392,4093620224,2,random,73,/workspace/data_dir/staging-large-repeat-20260927/gnmf-stagefifo50-8000000-64-16777216-5-0-2-random-73.log
iteration,gnmf,stagefifo50,8000000,64,16777216,5,5.623919,31.790000,8437388353,4094263844,504,2.00344326641,49225728,4094627840,2,random,73,/workspace/data_dir/staging-large-repeat-20260927/gnmf-stagefifo50-8000000-64-16777216-5-0-2-random-73.log
