W_with_multiple_X,Wpacks,X_read,Xpacks,bytes,count,flushes,input,iteration,mean_span,new_W_write,old_W_read,peak_lane_bytes,sorting_ms,source,staged_tiles,tiles,true_pairs
,,,,1024320000,1000,0,X,0,1.000,,,0,0.000,/workspace/data_dir/staging-main-20260927/gnmf-arrival-1000000-16-16777216-5-0-128-chunk-42.log,0,1000,
,,,,128254088,251,0,W,0,17.849,,,0,0.000,/workspace/data_dir/staging-main-20260927/gnmf-arrival-1000000-16-16777216-5-0-128-chunk-42.log,0,1000,
251,251,,1000,,,,,0,,,,,,/workspace/data_dir/staging-main-20260927/gnmf-arrival-1000000-16-16777216-5-0-128-chunk-42.log,,,1000
,,,,1024320000,1000,0,X,1,1.000,,,0,0.000,/workspace/data_dir/staging-main-20260927/gnmf-arrival-1000000-16-16777216-5-0-128-chunk-42.log,0,1000,
,,,,128254088,251,0,W,1,42.163,,,0,0.000,/workspace/data_dir/staging-main-20260927/gnmf-arrival-1000000-16-16777216-5-0-128-chunk-42.log,0,1000,
251,251,,1000,,,,,1,,,,,,/workspace/data_dir/staging-main-20260927/gnmf-arrival-1000000-16-16777216-5-0-128-chunk-42.log,,,1000
,,,,1024320000,1000,0,X,2,1.000,,,0,0.000,/workspace/data_dir/staging-main-20260927/gnmf-arrival-1000000-16-16777216-5-0-128-chunk-42.log,0,1000,
,,,,128254088,251,0,W,2,45.458,,,0,0.000,/workspace/data_dir/staging-main-20260927/gnmf-arrival-1000000-16-16777216-5-0-128-chunk-42.log,0,1000,
251,251,,1000,,,,,2,,,,,,/workspace/data_dir/staging-main-20260927/gnmf-arrival-1000000-16-16777216-5-0-128-chunk-42.log,,,1000
,,,,1024320000,1000,0,X,3,1.000,,,0,0.000,/workspace/data_dir/staging-main-20260927/gnmf-arrival-1000000-16-16777216-5-0-128-chunk-42.log,0,1000,
,,,,128254176,252,0,W,3,44.206,,,0,0.000,/workspace/data_dir/staging-main-20260927/gnmf-arrival-1000000-16-16777216-5-0-128-chunk-42.log,0,1000,
250,252,,1000,,,,,3,,,,,,/workspace/data_dir/staging-main-20260927/gnmf-arrival-1000000-16-16777216-5-0-128-chunk-42.log,,,1000
,,,,1024320000,1000,0,X,4,1.000,,,0,0.000,/workspace/data_dir/staging-main-20260927/gnmf-arrival-1000000-16-16777216-5-0-128-chunk-42.log,0,1000,
,,,,128254088,251,0,W,4,42.024,,,0,0.000,/workspace/data_dir/staging-main-20260927/gnmf-arrival-1000000-16-16777216-5-0-128-chunk-42.log,0,1000,
251,251,,1000,,,,,4,,,,,,/workspace/data_dir/staging-main-20260927/gnmf-arrival-1000000-16-16777216-5-0-128-chunk-42.log,,,1000
,,,,1024320000,1000,0,X,5,1.000,,,0,0.000,/workspace/data_dir/staging-main-20260927/gnmf-arrival-1000000-16-16777216-5-0-128-chunk-42.log,0,1000,
,,,,128254176,252,0,W,5,42.623,,,0,0.000,/workspace/data_dir/staging-main-20260927/gnmf-arrival-1000000-16-16777216-5-0-128-chunk-42.log,0,1000,
250,252,,1000,,,,,5,,,,,,/workspace/data_dir/staging-main-20260927/gnmf-arrival-1000000-16-16777216-5-0-128-chunk-42.log,,,1000
,,,,1024320000,1000,0,X,0,1.000,,,0,0.000,/workspace/data_dir/staging-main-20260927/gnmf-arrival-1000000-16-16777216-5-0-128-random-42.log,0,1000,
,,,,128254088,251,0,W,0,588.187,,,0,0.000,/workspace/data_dir/staging-main-20260927/gnmf-arrival-1000000-16-16777216-5-0-128-random-42.log,0,1000,
251,251,,1000,,,,,0,,,,,,/workspace/data_dir/staging-main-20260927/gnmf-arrival-1000000-16-16777216-5-0-128-random-42.log,,,1000
,,,,1024320000,1000,0,X,1,1.000,,,0,0.000,/workspace/data_dir/staging-main-20260927/gnmf-arrival-1000000-16-16777216-5-0-128-random-42.log,0,1000,
,,,,128254176,252,0,W,1,598.468,,,0,0.000,/workspace/data_dir/staging-main-20260927/gnmf-arrival-1000000-16-16777216-5-0-128-random-42.log,0,1000,
252,252,,1000,,,,,1,,,,,,/workspace/data_dir/staging-main-20260927/gnmf-arrival-1000000-16-16777216-5-0-128-random-42.log,,,1000
,,,,1024320000,1000,0,X,2,1.000,,,0,0.000,/workspace/data_dir/staging-main-20260927/gnmf-arrival-1000000-16-16777216-5-0-128-random-42.log,0,1000,
,,,,128254176,252,0,W,2,585.437,,,0,0.000,/workspace/data_dir/staging-main-20260927/gnmf-arrival-1000000-16-16777216-5-0-128-random-42.log,0,1000,
250,252,,1000,,,,,2,,,,,,/workspace/data_dir/staging-main-20260927/gnmf-arrival-1000000-16-16777216-5-0-128-random-42.log,,,1000
,,,,1024320000,1000,0,X,3,1.000,,,0,0.000,/workspace/data_dir/staging-main-20260927/gnmf-arrival-1000000-16-16777216-5-0-128-random-42.log,0,1000,
,,,,128254088,251,0,W,3,605.303,,,0,0.000,/workspace/data_dir/staging-main-20260927/gnmf-arrival-1000000-16-16777216-5-0-128-random-42.log,0,1000,
251,251,,1000,,,,,3,,,,,,/workspace/data_dir/staging-main-20260927/gnmf-arrival-1000000-16-16777216-5-0-128-random-42.log,,,1000
,,,,1024320000,1000,0,X,4,1.000,,,0,0.000,/workspace/data_dir/staging-main-20260927/gnmf-arrival-1000000-16-16777216-5-0-128-random-42.log,0,1000,
,,,,128254088,251,0,W,4,607.972,,,0,0.000,/workspace/data_dir/staging-main-20260927/gnmf-arrival-1000000-16-16777216-5-0-128-random-42.log,0,1000,
251,251,,1000,,,,,4,,,,,,/workspace/data_dir/staging-main-20260927/gnmf-arrival-1000000-16-16777216-5-0-128-random-42.log,,,1000
,,,,1024320000,1000,0,X,5,1.000,,,0,0.000,/workspace/data_dir/staging-main-20260927/gnmf-arrival-1000000-16-16777216-5-0-128-random-42.log,0,1000,
,,,,128254088,251,0,W,5,602.761,,,0,0.000,/workspace/data_dir/staging-main-20260927/gnmf-arrival-1000000-16-16777216-5-0-128-random-42.log,0,1000,
250,251,,1000,,,,,5,,,,,,/workspace/data_dir/staging-main-20260927/gnmf-arrival-1000000-16-16777216-5-0-128-random-42.log,,,1000
,,,,129878176,252,0,X,0,138.976,,,0,0.000,/workspace/data_dir/staging-main-20260927/gnmf-arrival-8000000-16-16777216-5-0-2-chunk-42.log,0,8000,
,,,,1026032088,2001,0,W,0,18.345,,,0,0.000,/workspace/data_dir/staging-main-20260927/gnmf-arrival-8000000-16-16777216-5-0-2-chunk-42.log,0,8000,
399,2001,,252,,,,,0,,,,,,/workspace/data_dir/staging-main-20260927/gnmf-arrival-8000000-16-16777216-5-0-2-chunk-42.log,,,2414
,,,,129878176,252,0,X,1,138.976,,,0,0.000,/workspace/data_dir/staging-main-20260927/gnmf-arrival-8000000-16-16777216-5-0-2-chunk-42.log,0,8000,
,,,,1026032088,2001,0,W,1,18.329,,,0,0.000,/workspace/data_dir/staging-main-20260927/gnmf-arrival-8000000-16-16777216-5-0-2-chunk-42.log,0,8000,
1,2001,,252,,,,,1,,,,,,/workspace/data_dir/staging-main-20260927/gnmf-arrival-8000000-16-16777216-5-0-2-chunk-42.log,,,2002
,,,,129878176,252,0,X,2,138.976,,,0,0.000,/workspace/data_dir/staging-main-20260927/gnmf-arrival-8000000-16-16777216-5-0-2-chunk-42.log,0,8000,
,,,,1026032176,2002,0,W,2,18.285,,,0,0.000,/workspace/data_dir/staging-main-20260927/gnmf-arrival-8000000-16-16777216-5-0-2-chunk-42.log,0,8000,
0,2002,,252,,,,,2,,,,,,/workspace/data_dir/staging-main-20260927/gnmf-arrival-8000000-16-16777216-5-0-2-chunk-42.log,,,2002
,,,,129878176,252,0,X,3,138.976,,,0,0.000,/workspace/data_dir/staging-main-20260927/gnmf-arrival-8000000-16-16777216-5-0-2-chunk-42.log,0,8000,
,,,,1026032088,2001,0,W,3,18.302,,,0,0.000,/workspace/data_dir/staging-main-20260927/gnmf-arrival-8000000-16-16777216-5-0-2-chunk-42.log,0,8000,
1,2001,,252,,,,,3,,,,,,/workspace/data_dir/staging-main-20260927/gnmf-arrival-8000000-16-16777216-5-0-2-chunk-42.log,,,2002
,,,,129878176,252,0,X,4,138.976,,,0,0.000,/workspace/data_dir/staging-main-20260927/gnmf-arrival-8000000-16-16777216-5-0-2-chunk-42.log,0,8000,
,,,,1026032176,2002,0,W,4,18.285,,,0,0.000,/workspace/data_dir/staging-main-20260927/gnmf-arrival-8000000-16-16777216-5-0-2-chunk-42.log,0,8000,
0,2002,,252,,,,,4,,,,,,/workspace/data_dir/staging-main-20260927/gnmf-arrival-8000000-16-16777216-5-0-2-chunk-42.log,,,2002
,,,,129878176,252,0,X,5,138.976,,,0,0.000,/workspace/data_dir/staging-main-20260927/gnmf-arrival-8000000-16-16777216-5-0-2-chunk-42.log,0,8000,
,,,,1026032088,2001,0,W,5,18.329,,,0,0.000,/workspace/data_dir/staging-main-20260927/gnmf-arrival-8000000-16-16777216-5-0-2-chunk-42.log,0,8000,
1,2001,,252,,,,,5,,,,,,/workspace/data_dir/staging-main-20260927/gnmf-arrival-8000000-16-16777216-5-0-2-chunk-42.log,,,2002
,,,,129878264,253,0,X,0,7463.115,,,0,0.000,/workspace/data_dir/staging-main-20260927/gnmf-arrival-8000000-16-16777216-5-0-2-random-42.log,0,8000,
,,,,1026032176,2002,0,W,0,4816.714,,,0,0.000,/workspace/data_dir/staging-main-20260927/gnmf-arrival-8000000-16-16777216-5-0-2-random-42.log,0,8000,
2001,2002,,253,,,,,0,,,,,,/workspace/data_dir/staging-main-20260927/gnmf-arrival-8000000-16-16777216-5-0-2-random-42.log,,,7958
,,,,129878264,253,0,X,1,7463.115,,,0,0.000,/workspace/data_dir/staging-main-20260927/gnmf-arrival-8000000-16-16777216-5-0-2-random-42.log,0,8000,
,,,,1026032176,2002,0,W,1,4808.607,,,0,0.000,/workspace/data_dir/staging-main-20260927/gnmf-arrival-8000000-16-16777216-5-0-2-random-42.log,0,8000,
0,2002,,253,,,,,1,,,,,,/workspace/data_dir/staging-main-20260927/gnmf-arrival-8000000-16-16777216-5-0-2-random-42.log,,,2002
,,,,129878264,253,0,X,2,7463.115,,,0,0.000,/workspace/data_dir/staging-main-20260927/gnmf-arrival-8000000-16-16777216-5-0-2-random-42.log,0,8000,
,,,,1026032088,2001,0,W,2,4811.820,,,0,0.000,/workspace/data_dir/staging-main-20260927/gnmf-arrival-8000000-16-16777216-5-0-2-random-42.log,0,8000,
1,2001,,253,,,,,2,,,,,,/workspace/data_dir/staging-main-20260927/gnmf-arrival-8000000-16-16777216-5-0-2-random-42.log,,,2002
,,,,129878264,253,0,X,3,7463.115,,,0,0.000,/workspace/data_dir/staging-main-20260927/gnmf-arrival-8000000-16-16777216-5-0-2-random-42.log,0,8000,
,,,,1026032176,2002,0,W,3,4808.607,,,0,0.000,/workspace/data_dir/staging-main-20260927/gnmf-arrival-8000000-16-16777216-5-0-2-random-42.log,0,8000,
0,2002,,253,,,,,3,,,,,,/workspace/data_dir/staging-main-20260927/gnmf-arrival-8000000-16-16777216-5-0-2-random-42.log,,,2002
,,,,129878264,253,0,X,4,7463.115,,,0,0.000,/workspace/data_dir/staging-main-20260927/gnmf-arrival-8000000-16-16777216-5-0-2-random-42.log,0,8000,
,,,,1026032176,2002,0,W,4,4808.607,,,0,0.000,/workspace/data_dir/staging-main-20260927/gnmf-arrival-8000000-16-16777216-5-0-2-random-42.log,0,8000,
0,2002,,253,,,,,4,,,,,,/workspace/data_dir/staging-main-20260927/gnmf-arrival-8000000-16-16777216-5-0-2-random-42.log,,,2002
,,,,129878264,253,0,X,5,7463.115,,,0,0.000,/workspace/data_dir/staging-main-20260927/gnmf-arrival-8000000-16-16777216-5-0-2-random-42.log,0,8000,
,,,,1026032176,2002,0,W,5,4808.607,,,0,0.000,/workspace/data_dir/staging-main-20260927/gnmf-arrival-8000000-16-16777216-5-0-2-random-42.log,0,8000,
0,2002,,253,,,,,5,,,,,,/workspace/data_dir/staging-main-20260927/gnmf-arrival-8000000-16-16777216-5-0-2-random-42.log,,,2002
,,,,1024320000,1000,165,X,0,1.000,,,12290592,0.209,/workspace/data_dir/staging-main-20260927/gnmf-stage50-1000000-16-16777216-5-0-128-chunk-42.log,1000,1000,
,,,,128254088,251,18,W,0,13.331,,,13078032,0.209,/workspace/data_dir/staging-main-20260927/gnmf-stage50-1000000-16-16777216-5-0-128-chunk-42.log,1000,1000,
250,251,,1000,,,,,0,,,,,,/workspace/data_dir/staging-main-20260927/gnmf-stage50-1000000-16-16777216-5-0-128-chunk-42.log,,,1000
,,,,1024320000,1000,165,X,1,1.000,,,12290592,0.209,/workspace/data_dir/staging-main-20260927/gnmf-stage50-1000000-16-16777216-5-0-128-chunk-42.log,1000,1000,
,,,,128254088,251,16,W,1,12.956,,,13078032,0.221,/workspace/data_dir/staging-main-20260927/gnmf-stage50-1000000-16-16777216-5-0-128-chunk-42.log,1000,1000,
251,251,,1000,,,,,1,,,,,,/workspace/data_dir/staging-main-20260927/gnmf-stage50-1000000-16-16777216-5-0-128-chunk-42.log,,,1000
,,,,1024320000,1000,165,X,2,1.000,,,12290592,0.209,/workspace/data_dir/staging-main-20260927/gnmf-stage50-1000000-16-16777216-5-0-128-chunk-42.log,1000,1000,
,,,,128254088,251,16,W,2,12.873,,,13078032,0.200,/workspace/data_dir/staging-main-20260927/gnmf-stage50-1000000-16-16777216-5-0-128-chunk-42.log,1000,1000,
251,251,,1000,,,,,2,,,,,,/workspace/data_dir/staging-main-20260927/gnmf-stage50-1000000-16-16777216-5-0-128-chunk-42.log,,,1000
,,,,1024320000,1000,165,X,3,1.000,,,12290592,0.209,/workspace/data_dir/staging-main-20260927/gnmf-stage50-1000000-16-16777216-5-0-128-chunk-42.log,1000,1000,
,,,,128254176,252,16,W,3,12.948,,,13078032,0.255,/workspace/data_dir/staging-main-20260927/gnmf-stage50-1000000-16-16777216-5-0-128-chunk-42.log,1000,1000,
250,252,,1000,,,,,3,,,,,,/workspace/data_dir/staging-main-20260927/gnmf-stage50-1000000-16-16777216-5-0-128-chunk-42.log,,,1000
,,,,1024320000,1000,165,X,4,1.000,,,12290592,0.209,/workspace/data_dir/staging-main-20260927/gnmf-stage50-1000000-16-16777216-5-0-128-chunk-42.log,1000,1000,
,,,,128254176,252,16,W,4,13.056,,,13078032,0.233,/workspace/data_dir/staging-main-20260927/gnmf-stage50-1000000-16-16777216-5-0-128-chunk-42.log,1000,1000,
250,252,,1000,,,,,4,,,,,,/workspace/data_dir/staging-main-20260927/gnmf-stage50-1000000-16-16777216-5-0-128-chunk-42.log,,,1000
,,,,1024320000,1000,165,X,5,1.000,,,12290592,0.209,/workspace/data_dir/staging-main-20260927/gnmf-stage50-1000000-16-16777216-5-0-128-chunk-42.log,1000,1000,
,,,,128254088,251,16,W,5,12.952,,,13078032,0.191,/workspace/data_dir/staging-main-20260927/gnmf-stage50-1000000-16-16777216-5-0-128-chunk-42.log,1000,1000,
251,251,,1000,,,,,5,,,,,,/workspace/data_dir/staging-main-20260927/gnmf-stage50-1000000-16-16777216-5-0-128-chunk-42.log,,,1000
,,,,1024320000,1000,164,X,0,1.000,,,12290592,0.287,/workspace/data_dir/staging-main-20260927/gnmf-stage50-1000000-16-16777216-5-0-128-random-42.log,1000,1000,
,,,,128254088,251,18,W,0,26.116,,,13078032,0.272,/workspace/data_dir/staging-main-20260927/gnmf-stage50-1000000-16-16777216-5-0-128-random-42.log,1000,1000,
250,251,,1000,,,,,0,,,,,,/workspace/data_dir/staging-main-20260927/gnmf-stage50-1000000-16-16777216-5-0-128-random-42.log,,,1000
,,,,1024320000,1000,164,X,1,1.000,,,12290592,0.287,/workspace/data_dir/staging-main-20260927/gnmf-stage50-1000000-16-16777216-5-0-128-random-42.log,1000,1000,
,,,,128254088,251,16,W,1,23.657,,,13078032,0.288,/workspace/data_dir/staging-main-20260927/gnmf-stage50-1000000-16-16777216-5-0-128-random-42.log,1000,1000,
251,251,,1000,,,,,1,,,,,,/workspace/data_dir/staging-main-20260927/gnmf-stage50-1000000-16-16777216-5-0-128-random-42.log,,,1000
,,,,1024320000,1000,164,X,2,1.000,,,12290592,0.287,/workspace/data_dir/staging-main-20260927/gnmf-stage50-1000000-16-16777216-5-0-128-random-42.log,1000,1000,
,,,,128254176,252,16,W,2,24.524,,,13078032,0.261,/workspace/data_dir/staging-main-20260927/gnmf-stage50-1000000-16-16777216-5-0-128-random-42.log,1000,1000,
250,252,,1000,,,,,2,,,,,,/workspace/data_dir/staging-main-20260927/gnmf-stage50-1000000-16-16777216-5-0-128-random-42.log,,,1000
,,,,1024320000,1000,164,X,3,1.000,,,12290592,0.287,/workspace/data_dir/staging-main-20260927/gnmf-stage50-1000000-16-16777216-5-0-128-random-42.log,1000,1000,
,,,,128254088,251,16,W,3,24.570,,,13078032,0.295,/workspace/data_dir/staging-main-20260927/gnmf-stage50-1000000-16-16777216-5-0-128-random-42.log,1000,1000,
250,251,,1000,,,,,3,,,,,,/workspace/data_dir/staging-main-20260927/gnmf-stage50-1000000-16-16777216-5-0-128-random-42.log,,,1000
,,,,1024320000,1000,164,X,4,1.000,,,12290592,0.287,/workspace/data_dir/staging-main-20260927/gnmf-stage50-1000000-16-16777216-5-0-128-random-42.log,1000,1000,
,,,,128254088,251,16,W,4,24.203,,,13078032,0.272,/workspace/data_dir/staging-main-20260927/gnmf-stage50-1000000-16-16777216-5-0-128-random-42.log,1000,1000,
250,251,,1000,,,,,4,,,,,,/workspace/data_dir/staging-main-20260927/gnmf-stage50-1000000-16-16777216-5-0-128-random-42.log,,,1000
,,,,1024320000,1000,164,X,5,1.000,,,12290592,0.287,/workspace/data_dir/staging-main-20260927/gnmf-stage50-1000000-16-16777216-5-0-128-random-42.log,1000,1000,
,,,,128254176,252,16,W,5,24.040,,,13078032,0.236,/workspace/data_dir/staging-main-20260927/gnmf-stage50-1000000-16-16777216-5-0-128-random-42.log,1000,1000,
250,252,,1000,,,,,5,,,,,,/workspace/data_dir/staging-main-20260927/gnmf-stage50-1000000-16-16777216-5-0-128-random-42.log,,,1000
,,,,129878264,253,19,X,0,123.818,,,13102528,0.480,/workspace/data_dir/staging-main-20260927/gnmf-stage50-8000000-16-16777216-5-0-2-chunk-42.log,8000,8000,
,,,,1026032176,2002,153,W,0,13.463,,,13078032,0.868,/workspace/data_dir/staging-main-20260927/gnmf-stage50-8000000-16-16777216-5-0-2-chunk-42.log,8000,8000,
464,2002,,253,,,,,0,,,,,,/workspace/data_dir/staging-main-20260927/gnmf-stage50-8000000-16-16777216-5-0-2-chunk-42.log,,,2489
,,,,129878264,253,19,X,1,123.818,,,13102528,0.480,/workspace/data_dir/staging-main-20260927/gnmf-stage50-8000000-16-16777216-5-0-2-chunk-42.log,8000,8000,
,,,,1026032176,2002,153,W,1,39.401,,,13078032,1.371,/workspace/data_dir/staging-main-20260927/gnmf-stage50-8000000-16-16777216-5-0-2-chunk-42.log,8000,8000,
233,2002,,253,,,,,1,,,,,,/workspace/data_dir/staging-main-20260927/gnmf-stage50-8000000-16-16777216-5-0-2-chunk-42.log,,,2255
,,,,129878264,253,19,X,2,123.818,,,13102528,0.480,/workspace/data_dir/staging-main-20260927/gnmf-stage50-8000000-16-16777216-5-0-2-chunk-42.log,8000,8000,
,,,,1026032088,2001,152,W,2,39.464,,,13078032,1.347,/workspace/data_dir/staging-main-20260927/gnmf-stage50-8000000-16-16777216-5-0-2-chunk-42.log,8000,8000,
234,2001,,253,,,,,2,,,,,,/workspace/data_dir/staging-main-20260927/gnmf-stage50-8000000-16-16777216-5-0-2-chunk-42.log,,,2246
,,,,129878264,253,19,X,3,123.818,,,13102528,0.480,/workspace/data_dir/staging-main-20260927/gnmf-stage50-8000000-16-16777216-5-0-2-chunk-42.log,8000,8000,
,,,,1026032088,2001,152,W,3,35.831,,,13078032,1.423,/workspace/data_dir/staging-main-20260927/gnmf-stage50-8000000-16-16777216-5-0-2-chunk-42.log,8000,8000,
212,2001,,253,,,,,3,,,,,,/workspace/data_dir/staging-main-20260927/gnmf-stage50-8000000-16-16777216-5-0-2-chunk-42.log,,,2230
,,,,129878264,253,19,X,4,123.818,,,13102528,0.480,/workspace/data_dir/staging-main-20260927/gnmf-stage50-8000000-16-16777216-5-0-2-chunk-42.log,8000,8000,
,,,,1026032176,2002,151,W,4,38.458,,,13078032,1.376,/workspace/data_dir/staging-main-20260927/gnmf-stage50-8000000-16-16777216-5-0-2-chunk-42.log,8000,8000,
233,2002,,253,,,,,4,,,,,,/workspace/data_dir/staging-main-20260927/gnmf-stage50-8000000-16-16777216-5-0-2-chunk-42.log,,,2249
,,,,129878264,253,19,X,5,123.818,,,13102528,0.480,/workspace/data_dir/staging-main-20260927/gnmf-stage50-8000000-16-16777216-5-0-2-chunk-42.log,8000,8000,
,,,,1026032088,2001,152,W,5,34.217,,,13078032,1.274,/workspace/data_dir/staging-main-20260927/gnmf-stage50-8000000-16-16777216-5-0-2-chunk-42.log,8000,8000,
225,2001,,253,,,,,5,,,,,,/workspace/data_dir/staging-main-20260927/gnmf-stage50-8000000-16-16777216-5-0-2-chunk-42.log,,,2243
,,,,129878176,252,18,X,0,292.865,,,13102528,0.784,/workspace/data_dir/staging-main-20260927/gnmf-stage50-8000000-16-16777216-5-0-2-random-42.log,8000,8000,
,,,,1026032968,2011,152,W,0,145.585,,,13078032,0.977,/workspace/data_dir/staging-main-20260927/gnmf-stage50-8000000-16-16777216-5-0-2-random-42.log,8000,8000,
2003,2011,,252,,,,,0,,,,,,/workspace/data_dir/staging-main-20260927/gnmf-stage50-8000000-16-16777216-5-0-2-random-42.log,,,7042
,,,,129878176,252,18,X,1,292.865,,,13102528,0.784,/workspace/data_dir/staging-main-20260927/gnmf-stage50-8000000-16-16777216-5-0-2-random-42.log,8000,8000,
,,,,1026032616,2007,152,W,1,43.232,,,13078032,1.727,/workspace/data_dir/staging-main-20260927/gnmf-stage50-8000000-16-16777216-5-0-2-random-42.log,8000,8000,
391,2007,,252,,,,,1,,,,,,/workspace/data_dir/staging-main-20260927/gnmf-stage50-8000000-16-16777216-5-0-2-random-42.log,,,2410
,,,,129878176,252,18,X,2,292.865,,,13102528,0.784,/workspace/data_dir/staging-main-20260927/gnmf-stage50-8000000-16-16777216-5-0-2-random-42.log,8000,8000,
,,,,1026032616,2007,152,W,2,43.922,,,13078032,1.520,/workspace/data_dir/staging-main-20260927/gnmf-stage50-8000000-16-16777216-5-0-2-random-42.log,8000,8000,
371,2007,,252,,,,,2,,,,,,/workspace/data_dir/staging-main-20260927/gnmf-stage50-8000000-16-16777216-5-0-2-random-42.log,,,2386
,,,,129878176,252,18,X,3,292.865,,,13102528,0.784,/workspace/data_dir/staging-main-20260927/gnmf-stage50-8000000-16-16777216-5-0-2-random-42.log,8000,8000,
,,,,1026032616,2007,151,W,3,44.160,,,13078032,1.429,/workspace/data_dir/staging-main-20260927/gnmf-stage50-8000000-16-16777216-5-0-2-random-42.log,8000,8000,
360,2007,,252,,,,,3,,,,,,/workspace/data_dir/staging-main-20260927/gnmf-stage50-8000000-16-16777216-5-0-2-random-42.log,,,2383
,,,,129878176,252,18,X,4,292.865,,,13102528,0.784,/workspace/data_dir/staging-main-20260927/gnmf-stage50-8000000-16-16777216-5-0-2-random-42.log,8000,8000,
,,,,1026032440,2005,152,W,4,47.265,,,13078032,1.483,/workspace/data_dir/staging-main-20260927/gnmf-stage50-8000000-16-16777216-5-0-2-random-42.log,8000,8000,
381,2005,,252,,,,,4,,,,,,/workspace/data_dir/staging-main-20260927/gnmf-stage50-8000000-16-16777216-5-0-2-random-42.log,,,2402
,,,,129878176,252,18,X,5,292.865,,,13102528,0.784,/workspace/data_dir/staging-main-20260927/gnmf-stage50-8000000-16-16777216-5-0-2-random-42.log,8000,8000,
,,,,1026032528,2006,152,W,5,41.653,,,13078032,1.445,/workspace/data_dir/staging-main-20260927/gnmf-stage50-8000000-16-16777216-5-0-2-random-42.log,8000,8000,
358,2006,,252,,,,,5,,,,,,/workspace/data_dir/staging-main-20260927/gnmf-stage50-8000000-16-16777216-5-0-2-random-42.log,,,2375
,,,,1024320000,1000,164,X,0,1.000,,,12290592,0.139,/workspace/data_dir/staging-main-20260927/gnmf-stagefifo50-1000000-16-16777216-5-0-128-chunk-42.log,1000,1000,
,,,,128254088,251,18,W,0,18.594,,,13078032,0.036,/workspace/data_dir/staging-main-20260927/gnmf-stagefifo50-1000000-16-16777216-5-0-128-chunk-42.log,1000,1000,
250,251,,1000,,,,,0,,,,,,/workspace/data_dir/staging-main-20260927/gnmf-stagefifo50-1000000-16-16777216-5-0-128-chunk-42.log,,,1000
,,,,1024320000,1000,164,X,1,1.000,,,12290592,0.139,/workspace/data_dir/staging-main-20260927/gnmf-stagefifo50-1000000-16-16777216-5-0-128-chunk-42.log,1000,1000,
,,,,128254088,251,16,W,1,50.785,,,13078032,0.035,/workspace/data_dir/staging-main-20260927/gnmf-stagefifo50-1000000-16-16777216-5-0-128-chunk-42.log,1000,1000,
250,251,,1000,,,,,1,,,,,,/workspace/data_dir/staging-main-20260927/gnmf-stagefifo50-1000000-16-16777216-5-0-128-chunk-42.log,,,1000
,,,,1024320000,1000,164,X,2,1.000,,,12290592,0.139,/workspace/data_dir/staging-main-20260927/gnmf-stagefifo50-1000000-16-16777216-5-0-128-chunk-42.log,1000,1000,
,,,,128254088,251,16,W,2,50.474,,,13078032,0.037,/workspace/data_dir/staging-main-20260927/gnmf-stagefifo50-1000000-16-16777216-5-0-128-chunk-42.log,1000,1000,
251,251,,1000,,,,,2,,,,,,/workspace/data_dir/staging-main-20260927/gnmf-stagefifo50-1000000-16-16777216-5-0-128-chunk-42.log,,,1000
,,,,1024320000,1000,164,X,3,1.000,,,12290592,0.139,/workspace/data_dir/staging-main-20260927/gnmf-stagefifo50-1000000-16-16777216-5-0-128-chunk-42.log,1000,1000,
,,,,128254088,251,16,W,3,49.131,,,13078032,0.040,/workspace/data_dir/staging-main-20260927/gnmf-stagefifo50-1000000-16-16777216-5-0-128-chunk-42.log,1000,1000,
251,251,,1000,,,,,3,,,,,,/workspace/data_dir/staging-main-20260927/gnmf-stagefifo50-1000000-16-16777216-5-0-128-chunk-42.log,,,1000
,,,,1024320000,1000,164,X,4,1.000,,,12290592,0.139,/workspace/data_dir/staging-main-20260927/gnmf-stagefifo50-1000000-16-16777216-5-0-128-chunk-42.log,1000,1000,
,,,,128254176,252,16,W,4,52.111,,,13078032,0.035,/workspace/data_dir/staging-main-20260927/gnmf-stagefifo50-1000000-16-16777216-5-0-128-chunk-42.log,1000,1000,
251,252,,1000,,,,,4,,,,,,/workspace/data_dir/staging-main-20260927/gnmf-stagefifo50-1000000-16-16777216-5-0-128-chunk-42.log,,,1000
,,,,1024320000,1000,164,X,5,1.000,,,12290592,0.139,/workspace/data_dir/staging-main-20260927/gnmf-stagefifo50-1000000-16-16777216-5-0-128-chunk-42.log,1000,1000,
,,,,128254176,252,16,W,5,51.075,,,13078032,0.042,/workspace/data_dir/staging-main-20260927/gnmf-stagefifo50-1000000-16-16777216-5-0-128-chunk-42.log,1000,1000,
251,252,,1000,,,,,5,,,,,,/workspace/data_dir/staging-main-20260927/gnmf-stagefifo50-1000000-16-16777216-5-0-128-chunk-42.log,,,1000
,,,,1024320000,1000,164,X,0,1.000,,,12290592,0.159,/workspace/data_dir/staging-main-20260927/gnmf-stagefifo50-1000000-16-16777216-5-0-128-random-42.log,1000,1000,
,,,,128254088,251,18,W,0,596.550,,,13078032,0.025,/workspace/data_dir/staging-main-20260927/gnmf-stagefifo50-1000000-16-16777216-5-0-128-random-42.log,1000,1000,
250,251,,1000,,,,,0,,,,,,/workspace/data_dir/staging-main-20260927/gnmf-stagefifo50-1000000-16-16777216-5-0-128-random-42.log,,,1000
,,,,1024320000,1000,164,X,1,1.000,,,12290592,0.159,/workspace/data_dir/staging-main-20260927/gnmf-stagefifo50-1000000-16-16777216-5-0-128-random-42.log,1000,1000,
,,,,128254088,251,16,W,1,598.749,,,13078032,0.036,/workspace/data_dir/staging-main-20260927/gnmf-stagefifo50-1000000-16-16777216-5-0-128-random-42.log,1000,1000,
250,251,,1000,,,,,1,,,,,,/workspace/data_dir/staging-main-20260927/gnmf-stagefifo50-1000000-16-16777216-5-0-128-random-42.log,,,1000
,,,,1024320000,1000,164,X,2,1.000,,,12290592,0.159,/workspace/data_dir/staging-main-20260927/gnmf-stagefifo50-1000000-16-16777216-5-0-128-random-42.log,1000,1000,
,,,,128254088,251,16,W,2,603.498,,,13078032,0.041,/workspace/data_dir/staging-main-20260927/gnmf-stagefifo50-1000000-16-16777216-5-0-128-random-42.log,1000,1000,
251,251,,1000,,,,,2,,,,,,/workspace/data_dir/staging-main-20260927/gnmf-stagefifo50-1000000-16-16777216-5-0-128-random-42.log,,,1000
,,,,1024320000,1000,164,X,3,1.000,,,12290592,0.159,/workspace/data_dir/staging-main-20260927/gnmf-stagefifo50-1000000-16-16777216-5-0-128-random-42.log,1000,1000,
,,,,128254088,251,17,W,3,599.928,,,13078032,0.044,/workspace/data_dir/staging-main-20260927/gnmf-stagefifo50-1000000-16-16777216-5-0-128-random-42.log,1000,1000,
251,251,,1000,,,,,3,,,,,,/workspace/data_dir/staging-main-20260927/gnmf-stagefifo50-1000000-16-16777216-5-0-128-random-42.log,,,1000
,,,,1024320000,1000,164,X,4,1.000,,,12290592,0.159,/workspace/data_dir/staging-main-20260927/gnmf-stagefifo50-1000000-16-16777216-5-0-128-random-42.log,1000,1000,
,,,,128254176,252,16,W,4,574.353,,,13078032,0.033,/workspace/data_dir/staging-main-20260927/gnmf-stagefifo50-1000000-16-16777216-5-0-128-random-42.log,1000,1000,
251,252,,1000,,,,,4,,,,,,/workspace/data_dir/staging-main-20260927/gnmf-stagefifo50-1000000-16-16777216-5-0-128-random-42.log,,,1000
,,,,1024320000,1000,164,X,5,1.000,,,12290592,0.159,/workspace/data_dir/staging-main-20260927/gnmf-stagefifo50-1000000-16-16777216-5-0-128-random-42.log,1000,1000,
,,,,128254088,251,16,W,5,598.912,,,13078032,0.036,/workspace/data_dir/staging-main-20260927/gnmf-stagefifo50-1000000-16-16777216-5-0-128-random-42.log,1000,1000,
251,251,,1000,,,,,5,,,,,,/workspace/data_dir/staging-main-20260927/gnmf-stagefifo50-1000000-16-16777216-5-0-128-random-42.log,,,1000
,,,,129878176,252,18,X,0,139.933,,,13102528,0.083,/workspace/data_dir/staging-main-20260927/gnmf-stagefifo50-8000000-16-16777216-5-0-2-chunk-42.log,8000,8000,
,,,,1026032176,2002,153,W,0,18.481,,,13078032,0.186,/workspace/data_dir/staging-main-20260927/gnmf-stagefifo50-8000000-16-16777216-5-0-2-chunk-42.log,8000,8000,
444,2002,,252,,,,,0,,,,,,/workspace/data_dir/staging-main-20260927/gnmf-stagefifo50-8000000-16-16777216-5-0-2-chunk-42.log,,,2468
,,,,129878176,252,18,X,1,139.933,,,13102528,0.083,/workspace/data_dir/staging-main-20260927/gnmf-stagefifo50-8000000-16-16777216-5-0-2-chunk-42.log,8000,8000,
,,,,1026032176,2002,152,W,1,18.083,,,13078032,0.392,/workspace/data_dir/staging-main-20260927/gnmf-stagefifo50-8000000-16-16777216-5-0-2-chunk-42.log,8000,8000,
0,2002,,252,,,,,1,,,,,,/workspace/data_dir/staging-main-20260927/gnmf-stagefifo50-8000000-16-16777216-5-0-2-chunk-42.log,,,2002
,,,,129878176,252,18,X,2,139.933,,,13102528,0.083,/workspace/data_dir/staging-main-20260927/gnmf-stagefifo50-8000000-16-16777216-5-0-2-chunk-42.log,8000,8000,
,,,,1026032088,2001,152,W,2,18.103,,,13078032,0.363,/workspace/data_dir/staging-main-20260927/gnmf-stagefifo50-8000000-16-16777216-5-0-2-chunk-42.log,8000,8000,
1,2001,,252,,,,,2,,,,,,/workspace/data_dir/staging-main-20260927/gnmf-stagefifo50-8000000-16-16777216-5-0-2-chunk-42.log,,,2002
,,,,129878176,252,18,X,3,139.933,,,13102528,0.083,/workspace/data_dir/staging-main-20260927/gnmf-stagefifo50-8000000-16-16777216-5-0-2-chunk-42.log,8000,8000,
,,,,1026032176,2002,152,W,3,18.083,,,13078032,0.377,/workspace/data_dir/staging-main-20260927/gnmf-stagefifo50-8000000-16-16777216-5-0-2-chunk-42.log,8000,8000,
0,2002,,252,,,,,3,,,,,,/workspace/data_dir/staging-main-20260927/gnmf-stagefifo50-8000000-16-16777216-5-0-2-chunk-42.log,,,2002
,,,,129878176,252,18,X,4,139.933,,,13102528,0.083,/workspace/data_dir/staging-main-20260927/gnmf-stagefifo50-8000000-16-16777216-5-0-2-chunk-42.log,8000,8000,
,,,,1026032088,2001,153,W,4,18.103,,,13078032,0.384,/workspace/data_dir/staging-main-20260927/gnmf-stagefifo50-8000000-16-16777216-5-0-2-chunk-42.log,8000,8000,
1,2001,,252,,,,,4,,,,,,/workspace/data_dir/staging-main-20260927/gnmf-stagefifo50-8000000-16-16777216-5-0-2-chunk-42.log,,,2002
,,,,129878176,252,18,X,5,139.933,,,13102528,0.083,/workspace/data_dir/staging-main-20260927/gnmf-stagefifo50-8000000-16-16777216-5-0-2-chunk-42.log,8000,8000,
,,,,1026032088,2001,152,W,5,18.164,,,13078032,0.352,/workspace/data_dir/staging-main-20260927/gnmf-stagefifo50-8000000-16-16777216-5-0-2-chunk-42.log,8000,8000,
1,2001,,252,,,,,5,,,,,,/workspace/data_dir/staging-main-20260927/gnmf-stagefifo50-8000000-16-16777216-5-0-2-chunk-42.log,,,2002
,,,,129878264,253,18,X,0,7489.810,,,13102528,0.074,/workspace/data_dir/staging-main-20260927/gnmf-stagefifo50-8000000-16-16777216-5-0-2-random-42.log,8000,8000,
,,,,1026032088,2001,152,W,0,4828.983,,,13078032,0.235,/workspace/data_dir/staging-main-20260927/gnmf-stagefifo50-8000000-16-16777216-5-0-2-random-42.log,8000,8000,
2001,2001,,253,,,,,0,,,,,,/workspace/data_dir/staging-main-20260927/gnmf-stagefifo50-8000000-16-16777216-5-0-2-random-42.log,,,7961
,,,,129878264,253,18,X,1,7489.810,,,13102528,0.074,/workspace/data_dir/staging-main-20260927/gnmf-stagefifo50-8000000-16-16777216-5-0-2-random-42.log,8000,8000,
,,,,1026032176,2002,152,W,1,4763.236,,,13078032,0.510,/workspace/data_dir/staging-main-20260927/gnmf-stagefifo50-8000000-16-16777216-5-0-2-random-42.log,8000,8000,
0,2002,,253,,,,,1,,,,,,/workspace/data_dir/staging-main-20260927/gnmf-stagefifo50-8000000-16-16777216-5-0-2-random-42.log,,,2002
,,,,129878264,253,18,X,2,7489.810,,,13102528,0.074,/workspace/data_dir/staging-main-20260927/gnmf-stagefifo50-8000000-16-16777216-5-0-2-random-42.log,8000,8000,
,,,,1026032176,2002,152,W,2,4763.236,,,13078032,0.339,/workspace/data_dir/staging-main-20260927/gnmf-stagefifo50-8000000-16-16777216-5-0-2-random-42.log,8000,8000,
0,2002,,253,,,,,2,,,,,,/workspace/data_dir/staging-main-20260927/gnmf-stagefifo50-8000000-16-16777216-5-0-2-random-42.log,,,2002
,,,,129878264,253,18,X,3,7489.810,,,13102528,0.074,/workspace/data_dir/staging-main-20260927/gnmf-stagefifo50-8000000-16-16777216-5-0-2-random-42.log,8000,8000,
,,,,1026032088,2001,153,W,3,4768.420,,,13078032,0.364,/workspace/data_dir/staging-main-20260927/gnmf-stagefifo50-8000000-16-16777216-5-0-2-random-42.log,8000,8000,
1,2001,,253,,,,,3,,,,,,/workspace/data_dir/staging-main-20260927/gnmf-stagefifo50-8000000-16-16777216-5-0-2-random-42.log,,,2002
,,,,129878264,253,18,X,4,7489.810,,,13102528,0.074,/workspace/data_dir/staging-main-20260927/gnmf-stagefifo50-8000000-16-16777216-5-0-2-random-42.log,8000,8000,
,,,,1026032176,2002,153,W,4,4763.236,,,13078032,0.425,/workspace/data_dir/staging-main-20260927/gnmf-stagefifo50-8000000-16-16777216-5-0-2-random-42.log,8000,8000,
0,2002,,253,,,,,4,,,,,,/workspace/data_dir/staging-main-20260927/gnmf-stagefifo50-8000000-16-16777216-5-0-2-random-42.log,,,2002
,,,,129878264,253,18,X,5,7489.810,,,13102528,0.074,/workspace/data_dir/staging-main-20260927/gnmf-stagefifo50-8000000-16-16777216-5-0-2-random-42.log,8000,8000,
,,,,1026032088,2001,152,W,5,4767.967,,,13078032,0.382,/workspace/data_dir/staging-main-20260927/gnmf-stagefifo50-8000000-16-16777216-5-0-2-random-42.log,8000,8000,
1,2001,,253,,,,,5,,,,,,/workspace/data_dir/staging-main-20260927/gnmf-stagefifo50-8000000-16-16777216-5-0-2-random-42.log,,,2002
,,,,1024320000,1000,0,X,0,1.000,,,0,0.000,/workspace/data_dir/staging-main-20260927/gnmf-window-1000000-16-16777216-5-0-128-chunk-42.log,0,1000,
,,,,128257872,294,0,W,0,3.401,,,0,0.000,/workspace/data_dir/staging-main-20260927/gnmf-window-1000000-16-16777216-5-0-128-chunk-42.log,0,1000,
250,294,,1000,,,,,0,,,,,,/workspace/data_dir/staging-main-20260927/gnmf-window-1000000-16-16777216-5-0-128-chunk-42.log,,,1000
,,,,1024320000,1000,0,X,1,1.000,,,0,0.000,/workspace/data_dir/staging-main-20260927/gnmf-window-1000000-16-16777216-5-0-128-chunk-42.log,0,1000,
,,,,128279784,543,0,W,1,4.768,,,0,0.000,/workspace/data_dir/staging-main-20260927/gnmf-window-1000000-16-16777216-5-0-128-chunk-42.log,0,1000,
260,543,,1000,,,,,1,,,,,,/workspace/data_dir/staging-main-20260927/gnmf-window-1000000-16-16777216-5-0-128-chunk-42.log,,,1000
,,,,1024320000,1000,0,X,2,1.000,,,0,0.000,/workspace/data_dir/staging-main-20260927/gnmf-window-1000000-16-16777216-5-0-128-chunk-42.log,0,1000,
,,,,128280928,556,0,W,2,4.806,,,0,0.000,/workspace/data_dir/staging-main-20260927/gnmf-window-1000000-16-16777216-5-0-128-chunk-42.log,0,1000,
254,556,,1000,,,,,2,,,,,,/workspace/data_dir/staging-main-20260927/gnmf-window-1000000-16-16777216-5-0-128-chunk-42.log,,,1000
,,,,1024320000,1000,0,X,3,1.000,,,0,0.000,/workspace/data_dir/staging-main-20260927/gnmf-window-1000000-16-16777216-5-0-128-chunk-42.log,0,1000,
,,,,128278816,532,0,W,3,5.267,,,0,0.000,/workspace/data_dir/staging-main-20260927/gnmf-window-1000000-16-16777216-5-0-128-chunk-42.log,0,1000,
259,532,,1000,,,,,3,,,,,,/workspace/data_dir/staging-main-20260927/gnmf-window-1000000-16-16777216-5-0-128-chunk-42.log,,,1000
,,,,1024320000,1000,0,X,4,1.000,,,0,0.000,/workspace/data_dir/staging-main-20260927/gnmf-window-1000000-16-16777216-5-0-128-chunk-42.log,0,1000,
,,,,128278816,532,0,W,4,4.368,,,0,0.000,/workspace/data_dir/staging-main-20260927/gnmf-window-1000000-16-16777216-5-0-128-chunk-42.log,0,1000,
265,532,,1000,,,,,4,,,,,,/workspace/data_dir/staging-main-20260927/gnmf-window-1000000-16-16777216-5-0-128-chunk-42.log,,,1000
,,,,1024320000,1000,0,X,5,1.000,,,0,0.000,/workspace/data_dir/staging-main-20260927/gnmf-window-1000000-16-16777216-5-0-128-chunk-42.log,0,1000,
,,,,128279344,538,0,W,5,4.401,,,0,0.000,/workspace/data_dir/staging-main-20260927/gnmf-window-1000000-16-16777216-5-0-128-chunk-42.log,0,1000,
249,538,,1000,,,,,5,,,,,,/workspace/data_dir/staging-main-20260927/gnmf-window-1000000-16-16777216-5-0-128-chunk-42.log,,,1000
,,,,1024320000,1000,0,X,0,1.000,,,0,0.000,/workspace/data_dir/staging-main-20260927/gnmf-window-1000000-16-16777216-5-0-128-random-42.log,0,1000,
,,,,128317008,966,0,W,0,1.342,,,0,0.000,/workspace/data_dir/staging-main-20260927/gnmf-window-1000000-16-16777216-5-0-128-random-42.log,0,1000,
34,966,,1000,,,,,0,,,,,,/workspace/data_dir/staging-main-20260927/gnmf-window-1000000-16-16777216-5-0-128-random-42.log,,,1000
,,,,1024320000,1000,0,X,1,1.000,,,0,0.000,/workspace/data_dir/staging-main-20260927/gnmf-window-1000000-16-16777216-5-0-128-random-42.log,0,1000,
,,,,128317272,969,0,W,1,1.299,,,0,0.000,/workspace/data_dir/staging-main-20260927/gnmf-window-1000000-16-16777216-5-0-128-random-42.log,0,1000,
31,969,,1000,,,,,1,,,,,,/workspace/data_dir/staging-main-20260927/gnmf-window-1000000-16-16777216-5-0-128-random-42.log,,,1000
,,,,1024320000,1000,0,X,2,1.000,,,0,0.000,/workspace/data_dir/staging-main-20260927/gnmf-window-1000000-16-16777216-5-0-128-random-42.log,0,1000,
,,,,128316920,965,0,W,2,1.355,,,0,0.000,/workspace/data_dir/staging-main-20260927/gnmf-window-1000000-16-16777216-5-0-128-random-42.log,0,1000,
34,965,,1000,,,,,2,,,,,,/workspace/data_dir/staging-main-20260927/gnmf-window-1000000-16-16777216-5-0-128-random-42.log,,,1000
,,,,1024320000,1000,0,X,3,1.000,,,0,0.000,/workspace/data_dir/staging-main-20260927/gnmf-window-1000000-16-16777216-5-0-128-random-42.log,0,1000,
,,,,128317184,968,0,W,3,1.379,,,0,0.000,/workspace/data_dir/staging-main-20260927/gnmf-window-1000000-16-16777216-5-0-128-random-42.log,0,1000,
32,968,,1000,,,,,3,,,,,,/workspace/data_dir/staging-main-20260927/gnmf-window-1000000-16-16777216-5-0-128-random-42.log,,,1000
,,,,1024320000,1000,0,X,4,1.000,,,0,0.000,/workspace/data_dir/staging-main-20260927/gnmf-window-1000000-16-16777216-5-0-128-random-42.log,0,1000,
,,,,128318680,985,0,W,4,1.127,,,0,0.000,/workspace/data_dir/staging-main-20260927/gnmf-window-1000000-16-16777216-5-0-128-random-42.log,0,1000,
15,985,,1000,,,,,4,,,,,,/workspace/data_dir/staging-main-20260927/gnmf-window-1000000-16-16777216-5-0-128-random-42.log,,,1000
,,,,1024320000,1000,0,X,5,1.000,,,0,0.000,/workspace/data_dir/staging-main-20260927/gnmf-window-1000000-16-16777216-5-0-128-random-42.log,0,1000,
,,,,128317800,975,0,W,5,1.200,,,0,0.000,/workspace/data_dir/staging-main-20260927/gnmf-window-1000000-16-16777216-5-0-128-random-42.log,0,1000,
25,975,,1000,,,,,5,,,,,,/workspace/data_dir/staging-main-20260927/gnmf-window-1000000-16-16777216-5-0-128-random-42.log,,,1000
,,,,129918128,706,0,X,0,11.331,,,0,0.000,/workspace/data_dir/staging-main-20260927/gnmf-window-8000000-16-16777216-5-0-2-chunk-42.log,0,8000,
,,,,1026063064,2353,0,W,0,3.400,,,0,0.000,/workspace/data_dir/staging-main-20260927/gnmf-window-8000000-16-16777216-5-0-2-chunk-42.log,0,8000,
0,2353,,706,,,,,0,,,,,,/workspace/data_dir/staging-main-20260927/gnmf-window-8000000-16-16777216-5-0-2-chunk-42.log,,,2353
,,,,129918128,706,0,X,1,11.331,,,0,0.000,/workspace/data_dir/staging-main-20260927/gnmf-window-8000000-16-16777216-5-0-2-chunk-42.log,0,8000,
,,,,1026058840,2305,0,W,1,3.947,,,0,0.000,/workspace/data_dir/staging-main-20260927/gnmf-window-8000000-16-16777216-5-0-2-chunk-42.log,0,8000,
55,2305,,706,,,,,1,,,,,,/workspace/data_dir/staging-main-20260927/gnmf-window-8000000-16-16777216-5-0-2-chunk-42.log,,,2360
,,,,129918128,706,0,X,2,11.331,,,0,0.000,/workspace/data_dir/staging-main-20260927/gnmf-window-8000000-16-16777216-5-0-2-chunk-42.log,0,8000,
,,,,1026058928,2306,0,W,2,3.972,,,0,0.000,/workspace/data_dir/staging-main-20260927/gnmf-window-8000000-16-16777216-5-0-2-chunk-42.log,0,8000,
54,2306,,706,,,,,2,,,,,,/workspace/data_dir/staging-main-20260927/gnmf-window-8000000-16-16777216-5-0-2-chunk-42.log,,,2360
,,,,129918128,706,0,X,3,11.331,,,0,0.000,/workspace/data_dir/staging-main-20260927/gnmf-window-8000000-16-16777216-5-0-2-chunk-42.log,0,8000,
,,,,1026058224,2298,0,W,3,3.983,,,0,0.000,/workspace/data_dir/staging-main-20260927/gnmf-window-8000000-16-16777216-5-0-2-chunk-42.log,0,8000,
58,2298,,706,,,,,3,,,,,,/workspace/data_dir/staging-main-20260927/gnmf-window-8000000-16-16777216-5-0-2-chunk-42.log,,,2356
,,,,129918128,706,0,X,4,11.331,,,0,0.000,/workspace/data_dir/staging-main-20260927/gnmf-window-8000000-16-16777216-5-0-2-chunk-42.log,0,8000,
,,,,1026058400,2300,0,W,4,4.047,,,0,0.000,/workspace/data_dir/staging-main-20260927/gnmf-window-8000000-16-16777216-5-0-2-chunk-42.log,0,8000,
60,2300,,706,,,,,4,,,,,,/workspace/data_dir/staging-main-20260927/gnmf-window-8000000-16-16777216-5-0-2-chunk-42.log,,,2360
,,,,129918128,706,0,X,5,11.331,,,0,0.000,/workspace/data_dir/staging-main-20260927/gnmf-window-8000000-16-16777216-5-0-2-chunk-42.log,0,8000,
,,,,1026058312,2299,0,W,5,3.992,,,0,0.000,/workspace/data_dir/staging-main-20260927/gnmf-window-8000000-16-16777216-5-0-2-chunk-42.log,0,8000,
57,2299,,706,,,,,5,,,,,,/workspace/data_dir/staging-main-20260927/gnmf-window-8000000-16-16777216-5-0-2-chunk-42.log,,,2356
,,,,130557976,7977,0,X,0,1.031,,,0,0.000,/workspace/data_dir/staging-main-20260927/gnmf-window-8000000-16-16777216-5-0-2-random-42.log,0,8000,
,,,,1026557184,7968,0,W,0,1.037,,,0,0.000,/workspace/data_dir/staging-main-20260927/gnmf-window-8000000-16-16777216-5-0-2-random-42.log,0,8000,
32,7968,,7977,,,,,0,,,,,,/workspace/data_dir/staging-main-20260927/gnmf-window-8000000-16-16777216-5-0-2-random-42.log,,,8000
,,,,130557976,7977,0,X,1,1.031,,,0,0.000,/workspace/data_dir/staging-main-20260927/gnmf-window-8000000-16-16777216-5-0-2-random-42.log,0,8000,
,,,,1026556568,7961,0,W,1,1.057,,,0,0.000,/workspace/data_dir/staging-main-20260927/gnmf-window-8000000-16-16777216-5-0-2-random-42.log,0,8000,
16,7961,,7977,,,,,1,,,,,,/workspace/data_dir/staging-main-20260927/gnmf-window-8000000-16-16777216-5-0-2-random-42.log,,,7977
,,,,130557976,7977,0,X,2,1.031,,,0,0.000,/workspace/data_dir/staging-main-20260927/gnmf-window-8000000-16-16777216-5-0-2-random-42.log,0,8000,
,,,,1026556216,7957,0,W,2,1.059,,,0,0.000,/workspace/data_dir/staging-main-20260927/gnmf-window-8000000-16-16777216-5-0-2-random-42.log,0,8000,
20,7957,,7977,,,,,2,,,,,,/workspace/data_dir/staging-main-20260927/gnmf-window-8000000-16-16777216-5-0-2-random-42.log,,,7977
,,,,130557976,7977,0,X,3,1.031,,,0,0.000,/workspace/data_dir/staging-main-20260927/gnmf-window-8000000-16-16777216-5-0-2-random-42.log,0,8000,
,,,,1026556040,7955,0,W,3,1.066,,,0,0.000,/workspace/data_dir/staging-main-20260927/gnmf-window-8000000-16-16777216-5-0-2-random-42.log,0,8000,
22,7955,,7977,,,,,3,,,,,,/workspace/data_dir/staging-main-20260927/gnmf-window-8000000-16-16777216-5-0-2-random-42.log,,,7977
,,,,130557976,7977,0,X,4,1.031,,,0,0.000,/workspace/data_dir/staging-main-20260927/gnmf-window-8000000-16-16777216-5-0-2-random-42.log,0,8000,
,,,,1026556216,7957,0,W,4,1.061,,,0,0.000,/workspace/data_dir/staging-main-20260927/gnmf-window-8000000-16-16777216-5-0-2-random-42.log,0,8000,
20,7957,,7977,,,,,4,,,,,,/workspace/data_dir/staging-main-20260927/gnmf-window-8000000-16-16777216-5-0-2-random-42.log,,,7977
,,,,130557976,7977,0,X,5,1.031,,,0,0.000,/workspace/data_dir/staging-main-20260927/gnmf-window-8000000-16-16777216-5-0-2-random-42.log,0,8000,
,,,,1026556656,7962,0,W,5,1.046,,,0,0.000,/workspace/data_dir/staging-main-20260927/gnmf-window-8000000-16-16777216-5-0-2-random-42.log,0,8000,
15,7962,,7977,,,,,5,,,,,,/workspace/data_dir/staging-main-20260927/gnmf-window-8000000-16-16777216-5-0-2-random-42.log,,,7977
,,,,129878176,252,0,X,0,138.937,,,0,0.000,/workspace/data_dir/staging-main-20260927/kmeans-arrival-8000000-32-16777216-5-0-2-chunk-42.log,0,8000,
,,,,129878176,252,0,X,1,138.937,,,0,0.000,/workspace/data_dir/staging-main-20260927/kmeans-arrival-8000000-32-16777216-5-0-2-chunk-42.log,0,8000,
,,,,129878176,252,0,X,2,138.937,,,0,0.000,/workspace/data_dir/staging-main-20260927/kmeans-arrival-8000000-32-16777216-5-0-2-chunk-42.log,0,8000,
,,,,129878176,252,0,X,3,138.937,,,0,0.000,/workspace/data_dir/staging-main-20260927/kmeans-arrival-8000000-32-16777216-5-0-2-chunk-42.log,0,8000,
,,,,129878176,252,0,X,4,138.937,,,0,0.000,/workspace/data_dir/staging-main-20260927/kmeans-arrival-8000000-32-16777216-5-0-2-chunk-42.log,0,8000,
,,,,129878176,252,0,X,5,138.937,,,0,0.000,/workspace/data_dir/staging-main-20260927/kmeans-arrival-8000000-32-16777216-5-0-2-chunk-42.log,0,8000,
,,,,129878264,253,0,X,0,7497.364,,,0,0.000,/workspace/data_dir/staging-main-20260927/kmeans-arrival-8000000-32-16777216-5-0-2-random-42.log,0,8000,
,,,,129878264,253,0,X,1,7497.364,,,0,0.000,/workspace/data_dir/staging-main-20260927/kmeans-arrival-8000000-32-16777216-5-0-2-random-42.log,0,8000,
,,,,129878264,253,0,X,2,7497.364,,,0,0.000,/workspace/data_dir/staging-main-20260927/kmeans-arrival-8000000-32-16777216-5-0-2-random-42.log,0,8000,
,,,,129878264,253,0,X,3,7497.364,,,0,0.000,/workspace/data_dir/staging-main-20260927/kmeans-arrival-8000000-32-16777216-5-0-2-random-42.log,0,8000,
,,,,129878264,253,0,X,4,7497.364,,,0,0.000,/workspace/data_dir/staging-main-20260927/kmeans-arrival-8000000-32-16777216-5-0-2-random-42.log,0,8000,
,,,,129878264,253,0,X,5,7497.364,,,0,0.000,/workspace/data_dir/staging-main-20260927/kmeans-arrival-8000000-32-16777216-5-0-2-random-42.log,0,8000,
,,,,129878264,253,18,X,0,122.375,,,13102528,0.487,/workspace/data_dir/staging-main-20260927/kmeans-stage50-8000000-32-16777216-5-0-2-chunk-42.log,8000,8000,
,,,,129878264,253,18,X,1,122.375,,,13102528,0.487,/workspace/data_dir/staging-main-20260927/kmeans-stage50-8000000-32-16777216-5-0-2-chunk-42.log,8000,8000,
,,,,129878264,253,18,X,2,122.375,,,13102528,0.487,/workspace/data_dir/staging-main-20260927/kmeans-stage50-8000000-32-16777216-5-0-2-chunk-42.log,8000,8000,
,,,,129878264,253,18,X,3,122.375,,,13102528,0.487,/workspace/data_dir/staging-main-20260927/kmeans-stage50-8000000-32-16777216-5-0-2-chunk-42.log,8000,8000,
,,,,129878264,253,18,X,4,122.375,,,13102528,0.487,/workspace/data_dir/staging-main-20260927/kmeans-stage50-8000000-32-16777216-5-0-2-chunk-42.log,8000,8000,
,,,,129878264,253,18,X,5,122.375,,,13102528,0.487,/workspace/data_dir/staging-main-20260927/kmeans-stage50-8000000-32-16777216-5-0-2-chunk-42.log,8000,8000,
,,,,129878264,253,19,X,0,281.747,,,13102528,1.027,/workspace/data_dir/staging-main-20260927/kmeans-stage50-8000000-32-16777216-5-0-2-random-42.log,8000,8000,
,,,,129878264,253,19,X,1,281.747,,,13102528,1.027,/workspace/data_dir/staging-main-20260927/kmeans-stage50-8000000-32-16777216-5-0-2-random-42.log,8000,8000,
,,,,129878264,253,19,X,2,281.747,,,13102528,1.027,/workspace/data_dir/staging-main-20260927/kmeans-stage50-8000000-32-16777216-5-0-2-random-42.log,8000,8000,
,,,,129878264,253,19,X,3,281.747,,,13102528,1.027,/workspace/data_dir/staging-main-20260927/kmeans-stage50-8000000-32-16777216-5-0-2-random-42.log,8000,8000,
,,,,129878264,253,19,X,4,281.747,,,13102528,1.027,/workspace/data_dir/staging-main-20260927/kmeans-stage50-8000000-32-16777216-5-0-2-random-42.log,8000,8000,
,,,,129878264,253,19,X,5,281.747,,,13102528,1.027,/workspace/data_dir/staging-main-20260927/kmeans-stage50-8000000-32-16777216-5-0-2-random-42.log,8000,8000,
,,,,129878176,252,18,X,0,137.798,,,13102528,0.070,/workspace/data_dir/staging-main-20260927/kmeans-stagefifo50-8000000-32-16777216-5-0-2-chunk-42.log,8000,8000,
,,,,129878176,252,18,X,1,137.798,,,13102528,0.070,/workspace/data_dir/staging-main-20260927/kmeans-stagefifo50-8000000-32-16777216-5-0-2-chunk-42.log,8000,8000,
,,,,129878176,252,18,X,2,137.798,,,13102528,0.070,/workspace/data_dir/staging-main-20260927/kmeans-stagefifo50-8000000-32-16777216-5-0-2-chunk-42.log,8000,8000,
,,,,129878176,252,18,X,3,137.798,,,13102528,0.070,/workspace/data_dir/staging-main-20260927/kmeans-stagefifo50-8000000-32-16777216-5-0-2-chunk-42.log,8000,8000,
,,,,129878176,252,18,X,4,137.798,,,13102528,0.070,/workspace/data_dir/staging-main-20260927/kmeans-stagefifo50-8000000-32-16777216-5-0-2-chunk-42.log,8000,8000,
,,,,129878176,252,18,X,5,137.798,,,13102528,0.070,/workspace/data_dir/staging-main-20260927/kmeans-stagefifo50-8000000-32-16777216-5-0-2-chunk-42.log,8000,8000,
,,,,129878176,252,18,X,0,7531.806,,,13102528,0.069,/workspace/data_dir/staging-main-20260927/kmeans-stagefifo50-8000000-32-16777216-5-0-2-random-42.log,8000,8000,
,,,,129878176,252,18,X,1,7531.806,,,13102528,0.069,/workspace/data_dir/staging-main-20260927/kmeans-stagefifo50-8000000-32-16777216-5-0-2-random-42.log,8000,8000,
,,,,129878176,252,18,X,2,7531.806,,,13102528,0.069,/workspace/data_dir/staging-main-20260927/kmeans-stagefifo50-8000000-32-16777216-5-0-2-random-42.log,8000,8000,
,,,,129878176,252,18,X,3,7531.806,,,13102528,0.069,/workspace/data_dir/staging-main-20260927/kmeans-stagefifo50-8000000-32-16777216-5-0-2-random-42.log,8000,8000,
,,,,129878176,252,18,X,4,7531.806,,,13102528,0.069,/workspace/data_dir/staging-main-20260927/kmeans-stagefifo50-8000000-32-16777216-5-0-2-random-42.log,8000,8000,
,,,,129878176,252,18,X,5,7531.806,,,13102528,0.069,/workspace/data_dir/staging-main-20260927/kmeans-stagefifo50-8000000-32-16777216-5-0-2-random-42.log,8000,8000,
,,,,129918128,706,0,X,0,11.331,,,0,0.000,/workspace/data_dir/staging-main-20260927/kmeans-window-8000000-32-16777216-5-0-2-chunk-42.log,0,8000,
,,,,129918128,706,0,X,1,11.331,,,0,0.000,/workspace/data_dir/staging-main-20260927/kmeans-window-8000000-32-16777216-5-0-2-chunk-42.log,0,8000,
,,,,129918128,706,0,X,2,11.331,,,0,0.000,/workspace/data_dir/staging-main-20260927/kmeans-window-8000000-32-16777216-5-0-2-chunk-42.log,0,8000,
,,,,129918128,706,0,X,3,11.331,,,0,0.000,/workspace/data_dir/staging-main-20260927/kmeans-window-8000000-32-16777216-5-0-2-chunk-42.log,0,8000,
,,,,129918128,706,0,X,4,11.331,,,0,0.000,/workspace/data_dir/staging-main-20260927/kmeans-window-8000000-32-16777216-5-0-2-chunk-42.log,0,8000,
,,,,129918128,706,0,X,5,11.331,,,0,0.000,/workspace/data_dir/staging-main-20260927/kmeans-window-8000000-32-16777216-5-0-2-chunk-42.log,0,8000,
,,,,130557888,7976,0,X,0,1.033,,,0,0.000,/workspace/data_dir/staging-main-20260927/kmeans-window-8000000-32-16777216-5-0-2-random-42.log,0,8000,
,,,,130557888,7976,0,X,1,1.033,,,0,0.000,/workspace/data_dir/staging-main-20260927/kmeans-window-8000000-32-16777216-5-0-2-random-42.log,0,8000,
,,,,130557888,7976,0,X,2,1.033,,,0,0.000,/workspace/data_dir/staging-main-20260927/kmeans-window-8000000-32-16777216-5-0-2-random-42.log,0,8000,
,,,,130557888,7976,0,X,3,1.033,,,0,0.000,/workspace/data_dir/staging-main-20260927/kmeans-window-8000000-32-16777216-5-0-2-random-42.log,0,8000,
,,,,130557888,7976,0,X,4,1.033,,,0,0.000,/workspace/data_dir/staging-main-20260927/kmeans-window-8000000-32-16777216-5-0-2-random-42.log,0,8000,
,,,,130557888,7976,0,X,5,1.033,,,0,0.000,/workspace/data_dir/staging-main-20260927/kmeans-window-8000000-32-16777216-5-0-2-random-42.log,0,8000,
,,,,519512264,1003,0,X,0,139.499,,,0,0.000,/workspace/data_dir/staging-main-20260927/lmcg-arrival-32000000-1-16777216-5-0-2-chunk-42.log,0,32000,
,,,,519512264,1003,0,X,1,139.499,,,0,0.000,/workspace/data_dir/staging-main-20260927/lmcg-arrival-32000000-1-16777216-5-0-2-chunk-42.log,0,32000,
,,,,519512264,1003,0,X,2,139.499,,,0,0.000,/workspace/data_dir/staging-main-20260927/lmcg-arrival-32000000-1-16777216-5-0-2-chunk-42.log,0,32000,
,,,,519512264,1003,0,X,3,139.499,,,0,0.000,/workspace/data_dir/staging-main-20260927/lmcg-arrival-32000000-1-16777216-5-0-2-chunk-42.log,0,32000,
,,,,519512264,1003,0,X,4,139.499,,,0,0.000,/workspace/data_dir/staging-main-20260927/lmcg-arrival-32000000-1-16777216-5-0-2-chunk-42.log,0,32000,
,,,,519512264,1003,0,X,5,139.499,,,0,0.000,/workspace/data_dir/staging-main-20260927/lmcg-arrival-32000000-1-16777216-5-0-2-chunk-42.log,0,32000,
,,,,519512176,1002,0,X,0,30029.028,,,0,0.000,/workspace/data_dir/staging-main-20260927/lmcg-arrival-32000000-1-16777216-5-0-2-random-42.log,0,32000,
,,,,519512176,1002,0,X,1,30029.028,,,0,0.000,/workspace/data_dir/staging-main-20260927/lmcg-arrival-32000000-1-16777216-5-0-2-random-42.log,0,32000,
,,,,519512176,1002,0,X,2,30029.028,,,0,0.000,/workspace/data_dir/staging-main-20260927/lmcg-arrival-32000000-1-16777216-5-0-2-random-42.log,0,32000,
,,,,519512176,1002,0,X,3,30029.028,,,0,0.000,/workspace/data_dir/staging-main-20260927/lmcg-arrival-32000000-1-16777216-5-0-2-random-42.log,0,32000,
,,,,519512176,1002,0,X,4,30029.028,,,0,0.000,/workspace/data_dir/staging-main-20260927/lmcg-arrival-32000000-1-16777216-5-0-2-random-42.log,0,32000,
,,,,519512176,1002,0,X,5,30029.028,,,0,0.000,/workspace/data_dir/staging-main-20260927/lmcg-arrival-32000000-1-16777216-5-0-2-random-42.log,0,32000,
,,,,519512176,1002,76,X,0,125.613,,,13102528,2.052,/workspace/data_dir/staging-main-20260927/lmcg-stage50-32000000-1-16777216-5-0-2-chunk-42.log,32000,32000,
,,,,519512176,1002,76,X,1,125.613,,,13102528,2.052,/workspace/data_dir/staging-main-20260927/lmcg-stage50-32000000-1-16777216-5-0-2-chunk-42.log,32000,32000,
,,,,519512176,1002,76,X,2,125.613,,,13102528,2.052,/workspace/data_dir/staging-main-20260927/lmcg-stage50-32000000-1-16777216-5-0-2-chunk-42.log,32000,32000,
,,,,519512176,1002,76,X,3,125.613,,,13102528,2.052,/workspace/data_dir/staging-main-20260927/lmcg-stage50-32000000-1-16777216-5-0-2-chunk-42.log,32000,32000,
,,,,519512176,1002,76,X,4,125.613,,,13102528,2.052,/workspace/data_dir/staging-main-20260927/lmcg-stage50-32000000-1-16777216-5-0-2-chunk-42.log,32000,32000,
,,,,519512176,1002,76,X,5,125.613,,,13102528,2.052,/workspace/data_dir/staging-main-20260927/lmcg-stage50-32000000-1-16777216-5-0-2-chunk-42.log,32000,32000,
,,,,519513056,1012,75,X,0,958.848,,,13102528,8.827,/workspace/data_dir/staging-main-20260927/lmcg-stage50-32000000-1-16777216-5-0-2-random-42.log,32000,32000,
,,,,519513056,1012,75,X,1,958.848,,,13102528,8.827,/workspace/data_dir/staging-main-20260927/lmcg-stage50-32000000-1-16777216-5-0-2-random-42.log,32000,32000,
,,,,519513056,1012,75,X,2,958.848,,,13102528,8.827,/workspace/data_dir/staging-main-20260927/lmcg-stage50-32000000-1-16777216-5-0-2-random-42.log,32000,32000,
,,,,519513056,1012,75,X,3,958.848,,,13102528,8.827,/workspace/data_dir/staging-main-20260927/lmcg-stage50-32000000-1-16777216-5-0-2-random-42.log,32000,32000,
,,,,519513056,1012,75,X,4,958.848,,,13102528,8.827,/workspace/data_dir/staging-main-20260927/lmcg-stage50-32000000-1-16777216-5-0-2-random-42.log,32000,32000,
,,,,519513056,1012,75,X,5,958.848,,,13102528,8.827,/workspace/data_dir/staging-main-20260927/lmcg-stage50-32000000-1-16777216-5-0-2-random-42.log,32000,32000,
,,,,519512176,1002,76,X,0,141.403,,,13102528,0.287,/workspace/data_dir/staging-main-20260927/lmcg-stagefifo50-32000000-1-16777216-5-0-2-chunk-42.log,32000,32000,
,,,,519512176,1002,76,X,1,141.403,,,13102528,0.287,/workspace/data_dir/staging-main-20260927/lmcg-stagefifo50-32000000-1-16777216-5-0-2-chunk-42.log,32000,32000,
,,,,519512176,1002,76,X,2,141.403,,,13102528,0.287,/workspace/data_dir/staging-main-20260927/lmcg-stagefifo50-32000000-1-16777216-5-0-2-chunk-42.log,32000,32000,
,,,,519512176,1002,76,X,3,141.403,,,13102528,0.287,/workspace/data_dir/staging-main-20260927/lmcg-stagefifo50-32000000-1-16777216-5-0-2-chunk-42.log,32000,32000,
,,,,519512176,1002,76,X,4,141.403,,,13102528,0.287,/workspace/data_dir/staging-main-20260927/lmcg-stagefifo50-32000000-1-16777216-5-0-2-chunk-42.log,32000,32000,
,,,,519512176,1002,76,X,5,141.403,,,13102528,0.287,/workspace/data_dir/staging-main-20260927/lmcg-stagefifo50-32000000-1-16777216-5-0-2-chunk-42.log,32000,32000,
,,,,519512088,1001,74,X,0,30028.736,,,13102528,0.286,/workspace/data_dir/staging-main-20260927/lmcg-stagefifo50-32000000-1-16777216-5-0-2-random-42.log,32000,32000,
,,,,519512088,1001,74,X,1,30028.736,,,13102528,0.286,/workspace/data_dir/staging-main-20260927/lmcg-stagefifo50-32000000-1-16777216-5-0-2-random-42.log,32000,32000,
,,,,519512088,1001,74,X,2,30028.736,,,13102528,0.286,/workspace/data_dir/staging-main-20260927/lmcg-stagefifo50-32000000-1-16777216-5-0-2-random-42.log,32000,32000,
,,,,519512088,1001,74,X,3,30028.736,,,13102528,0.286,/workspace/data_dir/staging-main-20260927/lmcg-stagefifo50-32000000-1-16777216-5-0-2-random-42.log,32000,32000,
,,,,519512088,1001,74,X,4,30028.736,,,13102528,0.286,/workspace/data_dir/staging-main-20260927/lmcg-stagefifo50-32000000-1-16777216-5-0-2-random-42.log,32000,32000,
,,,,519512088,1001,74,X,5,30028.736,,,13102528,0.286,/workspace/data_dir/staging-main-20260927/lmcg-stagefifo50-32000000-1-16777216-5-0-2-random-42.log,32000,32000,
,,,,519672512,2824,0,X,0,11.331,,,0,0.000,/workspace/data_dir/staging-main-20260927/lmcg-window-32000000-1-16777216-5-0-2-chunk-42.log,0,32000,
,,,,519672512,2824,0,X,1,11.331,,,0,0.000,/workspace/data_dir/staging-main-20260927/lmcg-window-32000000-1-16777216-5-0-2-chunk-42.log,0,32000,
,,,,519672512,2824,0,X,2,11.331,,,0,0.000,/workspace/data_dir/staging-main-20260927/lmcg-window-32000000-1-16777216-5-0-2-chunk-42.log,0,32000,
,,,,519672512,2824,0,X,3,11.331,,,0,0.000,/workspace/data_dir/staging-main-20260927/lmcg-window-32000000-1-16777216-5-0-2-chunk-42.log,0,32000,
,,,,519672512,2824,0,X,4,11.331,,,0,0.000,/workspace/data_dir/staging-main-20260927/lmcg-window-32000000-1-16777216-5-0-2-chunk-42.log,0,32000,
,,,,519672512,2824,0,X,5,11.331,,,0,0.000,/workspace/data_dir/staging-main-20260927/lmcg-window-32000000-1-16777216-5-0-2-chunk-42.log,0,32000,
,,,,522237360,31970,0,X,0,1.009,,,0,0.000,/workspace/data_dir/staging-main-20260927/lmcg-window-32000000-1-16777216-5-0-2-random-42.log,0,32000,
,,,,522237360,31970,0,X,1,1.009,,,0,0.000,/workspace/data_dir/staging-main-20260927/lmcg-window-32000000-1-16777216-5-0-2-random-42.log,0,32000,
,,,,522237360,31970,0,X,2,1.009,,,0,0.000,/workspace/data_dir/staging-main-20260927/lmcg-window-32000000-1-16777216-5-0-2-random-42.log,0,32000,
,,,,522237360,31970,0,X,3,1.009,,,0,0.000,/workspace/data_dir/staging-main-20260927/lmcg-window-32000000-1-16777216-5-0-2-random-42.log,0,32000,
,,,,522237360,31970,0,X,4,1.009,,,0,0.000,/workspace/data_dir/staging-main-20260927/lmcg-window-32000000-1-16777216-5-0-2-random-42.log,0,32000,
,,,,522237360,31970,0,X,5,1.009,,,0,0.000,/workspace/data_dir/staging-main-20260927/lmcg-window-32000000-1-16777216-5-0-2-random-42.log,0,32000,
,,,,16234904,33,0,X,0,928.727,,,0,0.000,/workspace/data_dir/staging-controls-20260927/gnmf-arrival-1000000-16-4194304-5-0-2-random-73.log,0,1000,
,,,,128254088,251,0,W,0,602.147,,,0,0.000,/workspace/data_dir/staging-controls-20260927/gnmf-arrival-1000000-16-4194304-5-0-2-random-73.log,0,1000,
251,251,,33,,,,,0,,,,,,/workspace/data_dir/staging-controls-20260927/gnmf-arrival-1000000-16-4194304-5-0-2-random-73.log,,,962
,,31555237,,,,,,1,,125730618,743884825,,,/workspace/data_dir/staging-controls-20260927/gnmf-arrival-1000000-16-4194304-5-0-2-random-73.log,,,
,,,,16234904,33,0,X,1,928.727,,,0,0.000,/workspace/data_dir/staging-controls-20260927/gnmf-arrival-1000000-16-4194304-5-0-2-random-73.log,0,1000,
,,,,128254088,251,0,W,1,589.689,,,0,0.000,/workspace/data_dir/staging-controls-20260927/gnmf-arrival-1000000-16-4194304-5-0-2-random-73.log,0,1000,
0,251,,33,,,,,1,,,,,,/workspace/data_dir/staging-controls-20260927/gnmf-arrival-1000000-16-4194304-5-0-2-random-73.log,,,251
,,31042144,,,,,,2,,126498832,252997664,,,/workspace/data_dir/staging-controls-20260927/gnmf-arrival-1000000-16-4194304-5-0-2-random-73.log,,,
,,,,16234904,33,0,X,2,928.727,,,0,0.000,/workspace/data_dir/staging-controls-20260927/gnmf-arrival-1000000-16-4194304-5-0-2-random-73.log,0,1000,
,,,,128254088,251,0,W,2,589.689,,,0,0.000,/workspace/data_dir/staging-controls-20260927/gnmf-arrival-1000000-16-4194304-5-0-2-random-73.log,0,1000,
0,251,,33,,,,,2,,,,,,/workspace/data_dir/staging-controls-20260927/gnmf-arrival-1000000-16-4194304-5-0-2-random-73.log,,,251
,,31555237,,,,,,3,,127010973,251973382,,,/workspace/data_dir/staging-controls-20260927/gnmf-arrival-1000000-16-4194304-5-0-2-random-73.log,,,
,,,,16234904,33,0,X,3,928.727,,,0,0.000,/workspace/data_dir/staging-controls-20260927/gnmf-arrival-1000000-16-4194304-5-0-2-random-73.log,0,1000,
,,,,128254088,251,0,W,3,587.765,,,0,0.000,/workspace/data_dir/staging-controls-20260927/gnmf-arrival-1000000-16-4194304-5-0-2-random-73.log,0,1000,
1,251,,33,,,,,3,,,,,,/workspace/data_dir/staging-controls-20260927/gnmf-arrival-1000000-16-4194304-5-0-2-random-73.log,,,252
,,31042144,,,,,,4,,126498832,252997664,,,/workspace/data_dir/staging-controls-20260927/gnmf-arrival-1000000-16-4194304-5-0-2-random-73.log,,,
,,,,16234904,33,0,X,4,928.727,,,0,0.000,/workspace/data_dir/staging-controls-20260927/gnmf-arrival-1000000-16-4194304-5-0-2-random-73.log,0,1000,
,,,,128254088,251,0,W,4,589.689,,,0,0.000,/workspace/data_dir/staging-controls-20260927/gnmf-arrival-1000000-16-4194304-5-0-2-random-73.log,0,1000,
0,251,,33,,,,,4,,,,,,/workspace/data_dir/staging-controls-20260927/gnmf-arrival-1000000-16-4194304-5-0-2-random-73.log,,,251
,,31555237,,,,,,5,,127010973,251973382,,,/workspace/data_dir/staging-controls-20260927/gnmf-arrival-1000000-16-4194304-5-0-2-random-73.log,,,
,,,,16234904,33,0,X,5,928.727,,,0,0.000,/workspace/data_dir/staging-controls-20260927/gnmf-arrival-1000000-16-4194304-5-0-2-random-73.log,0,1000,
,,,,128254088,251,0,W,5,589.430,,,0,0.000,/workspace/data_dir/staging-controls-20260927/gnmf-arrival-1000000-16-4194304-5-0-2-random-73.log,0,1000,
1,251,,33,,,,,5,,,,,,/workspace/data_dir/staging-controls-20260927/gnmf-arrival-1000000-16-4194304-5-0-2-random-73.log,,,252
,,,,32469632,64,0,X,0,120.500,,,0,0.000,/workspace/data_dir/staging-controls-20260927/gnmf-arrival-2000000-16-16777216-5-0-2-ordered-73.log,0,2000,
,,,,256508176,502,0,W,0,12.721,,,0,0.000,/workspace/data_dir/staging-controls-20260927/gnmf-arrival-2000000-16-16777216-5-0-2-ordered-73.log,0,2000,
88,502,,64,,,,,0,,,,,,/workspace/data_dir/staging-controls-20260927/gnmf-arrival-2000000-16-16777216-5-0-2-ordered-73.log,,,593
,,61571175,,,,,,1,,250180881,531090237,,,/workspace/data_dir/staging-controls-20260927/gnmf-arrival-2000000-16-16777216-5-0-2-ordered-73.log,,,
,,,,32469632,64,0,X,1,120.500,,,0,0.000,/workspace/data_dir/staging-controls-20260927/gnmf-arrival-2000000-16-16777216-5-0-2-ordered-73.log,0,2000,
,,,,256508088,501,0,W,1,13.052,,,0,0.000,/workspace/data_dir/staging-controls-20260927/gnmf-arrival-2000000-16-16777216-5-0-2-ordered-73.log,0,2000,
0,501,,64,,,,,1,,,,,,/workspace/data_dir/staging-controls-20260927/gnmf-arrival-2000000-16-16777216-5-0-2-ordered-73.log,,,501
,,58492617,,,,,,2,,251333197,499849626,,,/workspace/data_dir/staging-controls-20260927/gnmf-arrival-2000000-16-16777216-5-0-2-ordered-73.log,,,
,,,,32469632,64,0,X,2,120.500,,,0,0.000,/workspace/data_dir/staging-controls-20260927/gnmf-arrival-2000000-16-16777216-5-0-2-ordered-73.log,0,2000,
,,,,256508088,501,0,W,2,13.052,,,0,0.000,/workspace/data_dir/staging-controls-20260927/gnmf-arrival-2000000-16-16777216-5-0-2-ordered-73.log,0,2000,
0,501,,64,,,,,2,,,,,,/workspace/data_dir/staging-controls-20260927/gnmf-arrival-2000000-16-16777216-5-0-2-ordered-73.log,,,501
,,59005710,,,,,,3,,252357479,500361767,,,/workspace/data_dir/staging-controls-20260927/gnmf-arrival-2000000-16-16777216-5-0-2-ordered-73.log,,,
,,,,32469632,64,0,X,3,120.500,,,0,0.000,/workspace/data_dir/staging-controls-20260927/gnmf-arrival-2000000-16-16777216-5-0-2-ordered-73.log,0,2000,
,,,,256508088,501,0,W,3,13.052,,,0,0.000,/workspace/data_dir/staging-controls-20260927/gnmf-arrival-2000000-16-16777216-5-0-2-ordered-73.log,0,2000,
0,501,,64,,,,,3,,,,,,/workspace/data_dir/staging-controls-20260927/gnmf-arrival-2000000-16-16777216-5-0-2-ordered-73.log,,,501
,,57979524,,,,,,4,,251973372,500873908,,,/workspace/data_dir/staging-controls-20260927/gnmf-arrival-2000000-16-16777216-5-0-2-ordered-73.log,,,
,,,,32469632,64,0,X,4,120.500,,,0,0.000,/workspace/data_dir/staging-controls-20260927/gnmf-arrival-2000000-16-16777216-5-0-2-ordered-73.log,0,2000,
,,,,256508088,501,0,W,4,13.052,,,0,0.000,/workspace/data_dir/staging-controls-20260927/gnmf-arrival-2000000-16-16777216-5-0-2-ordered-73.log,0,2000,
0,501,,64,,,,,4,,,,,,/workspace/data_dir/staging-controls-20260927/gnmf-arrival-2000000-16-16777216-5-0-2-ordered-73.log,,,501
,,58492617,,,,,,5,,250821056,500873908,,,/workspace/data_dir/staging-controls-20260927/gnmf-arrival-2000000-16-16777216-5-0-2-ordered-73.log,,,
,,,,32469632,64,0,X,5,120.500,,,0,0.000,/workspace/data_dir/staging-controls-20260927/gnmf-arrival-2000000-16-16777216-5-0-2-ordered-73.log,0,2000,
,,,,256508088,501,0,W,5,13.052,,,0,0.000,/workspace/data_dir/staging-controls-20260927/gnmf-arrival-2000000-16-16777216-5-0-2-ordered-73.log,0,2000,
0,501,,64,,,,,5,,,,,,/workspace/data_dir/staging-controls-20260927/gnmf-arrival-2000000-16-16777216-5-0-2-ordered-73.log,,,501
,,,,32469544,63,0,X,0,1888.349,,,0,0.000,/workspace/data_dir/staging-controls-20260927/gnmf-arrival-2000000-16-16777216-5-0-2-random-73.log,0,2000,
,,,,256508176,502,0,W,0,1183.241,,,0,0.000,/workspace/data_dir/staging-controls-20260927/gnmf-arrival-2000000-16-16777216-5-0-2-random-73.log,0,2000,
500,502,,63,,,,,0,,,,,,/workspace/data_dir/staging-controls-20260927/gnmf-arrival-2000000-16-16777216-5-0-2-random-73.log,,,1952
,,61058072,,,,,,1,,250949090,1680846787,,,/workspace/data_dir/staging-controls-20260927/gnmf-arrival-2000000-16-16777216-5-0-2-random-73.log,,,
,,,,32469544,63,0,X,1,1888.349,,,0,0.000,/workspace/data_dir/staging-controls-20260927/gnmf-arrival-2000000-16-16777216-5-0-2-random-73.log,0,2000,
,,,,256508088,501,0,W,1,1191.425,,,0,0.000,/workspace/data_dir/staging-controls-20260927/gnmf-arrival-2000000-16-16777216-5-0-2-random-73.log,0,2000,
0,501,,63,,,,,1,,,,,,/workspace/data_dir/staging-controls-20260927/gnmf-arrival-2000000-16-16777216-5-0-2-random-73.log,,,501
,,58492607,,,,,,2,,251973377,499337485,,,/workspace/data_dir/staging-controls-20260927/gnmf-arrival-2000000-16-16777216-5-0-2-random-73.log,,,
,,,,32469544,63,0,X,2,1888.349,,,0,0.000,/workspace/data_dir/staging-controls-20260927/gnmf-arrival-2000000-16-16777216-5-0-2-random-73.log,0,2000,
,,,,256508088,501,0,W,2,1191.425,,,0,0.000,/workspace/data_dir/staging-controls-20260927/gnmf-arrival-2000000-16-16777216-5-0-2-random-73.log,0,2000,
0,501,,63,,,,,2,,,,,,/workspace/data_dir/staging-controls-20260927/gnmf-arrival-2000000-16-16777216-5-0-2-random-73.log,,,501
,,59005700,,,,,,3,,252485513,500873908,,,/workspace/data_dir/staging-controls-20260927/gnmf-arrival-2000000-16-16777216-5-0-2-random-73.log,,,
,,,,32469544,63,0,X,3,1888.349,,,0,0.000,/workspace/data_dir/staging-controls-20260927/gnmf-arrival-2000000-16-16777216-5-0-2-random-73.log,0,2000,
,,,,256508088,501,0,W,3,1191.425,,,0,0.000,/workspace/data_dir/staging-controls-20260927/gnmf-arrival-2000000-16-16777216-5-0-2-random-73.log,0,2000,
0,501,,63,,,,,3,,,,,,/workspace/data_dir/staging-controls-20260927/gnmf-arrival-2000000-16-16777216-5-0-2-random-73.log,,,501
,,59005700,,,,,,4,,252229445,502410331,,,/workspace/data_dir/staging-controls-20260927/gnmf-arrival-2000000-16-16777216-5-0-2-random-73.log,,,
,,,,32469544,63,0,X,4,1888.349,,,0,0.000,/workspace/data_dir/staging-controls-20260927/gnmf-arrival-2000000-16-16777216-5-0-2-random-73.log,0,2000,
,,,,256508088,501,0,W,4,1191.425,,,0,0.000,/workspace/data_dir/staging-controls-20260927/gnmf-arrival-2000000-16-16777216-5-0-2-random-73.log,0,2000,
0,501,,63,,,,,4,,,,,,/workspace/data_dir/staging-controls-20260927/gnmf-arrival-2000000-16-16777216-5-0-2-random-73.log,,,501
,,58492607,,,,,,5,,250949090,500361767,,,/workspace/data_dir/staging-controls-20260927/gnmf-arrival-2000000-16-16777216-5-0-2-random-73.log,,,
,,,,32469544,63,0,X,5,1888.349,,,0,0.000,/workspace/data_dir/staging-controls-20260927/gnmf-arrival-2000000-16-16777216-5-0-2-random-73.log,0,2000,
,,,,256508088,501,0,W,5,1191.425,,,0,0.000,/workspace/data_dir/staging-controls-20260927/gnmf-arrival-2000000-16-16777216-5-0-2-random-73.log,0,2000,
0,501,,63,,,,,5,,,,,,/workspace/data_dir/staging-controls-20260927/gnmf-arrival-2000000-16-16777216-5-0-2-random-73.log,,,501
,,,,32469720,65,0,X,0,323.769,,,0,0.000,/workspace/data_dir/staging-controls-20260927/gnmf-arrival-2000000-16-16777216-5-0-2-window256-73.log,0,2000,
,,,,256508176,502,0,W,0,159.267,,,0,0.000,/workspace/data_dir/staging-controls-20260927/gnmf-arrival-2000000-16-16777216-5-0-2-window256-73.log,0,2000,
500,502,,65,,,,,0,,,,,,/workspace/data_dir/staging-controls-20260927/gnmf-arrival-2000000-16-16777216-5-0-2-window256-73.log,,,1729
,,61058092,,,,,,1,,251973372,701121049,,,/workspace/data_dir/staging-controls-20260927/gnmf-arrival-2000000-16-16777216-5-0-2-window256-73.log,,,
,,,,32469720,65,0,X,1,323.769,,,0,0.000,/workspace/data_dir/staging-controls-20260927/gnmf-arrival-2000000-16-16777216-5-0-2-window256-73.log,0,2000,
,,,,256508088,501,0,W,1,159.070,,,0,0.000,/workspace/data_dir/staging-controls-20260927/gnmf-arrival-2000000-16-16777216-5-0-2-window256-73.log,0,2000,
2,501,,65,,,,,1,,,,,,/workspace/data_dir/staging-controls-20260927/gnmf-arrival-2000000-16-16777216-5-0-2-window256-73.log,,,503
,,58492627,,,,,,2,,252229445,502410331,,,/workspace/data_dir/staging-controls-20260927/gnmf-arrival-2000000-16-16777216-5-0-2-window256-73.log,,,
,,,,32469720,65,0,X,2,323.769,,,0,0.000,/workspace/data_dir/staging-controls-20260927/gnmf-arrival-2000000-16-16777216-5-0-2-window256-73.log,0,2000,
,,,,256508088,501,0,W,2,159.166,,,0,0.000,/workspace/data_dir/staging-controls-20260927/gnmf-arrival-2000000-16-16777216-5-0-2-window256-73.log,0,2000,
1,501,,65,,,,,2,,,,,,/workspace/data_dir/staging-controls-20260927/gnmf-arrival-2000000-16-16777216-5-0-2-window256-73.log,,,502
,,59518813,,,,,,3,,252485513,501386049,,,/workspace/data_dir/staging-controls-20260927/gnmf-arrival-2000000-16-16777216-5-0-2-window256-73.log,,,
,,,,32469720,65,0,X,3,323.769,,,0,0.000,/workspace/data_dir/staging-controls-20260927/gnmf-arrival-2000000-16-16777216-5-0-2-window256-73.log,0,2000,
,,,,256508088,501,0,W,3,159.070,,,0,0.000,/workspace/data_dir/staging-controls-20260927/gnmf-arrival-2000000-16-16777216-5-0-2-window256-73.log,0,2000,
2,501,,65,,,,,3,,,,,,/workspace/data_dir/staging-controls-20260927/gnmf-arrival-2000000-16-16777216-5-0-2-window256-73.log,,,503
,,57979534,,,,,,4,,251845338,501386049,,,/workspace/data_dir/staging-controls-20260927/gnmf-arrival-2000000-16-16777216-5-0-2-window256-73.log,,,
,,,,32469720,65,0,X,4,323.769,,,0,0.000,/workspace/data_dir/staging-controls-20260927/gnmf-arrival-2000000-16-16777216-5-0-2-window256-73.log,0,2000,
,,,,256508088,501,0,W,4,159.166,,,0,0.000,/workspace/data_dir/staging-controls-20260927/gnmf-arrival-2000000-16-16777216-5-0-2-window256-73.log,0,2000,
1,501,,65,,,,,4,,,,,,/workspace/data_dir/staging-controls-20260927/gnmf-arrival-2000000-16-16777216-5-0-2-window256-73.log,,,502
,,58492627,,,,,,5,,251333197,500873908,,,/workspace/data_dir/staging-controls-20260927/gnmf-arrival-2000000-16-16777216-5-0-2-window256-73.log,,,
,,,,32469720,65,0,X,5,323.769,,,0,0.000,/workspace/data_dir/staging-controls-20260927/gnmf-arrival-2000000-16-16777216-5-0-2-window256-73.log,0,2000,
,,,,256508088,501,0,W,5,159.166,,,0,0.000,/workspace/data_dir/staging-controls-20260927/gnmf-arrival-2000000-16-16777216-5-0-2-window256-73.log,0,2000,
1,501,,65,,,,,5,,,,,,/workspace/data_dir/staging-controls-20260927/gnmf-arrival-2000000-16-16777216-5-0-2-window256-73.log,,,502
,,,,32469720,65,0,X,0,1849.938,,,0,0.000,/workspace/data_dir/staging-controls-20260927/gnmf-arrival-2000000-64-16777216-5-0-2-random-73.log,0,2000,
,,,,1024640000,2000,0,W,0,1.000,,,0,0.000,/workspace/data_dir/staging-controls-20260927/gnmf-arrival-2000000-64-16777216-5-0-2-random-73.log,0,2000,
0,2000,,65,,,,,0,,,,,,/workspace/data_dir/staging-controls-20260927/gnmf-arrival-2000000-64-16777216-5-0-2-random-73.log,,,2000
,,62084278,,,,,,1,,1021517805,2041499493,,,/workspace/data_dir/staging-controls-20260927/gnmf-arrival-2000000-64-16777216-5-0-2-random-73.log,,,
,,,,32469720,65,0,X,1,1849.938,,,0,0.000,/workspace/data_dir/staging-controls-20260927/gnmf-arrival-2000000-64-16777216-5-0-2-random-73.log,0,2000,
,,,,1024640000,2000,0,W,1,1.000,,,0,0.000,/workspace/data_dir/staging-controls-20260927/gnmf-arrival-2000000-64-16777216-5-0-2-random-73.log,0,2000,
0,2000,,65,,,,,1,,,,,,/workspace/data_dir/staging-controls-20260927/gnmf-arrival-2000000-64-16777216-5-0-2-random-73.log,,,2000
,,61058092,,,,,,2,,1018445571,2037915220,,,/workspace/data_dir/staging-controls-20260927/gnmf-arrival-2000000-64-16777216-5-0-2-random-73.log,,,
,,,,32469720,65,0,X,2,1849.938,,,0,0.000,/workspace/data_dir/staging-controls-20260927/gnmf-arrival-2000000-64-16777216-5-0-2-random-73.log,0,2000,
,,,,1024640000,2000,0,W,2,1.000,,,0,0.000,/workspace/data_dir/staging-controls-20260927/gnmf-arrival-2000000-64-16777216-5-0-2-random-73.log,0,2000,
0,2000,,65,,,,,2,,,,,,/workspace/data_dir/staging-controls-20260927/gnmf-arrival-2000000-64-16777216-5-0-2-random-73.log,,,2000
,,61058092,,,,,,3,,1017933532,2038427259,,,/workspace/data_dir/staging-controls-20260927/gnmf-arrival-2000000-64-16777216-5-0-2-random-73.log,,,
,,,,32469720,65,0,X,3,1849.938,,,0,0.000,/workspace/data_dir/staging-controls-20260927/gnmf-arrival-2000000-64-16777216-5-0-2-random-73.log,0,2000,
,,,,1024640000,2000,0,W,3,1.000,,,0,0.000,/workspace/data_dir/staging-controls-20260927/gnmf-arrival-2000000-64-16777216-5-0-2-random-73.log,0,2000,
0,2000,,65,,,,,3,,,,,,/workspace/data_dir/staging-controls-20260927/gnmf-arrival-2000000-64-16777216-5-0-2-random-73.log,,,2000
,,62084278,,,,,,4,,1018957610,2037915220,,,/workspace/data_dir/staging-controls-20260927/gnmf-arrival-2000000-64-16777216-5-0-2-random-73.log,,,
,,,,32469720,65,0,X,4,1849.938,,,0,0.000,/workspace/data_dir/staging-controls-20260927/gnmf-arrival-2000000-64-16777216-5-0-2-random-73.log,0,2000,
,,,,1024640000,2000,0,W,4,1.000,,,0,0.000,/workspace/data_dir/staging-controls-20260927/gnmf-arrival-2000000-64-16777216-5-0-2-random-73.log,0,2000,
0,2000,,65,,,,,4,,,,,,/workspace/data_dir/staging-controls-20260927/gnmf-arrival-2000000-64-16777216-5-0-2-random-73.log,,,2000
,,61058092,,,,,,5,,1018445571,2035867064,,,/workspace/data_dir/staging-controls-20260927/gnmf-arrival-2000000-64-16777216-5-0-2-random-73.log,,,
,,,,32469720,65,0,X,5,1849.938,,,0,0.000,/workspace/data_dir/staging-controls-20260927/gnmf-arrival-2000000-64-16777216-5-0-2-random-73.log,0,2000,
,,,,1024640000,2000,0,W,5,1.000,,,0,0.000,/workspace/data_dir/staging-controls-20260927/gnmf-arrival-2000000-64-16777216-5-0-2-random-73.log,0,2000,
0,2000,,65,,,,,5,,,,,,/workspace/data_dir/staging-controls-20260927/gnmf-arrival-2000000-64-16777216-5-0-2-random-73.log,,,2000
,,,,32469720,65,12,X,0,112.369,,,4183728,0.084,/workspace/data_dir/staging-controls-20260927/gnmf-stage16-2000000-16-16777216-5-0-2-ordered-73.log,2000,2000,
,,,,256508088,501,122,W,0,13.052,,,4102912,0.124,/workspace/data_dir/staging-controls-20260927/gnmf-stage16-2000000-16-16777216-5-0-2-ordered-73.log,2000,2000,
92,501,,65,,,,,0,,,,,,/workspace/data_dir/staging-controls-20260927/gnmf-stage16-2000000-16-16777216-5-0-2-ordered-73.log,,,595
,,60544999,,,,,,1,,250949090,570012943,,,/workspace/data_dir/staging-controls-20260927/gnmf-stage16-2000000-16-16777216-5-0-2-ordered-73.log,,,
,,,,32469720,65,12,X,1,112.369,,,4183728,0.084,/workspace/data_dir/staging-controls-20260927/gnmf-stage16-2000000-16-16777216-5-0-2-ordered-73.log,2000,2000,
,,,,256508088,501,122,W,1,11.022,,,4102912,0.360,/workspace/data_dir/staging-controls-20260927/gnmf-stage16-2000000-16-16777216-5-0-2-ordered-73.log,2000,2000,
44,501,,65,,,,,1,,,,,,/workspace/data_dir/staging-controls-20260927/gnmf-stage16-2000000-16-16777216-5-0-2-ordered-73.log,,,546
,,58492627,,,,,,2,,253509805,543125543,,,/workspace/data_dir/staging-controls-20260927/gnmf-stage16-2000000-16-16777216-5-0-2-ordered-73.log,,,
,,,,32469720,65,12,X,2,112.369,,,4183728,0.084,/workspace/data_dir/staging-controls-20260927/gnmf-stage16-2000000-16-16777216-5-0-2-ordered-73.log,2000,2000,
,,,,256508176,502,123,W,2,10.918,,,4102912,0.338,/workspace/data_dir/staging-controls-20260927/gnmf-stage16-2000000-16-16777216-5-0-2-ordered-73.log,2000,2000,
24,502,,65,,,,,2,,,,,,/workspace/data_dir/staging-controls-20260927/gnmf-stage16-2000000-16-16777216-5-0-2-ordered-73.log,,,528
,,57466441,,,,,,3,,253509795,518286712,,,/workspace/data_dir/staging-controls-20260927/gnmf-stage16-2000000-16-16777216-5-0-2-ordered-73.log,,,
,,,,32469720,65,12,X,3,112.369,,,4183728,0.084,/workspace/data_dir/staging-controls-20260927/gnmf-stage16-2000000-16-16777216-5-0-2-ordered-73.log,2000,2000,
,,,,256508088,501,123,W,3,11.261,,,4102912,0.377,/workspace/data_dir/staging-controls-20260927/gnmf-stage16-2000000-16-16777216-5-0-2-ordered-73.log,2000,2000,
24,501,,65,,,,,3,,,,,,/workspace/data_dir/staging-controls-20260927/gnmf-stage16-2000000-16-16777216-5-0-2-ordered-73.log,,,525
,,58492627,,,,,,4,,254021946,518286702,,,/workspace/data_dir/staging-controls-20260927/gnmf-stage16-2000000-16-16777216-5-0-2-ordered-73.log,,,
,,,,32469720,65,12,X,4,112.369,,,4183728,0.084,/workspace/data_dir/staging-controls-20260927/gnmf-stage16-2000000-16-16777216-5-0-2-ordered-73.log,2000,2000,
,,,,256508176,502,123,W,4,11.528,,,4102912,0.368,/workspace/data_dir/staging-controls-20260927/gnmf-stage16-2000000-16-16777216-5-0-2-ordered-73.log,2000,2000,
36,502,,65,,,,,4,,,,,,/workspace/data_dir/staging-controls-20260927/gnmf-stage16-2000000-16-16777216-5-0-2-ordered-73.log,,,538
,,59005720,,,,,,5,,252997654,528529532,,,/workspace/data_dir/staging-controls-20260927/gnmf-stage16-2000000-16-16777216-5-0-2-ordered-73.log,,,
,,,,32469720,65,12,X,5,112.369,,,4183728,0.084,/workspace/data_dir/staging-controls-20260927/gnmf-stage16-2000000-16-16777216-5-0-2-ordered-73.log,2000,2000,
,,,,256508176,502,123,W,5,10.657,,,4102912,0.402,/workspace/data_dir/staging-controls-20260927/gnmf-stage16-2000000-16-16777216-5-0-2-ordered-73.log,2000,2000,
37,502,,65,,,,,5,,,,,,/workspace/data_dir/staging-controls-20260927/gnmf-stage16-2000000-16-16777216-5-0-2-ordered-73.log,,,539
,,,,32469720,65,13,X,0,257.831,,,4183728,0.610,/workspace/data_dir/staging-controls-20260927/gnmf-stage16-2000000-16-16777216-5-0-2-random-73.log,2000,2000,
,,,,256508176,502,122,W,0,123.851,,,4102912,0.400,/workspace/data_dir/staging-controls-20260927/gnmf-stage16-2000000-16-16777216-5-0-2-random-73.log,2000,2000,
500,502,,65,,,,,0,,,,,,/workspace/data_dir/staging-controls-20260927/gnmf-stage16-2000000-16-16777216-5-0-2-random-73.log,,,1715
,,61058092,,,,,,1,,253509800,1498524591,,,/workspace/data_dir/staging-controls-20260927/gnmf-stage16-2000000-16-16777216-5-0-2-random-73.log,,,
,,,,32469720,65,13,X,1,257.831,,,4183728,0.610,/workspace/data_dir/staging-controls-20260927/gnmf-stage16-2000000-16-16777216-5-0-2-random-73.log,2000,2000,
,,,,256508088,501,122,W,1,23.251,,,4102912,0.806,/workspace/data_dir/staging-controls-20260927/gnmf-stage16-2000000-16-16777216-5-0-2-random-73.log,2000,2000,
59,501,,65,,,,,1,,,,,,/workspace/data_dir/staging-controls-20260927/gnmf-stage16-2000000-16-16777216-5-0-2-random-73.log,,,561
,,59005720,,,,,,2,,254534082,546966598,,,/workspace/data_dir/staging-controls-20260927/gnmf-stage16-2000000-16-16777216-5-0-2-random-73.log,,,
,,,,32469720,65,13,X,2,257.831,,,4183728,0.610,/workspace/data_dir/staging-controls-20260927/gnmf-stage16-2000000-16-16777216-5-0-2-random-73.log,2000,2000,
,,,,256508088,501,122,W,2,24.633,,,4102912,0.375,/workspace/data_dir/staging-controls-20260927/gnmf-stage16-2000000-16-16777216-5-0-2-random-73.log,2000,2000,
56,501,,65,,,,,2,,,,,,/workspace/data_dir/staging-controls-20260927/gnmf-stage16-2000000-16-16777216-5-0-2-random-73.log,,,558
,,57466441,,,,,,3,,254149975,541845188,,,/workspace/data_dir/staging-controls-20260927/gnmf-stage16-2000000-16-16777216-5-0-2-random-73.log,,,
,,,,32469720,65,13,X,3,257.831,,,4183728,0.610,/workspace/data_dir/staging-controls-20260927/gnmf-stage16-2000000-16-16777216-5-0-2-random-73.log,2000,2000,
,,,,256508176,502,123,W,3,24.480,,,4102912,0.316,/workspace/data_dir/staging-controls-20260927/gnmf-stage16-2000000-16-16777216-5-0-2-random-73.log,2000,2000,
67,502,,65,,,,,3,,,,,,/workspace/data_dir/staging-controls-20260927/gnmf-stage16-2000000-16-16777216-5-0-2-random-73.log,,,571
,,57466441,,,,,,4,,254534087,562330838,,,/workspace/data_dir/staging-controls-20260927/gnmf-stage16-2000000-16-16777216-5-0-2-random-73.log,,,
,,,,32469720,65,13,X,4,257.831,,,4183728,0.610,/workspace/data_dir/staging-controls-20260927/gnmf-stage16-2000000-16-16777216-5-0-2-random-73.log,2000,2000,
,,,,256508176,502,123,W,4,25.606,,,4102912,0.333,/workspace/data_dir/staging-controls-20260927/gnmf-stage16-2000000-16-16777216-5-0-2-random-73.log,2000,2000,
47,502,,65,,,,,4,,,,,,/workspace/data_dir/staging-controls-20260927/gnmf-stage16-2000000-16-16777216-5-0-2-random-73.log,,,550
,,59005720,,,,,,5,,253509795,538260211,,,/workspace/data_dir/staging-controls-20260927/gnmf-stage16-2000000-16-16777216-5-0-2-random-73.log,,,
,,,,32469720,65,13,X,5,257.831,,,4183728,0.610,/workspace/data_dir/staging-controls-20260927/gnmf-stage16-2000000-16-16777216-5-0-2-random-73.log,2000,2000,
,,,,256508088,501,122,W,5,23.822,,,4102912,0.373,/workspace/data_dir/staging-controls-20260927/gnmf-stage16-2000000-16-16777216-5-0-2-random-73.log,2000,2000,
93,501,,65,,,,,5,,,,,,/workspace/data_dir/staging-controls-20260927/gnmf-stage16-2000000-16-16777216-5-0-2-random-73.log,,,595
,,,,32469720,65,13,X,0,119.446,,,4183728,0.130,/workspace/data_dir/staging-controls-20260927/gnmf-stage16-2000000-16-16777216-5-0-2-window256-73.log,2000,2000,
,,,,256508176,502,122,W,0,24.414,,,4102912,0.219,/workspace/data_dir/staging-controls-20260927/gnmf-stage16-2000000-16-16777216-5-0-2-window256-73.log,2000,2000,
488,502,,65,,,,,0,,,,,,/workspace/data_dir/staging-controls-20260927/gnmf-stage16-2000000-16-16777216-5-0-2-window256-73.log,,,1407
,,61058092,,,,,,1,,251973372,1187142858,,,/workspace/data_dir/staging-controls-20260927/gnmf-stage16-2000000-16-16777216-5-0-2-window256-73.log,,,
,,,,32469720,65,13,X,1,119.446,,,4183728,0.130,/workspace/data_dir/staging-controls-20260927/gnmf-stage16-2000000-16-16777216-5-0-2-window256-73.log,2000,2000,
,,,,256508088,501,122,W,1,12.619,,,4102912,0.506,/workspace/data_dir/staging-controls-20260927/gnmf-stage16-2000000-16-16777216-5-0-2-window256-73.log,2000,2000,
45,501,,65,,,,,1,,,,,,/workspace/data_dir/staging-controls-20260927/gnmf-stage16-2000000-16-16777216-5-0-2-window256-73.log,,,546
,,57466441,,,,,,2,,252485513,540820906,,,/workspace/data_dir/staging-controls-20260927/gnmf-stage16-2000000-16-16777216-5-0-2-window256-73.log,,,
,,,,32469720,65,13,X,2,119.446,,,4183728,0.130,/workspace/data_dir/staging-controls-20260927/gnmf-stage16-2000000-16-16777216-5-0-2-window256-73.log,2000,2000,
,,,,256508088,501,122,W,2,12.186,,,4102912,0.323,/workspace/data_dir/staging-controls-20260927/gnmf-stage16-2000000-16-16777216-5-0-2-window256-73.log,2000,2000,
73,501,,65,,,,,2,,,,,,/workspace/data_dir/staging-controls-20260927/gnmf-stage16-2000000-16-16777216-5-0-2-window256-73.log,,,574
,,57979534,,,,,,3,,252485513,563355110,,,/workspace/data_dir/staging-controls-20260927/gnmf-stage16-2000000-16-16777216-5-0-2-window256-73.log,,,
,,,,32469720,65,13,X,3,119.446,,,4183728,0.130,/workspace/data_dir/staging-controls-20260927/gnmf-stage16-2000000-16-16777216-5-0-2-window256-73.log,2000,2000,
,,,,256508088,501,122,W,3,12.118,,,4102912,0.373,/workspace/data_dir/staging-controls-20260927/gnmf-stage16-2000000-16-16777216-5-0-2-window256-73.log,2000,2000,
79,501,,65,,,,,3,,,,,,/workspace/data_dir/staging-controls-20260927/gnmf-stage16-2000000-16-16777216-5-0-2-window256-73.log,,,581
,,59005720,,,,,,4,,252485513,565915815,,,/workspace/data_dir/staging-controls-20260927/gnmf-stage16-2000000-16-16777216-5-0-2-window256-73.log,,,
,,,,32469720,65,13,X,4,119.446,,,4183728,0.130,/workspace/data_dir/staging-controls-20260927/gnmf-stage16-2000000-16-16777216-5-0-2-window256-73.log,2000,2000,
,,,,256508088,501,123,W,4,12.269,,,4102912,0.378,/workspace/data_dir/staging-controls-20260927/gnmf-stage16-2000000-16-16777216-5-0-2-window256-73.log,2000,2000,
63,501,,65,,,,,4,,,,,,/workspace/data_dir/staging-controls-20260927/gnmf-stage16-2000000-16-16777216-5-0-2-window256-73.log,,,565
,,58492627,,,,,,5,,253125693,550551585,,,/workspace/data_dir/staging-controls-20260927/gnmf-stage16-2000000-16-16777216-5-0-2-window256-73.log,,,
,,,,32469720,65,13,X,5,119.446,,,4183728,0.130,/workspace/data_dir/staging-controls-20260927/gnmf-stage16-2000000-16-16777216-5-0-2-window256-73.log,2000,2000,
,,,,256508088,501,122,W,5,12.341,,,4102912,0.355,/workspace/data_dir/staging-controls-20260927/gnmf-stage16-2000000-16-16777216-5-0-2-window256-73.log,2000,2000,
53,501,,65,,,,,5,,,,,,/workspace/data_dir/staging-controls-20260927/gnmf-stage16-2000000-16-16777216-5-0-2-window256-73.log,,,555
,,,,32469720,65,61,X,0,118.908,,,1037824,0.123,/workspace/data_dir/staging-controls-20260927/gnmf-stage4-2000000-16-16777216-5-0-2-ordered-73.log,2000,2000,
,,,,256508176,502,498,W,0,12.890,,,1025728,0.333,/workspace/data_dir/staging-controls-20260927/gnmf-stage4-2000000-16-16777216-5-0-2-ordered-73.log,2000,2000,
99,502,,65,,,,,0,,,,,,/workspace/data_dir/staging-controls-20260927/gnmf-stage4-2000000-16-16777216-5-0-2-ordered-73.log,,,603
,,60544999,,,,,,1,,250436949,542869480,,,/workspace/data_dir/staging-controls-20260927/gnmf-stage4-2000000-16-16777216-5-0-2-ordered-73.log,,,
,,,,32469720,65,61,X,1,118.908,,,1037824,0.123,/workspace/data_dir/staging-controls-20260927/gnmf-stage4-2000000-16-16777216-5-0-2-ordered-73.log,2000,2000,
,,,,256508088,501,497,W,1,13.048,,,1025728,0.445,/workspace/data_dir/staging-controls-20260927/gnmf-stage4-2000000-16-16777216-5-0-2-ordered-73.log,2000,2000,
9,501,,65,,,,,1,,,,,,/workspace/data_dir/staging-controls-20260927/gnmf-stage4-2000000-16-16777216-5-0-2-ordered-73.log,,,510
,,59005720,,,,,,2,,249924808,505483177,,,/workspace/data_dir/staging-controls-20260927/gnmf-stage4-2000000-16-16777216-5-0-2-ordered-73.log,,,
,,,,32469720,65,61,X,2,118.908,,,1037824,0.123,/workspace/data_dir/staging-controls-20260927/gnmf-stage4-2000000-16-16777216-5-0-2-ordered-73.log,2000,2000,
,,,,256508176,502,498,W,2,12.809,,,1025728,0.378,/workspace/data_dir/staging-controls-20260927/gnmf-stage4-2000000-16-16777216-5-0-2-ordered-73.log,2000,2000,
10,502,,65,,,,,2,,,,,,/workspace/data_dir/staging-controls-20260927/gnmf-stage4-2000000-16-16777216-5-0-2-ordered-73.log,,,512
,,59005720,,,,,,3,,250949095,509068174,,,/workspace/data_dir/staging-controls-20260927/gnmf-stage4-2000000-16-16777216-5-0-2-ordered-73.log,,,
,,,,32469720,65,61,X,3,118.908,,,1037824,0.123,/workspace/data_dir/staging-controls-20260927/gnmf-stage4-2000000-16-16777216-5-0-2-ordered-73.log,2000,2000,
,,,,256508088,501,497,W,3,13.106,,,1025728,0.396,/workspace/data_dir/staging-controls-20260927/gnmf-stage4-2000000-16-16777216-5-0-2-ordered-73.log,2000,2000,
5,501,,65,,,,,3,,,,,,/workspace/data_dir/staging-controls-20260927/gnmf-stage4-2000000-16-16777216-5-0-2-ordered-73.log,,,506
,,57979534,,,,,,4,,250436949,504458895,,,/workspace/data_dir/staging-controls-20260927/gnmf-stage4-2000000-16-16777216-5-0-2-ordered-73.log,,,
,,,,32469720,65,61,X,4,118.908,,,1037824,0.123,/workspace/data_dir/staging-controls-20260927/gnmf-stage4-2000000-16-16777216-5-0-2-ordered-73.log,2000,2000,
,,,,256508088,501,497,W,4,13.082,,,1025728,0.441,/workspace/data_dir/staging-controls-20260927/gnmf-stage4-2000000-16-16777216-5-0-2-ordered-73.log,2000,2000,
7,501,,65,,,,,4,,,,,,/workspace/data_dir/staging-controls-20260927/gnmf-stage4-2000000-16-16777216-5-0-2-ordered-73.log,,,508
,,57979534,,,,,,5,,250436949,507019600,,,/workspace/data_dir/staging-controls-20260927/gnmf-stage4-2000000-16-16777216-5-0-2-ordered-73.log,,,
,,,,32469720,65,61,X,5,118.908,,,1037824,0.123,/workspace/data_dir/staging-controls-20260927/gnmf-stage4-2000000-16-16777216-5-0-2-ordered-73.log,2000,2000,
,,,,256508088,501,497,W,5,13.082,,,1025728,0.375,/workspace/data_dir/staging-controls-20260927/gnmf-stage4-2000000-16-16777216-5-0-2-ordered-73.log,2000,2000,
9,501,,65,,,,,5,,,,,,/workspace/data_dir/staging-controls-20260927/gnmf-stage4-2000000-16-16777216-5-0-2-ordered-73.log,,,510
,,,,32469720,65,61,X,0,885.585,,,1037824,0.162,/workspace/data_dir/staging-controls-20260927/gnmf-stage4-2000000-16-16777216-5-0-2-random-73.log,2000,2000,
,,,,256508176,502,498,W,0,592.948,,,1025728,0.221,/workspace/data_dir/staging-controls-20260927/gnmf-stage4-2000000-16-16777216-5-0-2-random-73.log,2000,2000,
499,502,,65,,,,,0,,,,,,/workspace/data_dir/staging-controls-20260927/gnmf-stage4-2000000-16-16777216-5-0-2-random-73.log,,,1927
,,61571185,,,,,,1,,249924808,1646021194,,,/workspace/data_dir/staging-controls-20260927/gnmf-stage4-2000000-16-16777216-5-0-2-random-73.log,,,
,,,,32469720,65,61,X,1,885.585,,,1037824,0.162,/workspace/data_dir/staging-controls-20260927/gnmf-stage4-2000000-16-16777216-5-0-2-random-73.log,2000,2000,
,,,,256508176,502,498,W,1,90.303,,,1025728,0.454,/workspace/data_dir/staging-controls-20260927/gnmf-stage4-2000000-16-16777216-5-0-2-random-73.log,2000,2000,
10,502,,65,,,,,1,,,,,,/workspace/data_dir/staging-controls-20260927/gnmf-stage4-2000000-16-16777216-5-0-2-random-73.log,,,512
,,57466441,,,,,,2,,251205163,505995328,,,/workspace/data_dir/staging-controls-20260927/gnmf-stage4-2000000-16-16777216-5-0-2-random-73.log,,,
,,,,32469720,65,61,X,2,885.585,,,1037824,0.162,/workspace/data_dir/staging-controls-20260927/gnmf-stage4-2000000-16-16777216-5-0-2-random-73.log,2000,2000,
,,,,256508088,501,497,W,2,91.521,,,1025728,0.377,/workspace/data_dir/staging-controls-20260927/gnmf-stage4-2000000-16-16777216-5-0-2-random-73.log,2000,2000,
3,501,,65,,,,,2,,,,,,/workspace/data_dir/staging-controls-20260927/gnmf-stage4-2000000-16-16777216-5-0-2-random-73.log,,,504
,,57979534,,,,,,3,,249924818,503946754,,,/workspace/data_dir/staging-controls-20260927/gnmf-stage4-2000000-16-16777216-5-0-2-random-73.log,,,
,,,,32469720,65,61,X,3,885.585,,,1037824,0.162,/workspace/data_dir/staging-controls-20260927/gnmf-stage4-2000000-16-16777216-5-0-2-random-73.log,2000,2000,
,,,,256508176,502,498,W,3,90.582,,,1025728,0.391,/workspace/data_dir/staging-controls-20260927/gnmf-stage4-2000000-16-16777216-5-0-2-random-73.log,2000,2000,
5,502,,65,,,,,3,,,,,,/workspace/data_dir/staging-controls-20260927/gnmf-stage4-2000000-16-16777216-5-0-2-random-73.log,,,507
,,57979534,,,,,,4,,251845338,504458905,,,/workspace/data_dir/staging-controls-20260927/gnmf-stage4-2000000-16-16777216-5-0-2-random-73.log,,,
,,,,32469720,65,61,X,4,885.585,,,1037824,0.162,/workspace/data_dir/staging-controls-20260927/gnmf-stage4-2000000-16-16777216-5-0-2-random-73.log,2000,2000,
,,,,256508088,501,497,W,4,91.425,,,1025728,0.406,/workspace/data_dir/staging-controls-20260927/gnmf-stage4-2000000-16-16777216-5-0-2-random-73.log,2000,2000,
3,501,,65,,,,,4,,,,,,/workspace/data_dir/staging-controls-20260927/gnmf-stage4-2000000-16-16777216-5-0-2-random-73.log,,,504
,,57979534,,,,,,5,,250436949,503946754,,,/workspace/data_dir/staging-controls-20260927/gnmf-stage4-2000000-16-16777216-5-0-2-random-73.log,,,
,,,,32469720,65,61,X,5,885.585,,,1037824,0.162,/workspace/data_dir/staging-controls-20260927/gnmf-stage4-2000000-16-16777216-5-0-2-random-73.log,2000,2000,
,,,,256508088,501,497,W,5,91.297,,,1025728,0.427,/workspace/data_dir/staging-controls-20260927/gnmf-stage4-2000000-16-16777216-5-0-2-random-73.log,2000,2000,
5,501,,65,,,,,5,,,,,,/workspace/data_dir/staging-controls-20260927/gnmf-stage4-2000000-16-16777216-5-0-2-random-73.log,,,506
,,,,32469720,65,61,X,0,174.292,,,1037824,0.195,/workspace/data_dir/staging-controls-20260927/gnmf-stage4-2000000-16-16777216-5-0-2-window256-73.log,2000,2000,
,,,,256508176,502,498,W,0,79.681,,,1025728,0.294,/workspace/data_dir/staging-controls-20260927/gnmf-stage4-2000000-16-16777216-5-0-2-window256-73.log,2000,2000,
495,502,,65,,,,,0,,,,,,/workspace/data_dir/staging-controls-20260927/gnmf-stage4-2000000-16-16777216-5-0-2-window256-73.log,,,1585
,,61058092,,,,,,1,,250436949,809182800,,,/workspace/data_dir/staging-controls-20260927/gnmf-stage4-2000000-16-16777216-5-0-2-window256-73.log,,,
,,,,32469720,65,61,X,1,174.292,,,1037824,0.195,/workspace/data_dir/staging-controls-20260927/gnmf-stage4-2000000-16-16777216-5-0-2-window256-73.log,2000,2000,
,,,,256508176,502,498,W,1,18.243,,,1025728,0.409,/workspace/data_dir/staging-controls-20260927/gnmf-stage4-2000000-16-16777216-5-0-2-window256-73.log,2000,2000,
14,502,,65,,,,,1,,,,,,/workspace/data_dir/staging-controls-20260927/gnmf-stage4-2000000-16-16777216-5-0-2-window256-73.log,,,516
,,58492627,,,,,,2,,248900526,513165302,,,/workspace/data_dir/staging-controls-20260927/gnmf-stage4-2000000-16-16777216-5-0-2-window256-73.log,,,
,,,,32469720,65,61,X,2,174.292,,,1037824,0.195,/workspace/data_dir/staging-controls-20260927/gnmf-stage4-2000000-16-16777216-5-0-2-window256-73.log,2000,2000,
,,,,256508088,501,497,W,2,18.391,,,1025728,0.334,/workspace/data_dir/staging-controls-20260927/gnmf-stage4-2000000-16-16777216-5-0-2-window256-73.log,2000,2000,
15,501,,65,,,,,2,,,,,,/workspace/data_dir/staging-controls-20260927/gnmf-stage4-2000000-16-16777216-5-0-2-window256-73.log,,,516
,,58492627,,,,,,3,,250436949,511116728,,,/workspace/data_dir/staging-controls-20260927/gnmf-stage4-2000000-16-16777216-5-0-2-window256-73.log,,,
,,,,32469720,65,61,X,3,174.292,,,1037824,0.195,/workspace/data_dir/staging-controls-20260927/gnmf-stage4-2000000-16-16777216-5-0-2-window256-73.log,2000,2000,
,,,,256508088,501,497,W,3,18.267,,,1025728,0.381,/workspace/data_dir/staging-controls-20260927/gnmf-stage4-2000000-16-16777216-5-0-2-window256-73.log,2000,2000,
27,501,,65,,,,,3,,,,,,/workspace/data_dir/staging-controls-20260927/gnmf-stage4-2000000-16-16777216-5-0-2-window256-73.log,,,528
,,58492627,,,,,,4,,251461236,518286702,,,/workspace/data_dir/staging-controls-20260927/gnmf-stage4-2000000-16-16777216-5-0-2-window256-73.log,,,
,,,,32469720,65,61,X,4,174.292,,,1037824,0.195,/workspace/data_dir/staging-controls-20260927/gnmf-stage4-2000000-16-16777216-5-0-2-window256-73.log,2000,2000,
,,,,256508088,501,497,W,4,18.250,,,1025728,0.470,/workspace/data_dir/staging-controls-20260927/gnmf-stage4-2000000-16-16777216-5-0-2-window256-73.log,2000,2000,
15,501,,65,,,,,4,,,,,,/workspace/data_dir/staging-controls-20260927/gnmf-stage4-2000000-16-16777216-5-0-2-window256-73.log,,,516
,,58492627,,,,,,5,,249924808,510604587,,,/workspace/data_dir/staging-controls-20260927/gnmf-stage4-2000000-16-16777216-5-0-2-window256-73.log,,,
,,,,32469720,65,61,X,5,174.292,,,1037824,0.195,/workspace/data_dir/staging-controls-20260927/gnmf-stage4-2000000-16-16777216-5-0-2-window256-73.log,2000,2000,
,,,,256508176,502,498,W,5,17.974,,,1025728,0.432,/workspace/data_dir/staging-controls-20260927/gnmf-stage4-2000000-16-16777216-5-0-2-window256-73.log,2000,2000,
25,502,,65,,,,,5,,,,,,/workspace/data_dir/staging-controls-20260927/gnmf-stage4-2000000-16-16777216-5-0-2-window256-73.log,,,527
,,,,16234816,32,4,X,0,122.156,,,4135080,0.048,/workspace/data_dir/staging-controls-20260927/gnmf-stage50-1000000-16-4194304-5-0-2-random-73.log,1000,1000,
,,,,128254088,251,18,W,0,26.960,,,13078032,0.170,/workspace/data_dir/staging-controls-20260927/gnmf-stage50-1000000-16-4194304-5-0-2-random-73.log,1000,1000,
245,251,,32,,,,,0,,,,,,/workspace/data_dir/staging-controls-20260927/gnmf-stage50-1000000-16-4194304-5-0-2-random-73.log,,,716
,,31555227,,,,,,1,,127139007,492167511,,,/workspace/data_dir/staging-controls-20260927/gnmf-stage50-1000000-16-4194304-5-0-2-random-73.log,,,
,,,,16234816,32,4,X,1,122.156,,,4135080,0.048,/workspace/data_dir/staging-controls-20260927/gnmf-stage50-1000000-16-4194304-5-0-2-random-73.log,1000,1000,
,,,,128254088,251,17,W,1,11.303,,,13078032,0.209,/workspace/data_dir/staging-controls-20260927/gnmf-stage50-1000000-16-4194304-5-0-2-random-73.log,1000,1000,
99,251,,32,,,,,1,,,,,,/workspace/data_dir/staging-controls-20260927/gnmf-stage50-1000000-16-4194304-5-0-2-random-73.log,,,358
,,30015948,,,,,,2,,126370793,345695185,,,/workspace/data_dir/staging-controls-20260927/gnmf-stage50-1000000-16-4194304-5-0-2-random-73.log,,,
,,,,16234816,32,4,X,2,122.156,,,4135080,0.048,/workspace/data_dir/staging-controls-20260927/gnmf-stage50-1000000-16-4194304-5-0-2-random-73.log,1000,1000,
,,,,128254088,251,18,W,2,10.912,,,13078032,0.227,/workspace/data_dir/staging-controls-20260927/gnmf-stage50-1000000-16-4194304-5-0-2-random-73.log,1000,1000,
113,251,,32,,,,,2,,,,,,/workspace/data_dir/staging-controls-20260927/gnmf-stage50-1000000-16-4194304-5-0-2-random-73.log,,,389
,,30529041,,,,,,3,,127267041,362083697,,,/workspace/data_dir/staging-controls-20260927/gnmf-stage50-1000000-16-4194304-5-0-2-random-73.log,,,
,,,,16234816,32,4,X,3,122.156,,,4135080,0.048,/workspace/data_dir/staging-controls-20260927/gnmf-stage50-1000000-16-4194304-5-0-2-random-73.log,1000,1000,
,,,,128254088,251,17,W,3,10.514,,,13078032,0.168,/workspace/data_dir/staging-controls-20260927/gnmf-stage50-1000000-16-4194304-5-0-2-random-73.log,1000,1000,
113,251,,32,,,,,3,,,,,,/workspace/data_dir/staging-controls-20260927/gnmf-stage50-1000000-16-4194304-5-0-2-random-73.log,,,376
,,30529041,,,,,,4,,127523114,361571556,,,/workspace/data_dir/staging-controls-20260927/gnmf-stage50-1000000-16-4194304-5-0-2-random-73.log,,,
,,,,16234816,32,4,X,4,122.156,,,4135080,0.048,/workspace/data_dir/staging-controls-20260927/gnmf-stage50-1000000-16-4194304-5-0-2-random-73.log,1000,1000,
,,,,128254088,251,18,W,4,11.028,,,13078032,0.248,/workspace/data_dir/staging-controls-20260927/gnmf-stage50-1000000-16-4194304-5-0-2-random-73.log,1000,1000,
108,251,,32,,,,,4,,,,,,/workspace/data_dir/staging-controls-20260927/gnmf-stage50-1000000-16-4194304-5-0-2-random-73.log,,,363
,,30015948,,,,,,5,,127010973,351328736,,,/workspace/data_dir/staging-controls-20260927/gnmf-stage50-1000000-16-4194304-5-0-2-random-73.log,,,
,,,,16234816,32,4,X,5,122.156,,,4135080,0.048,/workspace/data_dir/staging-controls-20260927/gnmf-stage50-1000000-16-4194304-5-0-2-random-73.log,1000,1000,
,,,,128254088,251,17,W,5,12.060,,,13078032,0.190,/workspace/data_dir/staging-controls-20260927/gnmf-stage50-1000000-16-4194304-5-0-2-random-73.log,1000,1000,
102,251,,32,,,,,5,,,,,,/workspace/data_dir/staging-controls-20260927/gnmf-stage50-1000000-16-4194304-5-0-2-random-73.log,,,361
,,,,32469720,65,4,X,0,119.431,,,10199864,0.079,/workspace/data_dir/staging-controls-20260927/gnmf-stage50-2000000-16-16777216-5-0-2-ordered-73.log,2000,2000,
,,,,256508088,501,37,W,0,13.323,,,13078032,0.194,/workspace/data_dir/staging-controls-20260927/gnmf-stage50-2000000-16-16777216-5-0-2-ordered-73.log,2000,2000,
110,501,,65,,,,,0,,,,,,/workspace/data_dir/staging-controls-20260927/gnmf-stage50-2000000-16-16777216-5-0-2-ordered-73.log,,,616
,,61058092,,,,,,1,,251973372,579743622,,,/workspace/data_dir/staging-controls-20260927/gnmf-stage50-2000000-16-16777216-5-0-2-ordered-73.log,,,
,,,,32469720,65,4,X,1,119.431,,,10199864,0.079,/workspace/data_dir/staging-controls-20260927/gnmf-stage50-2000000-16-16777216-5-0-2-ordered-73.log,2000,2000,
,,,,256508088,501,37,W,1,18.186,,,13078032,0.345,/workspace/data_dir/staging-controls-20260927/gnmf-stage50-2000000-16-16777216-5-0-2-ordered-73.log,2000,2000,
69,501,,65,,,,,1,,,,,,/workspace/data_dir/staging-controls-20260927/gnmf-stage50-2000000-16-16777216-5-0-2-ordered-73.log,,,573
,,58492627,,,,,,2,,254534082,575902567,,,/workspace/data_dir/staging-controls-20260927/gnmf-stage50-2000000-16-16777216-5-0-2-ordered-73.log,,,
,,,,32469720,65,4,X,2,119.431,,,10199864,0.079,/workspace/data_dir/staging-controls-20260927/gnmf-stage50-2000000-16-16777216-5-0-2-ordered-73.log,2000,2000,
,,,,256508088,501,37,W,2,17.970,,,13078032,0.390,/workspace/data_dir/staging-controls-20260927/gnmf-stage50-2000000-16-16777216-5-0-2-ordered-73.log,2000,2000,
83,501,,65,,,,,2,,,,,,/workspace/data_dir/staging-controls-20260927/gnmf-stage50-2000000-16-16777216-5-0-2-ordered-73.log,,,591
,,59005720,,,,,,3,,252741586,590242515,,,/workspace/data_dir/staging-controls-20260927/gnmf-stage50-2000000-16-16777216-5-0-2-ordered-73.log,,,
,,,,32469720,65,4,X,3,119.431,,,10199864,0.079,/workspace/data_dir/staging-controls-20260927/gnmf-stage50-2000000-16-16777216-5-0-2-ordered-73.log,2000,2000,
,,,,256508176,502,36,W,3,19.199,,,13078032,0.442,/workspace/data_dir/staging-controls-20260927/gnmf-stage50-2000000-16-16777216-5-0-2-ordered-73.log,2000,2000,
79,502,,65,,,,,3,,,,,,/workspace/data_dir/staging-controls-20260927/gnmf-stage50-2000000-16-16777216-5-0-2-ordered-73.log,,,587
,,57979534,,,,,,4,,252741586,586401465,,,/workspace/data_dir/staging-controls-20260927/gnmf-stage50-2000000-16-16777216-5-0-2-ordered-73.log,,,
,,,,32469720,65,4,X,4,119.431,,,10199864,0.079,/workspace/data_dir/staging-controls-20260927/gnmf-stage50-2000000-16-16777216-5-0-2-ordered-73.log,2000,2000,
,,,,256508088,501,37,W,4,16.102,,,13078032,0.490,/workspace/data_dir/staging-controls-20260927/gnmf-stage50-2000000-16-16777216-5-0-2-ordered-73.log,2000,2000,
67,501,,65,,,,,4,,,,,,/workspace/data_dir/staging-controls-20260927/gnmf-stage50-2000000-16-16777216-5-0-2-ordered-73.log,,,575
,,58492627,,,,,,5,,252485513,576414708,,,/workspace/data_dir/staging-controls-20260927/gnmf-stage50-2000000-16-16777216-5-0-2-ordered-73.log,,,
,,,,32469720,65,4,X,5,119.431,,,10199864,0.079,/workspace/data_dir/staging-controls-20260927/gnmf-stage50-2000000-16-16777216-5-0-2-ordered-73.log,2000,2000,
,,,,256508088,501,36,W,5,14.337,,,13078032,0.412,/workspace/data_dir/staging-controls-20260927/gnmf-stage50-2000000-16-16777216-5-0-2-ordered-73.log,2000,2000,
82,501,,65,,,,,5,,,,,,/workspace/data_dir/staging-controls-20260927/gnmf-stage50-2000000-16-16777216-5-0-2-ordered-73.log,,,588
,,,,32469720,65,4,X,0,119.892,,,9551224,0.094,/workspace/data_dir/staging-controls-20260927/gnmf-stage50-2000000-16-16777216-5-0-2-random-73.log,2000,2000,
,,,,256508176,502,37,W,0,45.422,,,13078032,0.242,/workspace/data_dir/staging-controls-20260927/gnmf-stage50-2000000-16-16777216-5-0-2-random-73.log,2000,2000,
493,502,,65,,,,,0,,,,,,/workspace/data_dir/staging-controls-20260927/gnmf-stage50-2000000-16-16777216-5-0-2-random-73.log,,,1494
,,61058092,,,,,,1,,253125693,1201482806,,,/workspace/data_dir/staging-controls-20260927/gnmf-stage50-2000000-16-16777216-5-0-2-random-73.log,,,
,,,,32469720,65,4,X,1,119.892,,,9551224,0.094,/workspace/data_dir/staging-controls-20260927/gnmf-stage50-2000000-16-16777216-5-0-2-random-73.log,2000,2000,
,,,,256508176,502,37,W,1,18.279,,,13078032,0.344,/workspace/data_dir/staging-controls-20260927/gnmf-stage50-2000000-16-16777216-5-0-2-random-73.log,2000,2000,
106,502,,65,,,,,1,,,,,,/workspace/data_dir/staging-controls-20260927/gnmf-stage50-2000000-16-16777216-5-0-2-random-73.log,,,616
,,58492627,,,,,,2,,255046228,614569220,,,/workspace/data_dir/staging-controls-20260927/gnmf-stage50-2000000-16-16777216-5-0-2-random-73.log,,,
,,,,32469720,65,4,X,2,119.892,,,9551224,0.094,/workspace/data_dir/staging-controls-20260927/gnmf-stage50-2000000-16-16777216-5-0-2-random-73.log,2000,2000,
,,,,256508176,502,37,W,2,16.114,,,13078032,0.332,/workspace/data_dir/staging-controls-20260927/gnmf-stage50-2000000-16-16777216-5-0-2-random-73.log,2000,2000,
112,502,,65,,,,,2,,,,,,/workspace/data_dir/staging-controls-20260927/gnmf-stage50-2000000-16-16777216-5-0-2-random-73.log,,,617
,,58492627,,,,,,3,,251461231,616361716,,,/workspace/data_dir/staging-controls-20260927/gnmf-stage50-2000000-16-16777216-5-0-2-random-73.log,,,
,,,,32469720,65,4,X,3,119.892,,,9551224,0.094,/workspace/data_dir/staging-controls-20260927/gnmf-stage50-2000000-16-16777216-5-0-2-random-73.log,2000,2000,
,,,,256508176,502,37,W,3,18.118,,,13078032,0.467,/workspace/data_dir/staging-controls-20260927/gnmf-stage50-2000000-16-16777216-5-0-2-random-73.log,2000,2000,
125,502,,65,,,,,3,,,,,,/workspace/data_dir/staging-controls-20260927/gnmf-stage50-2000000-16-16777216-5-0-2-random-73.log,,,630
,,58492627,,,,,,4,,253509805,623531690,,,/workspace/data_dir/staging-controls-20260927/gnmf-stage50-2000000-16-16777216-5-0-2-random-73.log,,,
,,,,32469720,65,4,X,4,119.892,,,9551224,0.094,/workspace/data_dir/staging-controls-20260927/gnmf-stage50-2000000-16-16777216-5-0-2-random-73.log,2000,2000,
,,,,256508176,502,37,W,4,16.398,,,13078032,0.388,/workspace/data_dir/staging-controls-20260927/gnmf-stage50-2000000-16-16777216-5-0-2-random-73.log,2000,2000,
106,502,,65,,,,,4,,,,,,/workspace/data_dir/staging-controls-20260927/gnmf-stage50-2000000-16-16777216-5-0-2-random-73.log,,,610
,,57979534,,,,,,5,,251973372,610728165,,,/workspace/data_dir/staging-controls-20260927/gnmf-stage50-2000000-16-16777216-5-0-2-random-73.log,,,
,,,,32469720,65,4,X,5,119.892,,,9551224,0.094,/workspace/data_dir/staging-controls-20260927/gnmf-stage50-2000000-16-16777216-5-0-2-random-73.log,2000,2000,
,,,,256508176,502,37,W,5,20.749,,,13078032,0.367,/workspace/data_dir/staging-controls-20260927/gnmf-stage50-2000000-16-16777216-5-0-2-random-73.log,2000,2000,
107,502,,65,,,,,5,,,,,,/workspace/data_dir/staging-controls-20260927/gnmf-stage50-2000000-16-16777216-5-0-2-random-73.log,,,612
,,,,32469720,65,4,X,0,120.323,,,9924192,0.186,/workspace/data_dir/staging-controls-20260927/gnmf-stage50-2000000-16-16777216-5-0-2-window256-73.log,2000,2000,
,,,,256508088,501,38,W,0,17.188,,,13078032,0.398,/workspace/data_dir/staging-controls-20260927/gnmf-stage50-2000000-16-16777216-5-0-2-window256-73.log,2000,2000,
493,501,,65,,,,,0,,,,,,/workspace/data_dir/staging-controls-20260927/gnmf-stage50-2000000-16-16777216-5-0-2-window256-73.log,,,1411
,,61571185,,,,,,1,,251461241,1330926435,,,/workspace/data_dir/staging-controls-20260927/gnmf-stage50-2000000-16-16777216-5-0-2-window256-73.log,,,
,,,,32469720,65,4,X,1,120.323,,,9924192,0.186,/workspace/data_dir/staging-controls-20260927/gnmf-stage50-2000000-16-16777216-5-0-2-window256-73.log,2000,2000,
,,,,256508176,502,36,W,1,17.231,,,13078032,0.748,/workspace/data_dir/staging-controls-20260927/gnmf-stage50-2000000-16-16777216-5-0-2-window256-73.log,2000,2000,
120,502,,65,,,,,1,,,,,,/workspace/data_dir/staging-controls-20260927/gnmf-stage50-2000000-16-16777216-5-0-2-window256-73.log,,,627
,,57466441,,,,,,2,,252229445,622763476,,,/workspace/data_dir/staging-controls-20260927/gnmf-stage50-2000000-16-16777216-5-0-2-window256-73.log,,,
,,,,32469720,65,4,X,2,120.323,,,9924192,0.186,/workspace/data_dir/staging-controls-20260927/gnmf-stage50-2000000-16-16777216-5-0-2-window256-73.log,2000,2000,
,,,,256508088,501,37,W,2,17.591,,,13078032,0.479,/workspace/data_dir/staging-controls-20260927/gnmf-stage50-2000000-16-16777216-5-0-2-window256-73.log,2000,2000,
147,501,,65,,,,,2,,,,,,/workspace/data_dir/staging-controls-20260927/gnmf-stage50-2000000-16-16777216-5-0-2-window256-73.log,,,650
,,58492627,,,,,,3,,255046223,646834093,,,/workspace/data_dir/staging-controls-20260927/gnmf-stage50-2000000-16-16777216-5-0-2-window256-73.log,,,
,,,,32469720,65,4,X,3,120.323,,,9924192,0.186,/workspace/data_dir/staging-controls-20260927/gnmf-stage50-2000000-16-16777216-5-0-2-window256-73.log,2000,2000,
,,,,256508088,501,37,W,3,15.798,,,13078032,0.312,/workspace/data_dir/staging-controls-20260927/gnmf-stage50-2000000-16-16777216-5-0-2-window256-73.log,2000,2000,
139,501,,65,,,,,3,,,,,,/workspace/data_dir/staging-controls-20260927/gnmf-stage50-2000000-16-16777216-5-0-2-window256-73.log,,,649
,,57466441,,,,,,4,,253509795,648370516,,,/workspace/data_dir/staging-controls-20260927/gnmf-stage50-2000000-16-16777216-5-0-2-window256-73.log,,,
,,,,32469720,65,4,X,4,120.323,,,9924192,0.186,/workspace/data_dir/staging-controls-20260927/gnmf-stage50-2000000-16-16777216-5-0-2-window256-73.log,2000,2000,
,,,,256508176,502,37,W,4,18.012,,,13078032,0.327,/workspace/data_dir/staging-controls-20260927/gnmf-stage50-2000000-16-16777216-5-0-2-window256-73.log,2000,2000,
127,502,,65,,,,,4,,,,,,/workspace/data_dir/staging-controls-20260927/gnmf-stage50-2000000-16-16777216-5-0-2-window256-73.log,,,633
,,57979534,,,,,,5,,252997664,630957732,,,/workspace/data_dir/staging-controls-20260927/gnmf-stage50-2000000-16-16777216-5-0-2-window256-73.log,,,
,,,,32469720,65,4,X,5,120.323,,,9924192,0.186,/workspace/data_dir/staging-controls-20260927/gnmf-stage50-2000000-16-16777216-5-0-2-window256-73.log,2000,2000,
,,,,256508176,502,35,W,5,17.209,,,13078032,0.312,/workspace/data_dir/staging-controls-20260927/gnmf-stage50-2000000-16-16777216-5-0-2-window256-73.log,2000,2000,
124,502,,65,,,,,5,,,,,,/workspace/data_dir/staging-controls-20260927/gnmf-stage50-2000000-16-16777216-5-0-2-window256-73.log,,,632
,,,,32469720,65,4,X,0,120.400,,,9551224,0.100,/workspace/data_dir/staging-controls-20260927/gnmf-stage50-2000000-64-16777216-5-0-2-random-73.log,2000,2000,
,,,,1024640000,2000,152,W,0,1.000,,,12805400,0.423,/workspace/data_dir/staging-controls-20260927/gnmf-stage50-2000000-64-16777216-5-0-2-random-73.log,2000,2000,
0,2000,,65,,,,,0,,,,,,/workspace/data_dir/staging-controls-20260927/gnmf-stage50-2000000-64-16777216-5-0-2-random-73.log,,,2000
,,62597371,,,,,,1,,1019469649,2040987454,,,/workspace/data_dir/staging-controls-20260927/gnmf-stage50-2000000-64-16777216-5-0-2-random-73.log,,,
,,,,32469720,65,4,X,1,120.400,,,9551224,0.100,/workspace/data_dir/staging-controls-20260927/gnmf-stage50-2000000-64-16777216-5-0-2-random-73.log,2000,2000,
,,,,1024640000,2000,152,W,1,1.000,,,12805400,0.424,/workspace/data_dir/staging-controls-20260927/gnmf-stage50-2000000-64-16777216-5-0-2-random-73.log,2000,2000,
0,2000,,65,,,,,1,,,,,,/workspace/data_dir/staging-controls-20260927/gnmf-stage50-2000000-64-16777216-5-0-2-random-73.log,,,2000
,,60544999,,,,,,2,,1016397415,2039451337,,,/workspace/data_dir/staging-controls-20260927/gnmf-stage50-2000000-64-16777216-5-0-2-random-73.log,,,
,,,,32469720,65,4,X,2,120.400,,,9551224,0.100,/workspace/data_dir/staging-controls-20260927/gnmf-stage50-2000000-64-16777216-5-0-2-random-73.log,2000,2000,
,,,,1024640000,2000,152,W,2,1.000,,,12805400,0.434,/workspace/data_dir/staging-controls-20260927/gnmf-stage50-2000000-64-16777216-5-0-2-random-73.log,2000,2000,
0,2000,,65,,,,,2,,,,,,/workspace/data_dir/staging-controls-20260927/gnmf-stage50-2000000-64-16777216-5-0-2-random-73.log,,,2000
,,62084278,,,,,,3,,1021005766,2036891142,,,/workspace/data_dir/staging-controls-20260927/gnmf-stage50-2000000-64-16777216-5-0-2-random-73.log,,,
,,,,32469720,65,4,X,3,120.400,,,9551224,0.100,/workspace/data_dir/staging-controls-20260927/gnmf-stage50-2000000-64-16777216-5-0-2-random-73.log,2000,2000,
,,,,1024640000,2000,152,W,3,1.000,,,12805400,0.435,/workspace/data_dir/staging-controls-20260927/gnmf-stage50-2000000-64-16777216-5-0-2-random-73.log,2000,2000,
0,2000,,65,,,,,3,,,,,,/workspace/data_dir/staging-controls-20260927/gnmf-stage50-2000000-64-16777216-5-0-2-random-73.log,,,2000
,,60031906,,,,,,4,,1016397415,2038427259,,,/workspace/data_dir/staging-controls-20260927/gnmf-stage50-2000000-64-16777216-5-0-2-random-73.log,,,
,,,,32469720,65,4,X,4,120.400,,,9551224,0.100,/workspace/data_dir/staging-controls-20260927/gnmf-stage50-2000000-64-16777216-5-0-2-random-73.log,2000,2000,
,,,,1024640000,2000,152,W,4,1.000,,,12805400,0.454,/workspace/data_dir/staging-controls-20260927/gnmf-stage50-2000000-64-16777216-5-0-2-random-73.log,2000,2000,
0,2000,,65,,,,,4,,,,,,/workspace/data_dir/staging-controls-20260927/gnmf-stage50-2000000-64-16777216-5-0-2-random-73.log,,,2000
,,61571185,,,,,,5,,1018445571,2036379103,,,/workspace/data_dir/staging-controls-20260927/gnmf-stage50-2000000-64-16777216-5-0-2-random-73.log,,,
,,,,32469720,65,4,X,5,120.400,,,9551224,0.100,/workspace/data_dir/staging-controls-20260927/gnmf-stage50-2000000-64-16777216-5-0-2-random-73.log,2000,2000,
,,,,1024640000,2000,152,W,5,1.000,,,12805400,0.406,/workspace/data_dir/staging-controls-20260927/gnmf-stage50-2000000-64-16777216-5-0-2-random-73.log,2000,2000,
0,2000,,65,,,,,5,,,,,,/workspace/data_dir/staging-controls-20260927/gnmf-stage50-2000000-64-16777216-5-0-2-random-73.log,,,2000
,,,,32469720,65,4,X,0,119.431,,,9372848,0.079,/workspace/data_dir/staging-controls-20260927/gnmf-stage50x-2000000-16-16777216-5-0-2-ordered-73.log,2000,2000,
,,,,256508176,502,0,W,0,12.890,,,0,0.000,/workspace/data_dir/staging-controls-20260927/gnmf-stage50x-2000000-16-16777216-5-0-2-ordered-73.log,0,2000,
88,502,,65,,,,,0,,,,,,/workspace/data_dir/staging-controls-20260927/gnmf-stage50x-2000000-16-16777216-5-0-2-ordered-73.log,,,592
,,61058092,,,,,,1,,251461236,555160864,,,/workspace/data_dir/staging-controls-20260927/gnmf-stage50x-2000000-16-16777216-5-0-2-ordered-73.log,,,
,,,,32469720,65,4,X,1,119.431,,,9372848,0.079,/workspace/data_dir/staging-controls-20260927/gnmf-stage50x-2000000-16-16777216-5-0-2-ordered-73.log,2000,2000,
,,,,256508088,501,0,W,1,12.643,,,0,0.000,/workspace/data_dir/staging-controls-20260927/gnmf-stage50x-2000000-16-16777216-5-0-2-ordered-73.log,0,2000,
1,501,,65,,,,,1,,,,,,/workspace/data_dir/staging-controls-20260927/gnmf-stage50x-2000000-16-16777216-5-0-2-ordered-73.log,,,502
,,57979534,,,,,,2,,252741591,500361767,,,/workspace/data_dir/staging-controls-20260927/gnmf-stage50x-2000000-16-16777216-5-0-2-ordered-73.log,,,
,,,,32469720,65,4,X,2,119.431,,,9372848,0.079,/workspace/data_dir/staging-controls-20260927/gnmf-stage50x-2000000-16-16777216-5-0-2-ordered-73.log,2000,2000,
,,,,256508176,502,0,W,2,12.552,,,0,0.000,/workspace/data_dir/staging-controls-20260927/gnmf-stage50x-2000000-16-16777216-5-0-2-ordered-73.log,0,2000,
0,502,,65,,,,,2,,,,,,/workspace/data_dir/staging-controls-20260927/gnmf-stage50x-2000000-16-16777216-5-0-2-ordered-73.log,,,502
,,57466441,,,,,,3,,252485523,500361777,,,/workspace/data_dir/staging-controls-20260927/gnmf-stage50x-2000000-16-16777216-5-0-2-ordered-73.log,,,
,,,,32469720,65,4,X,3,119.431,,,9372848,0.079,/workspace/data_dir/staging-controls-20260927/gnmf-stage50x-2000000-16-16777216-5-0-2-ordered-73.log,2000,2000,
,,,,256508176,502,0,W,3,12.570,,,0,0.000,/workspace/data_dir/staging-controls-20260927/gnmf-stage50x-2000000-16-16777216-5-0-2-ordered-73.log,0,2000,
1,502,,65,,,,,3,,,,,,/workspace/data_dir/staging-controls-20260927/gnmf-stage50x-2000000-16-16777216-5-0-2-ordered-73.log,,,503
,,58492627,,,,,,4,,250949095,502410341,,,/workspace/data_dir/staging-controls-20260927/gnmf-stage50x-2000000-16-16777216-5-0-2-ordered-73.log,,,
,,,,32469720,65,4,X,4,119.431,,,9372848,0.079,/workspace/data_dir/staging-controls-20260927/gnmf-stage50x-2000000-16-16777216-5-0-2-ordered-73.log,2000,2000,
,,,,256508088,501,0,W,4,12.643,,,0,0.000,/workspace/data_dir/staging-controls-20260927/gnmf-stage50x-2000000-16-16777216-5-0-2-ordered-73.log,0,2000,
1,501,,65,,,,,4,,,,,,/workspace/data_dir/staging-controls-20260927/gnmf-stage50x-2000000-16-16777216-5-0-2-ordered-73.log,,,502
,,59518813,,,,,,5,,253509805,499849626,,,/workspace/data_dir/staging-controls-20260927/gnmf-stage50x-2000000-16-16777216-5-0-2-ordered-73.log,,,
,,,,32469720,65,4,X,5,119.431,,,9372848,0.079,/workspace/data_dir/staging-controls-20260927/gnmf-stage50x-2000000-16-16777216-5-0-2-ordered-73.log,2000,2000,
,,,,256508176,502,0,W,5,12.570,,,0,0.000,/workspace/data_dir/staging-controls-20260927/gnmf-stage50x-2000000-16-16777216-5-0-2-ordered-73.log,0,2000,
1,502,,65,,,,,5,,,,,,/workspace/data_dir/staging-controls-20260927/gnmf-stage50x-2000000-16-16777216-5-0-2-ordered-73.log,,,503
,,,,32469720,65,4,X,0,119.754,,,9648520,0.099,/workspace/data_dir/staging-controls-20260927/gnmf-stage50x-2000000-16-16777216-5-0-2-random-73.log,2000,2000,
,,,,256508176,502,0,W,0,1177.849,,,0,0.000,/workspace/data_dir/staging-controls-20260927/gnmf-stage50x-2000000-16-16777216-5-0-2-random-73.log,0,2000,
501,502,,65,,,,,0,,,,,,/workspace/data_dir/staging-controls-20260927/gnmf-stage50x-2000000-16-16777216-5-0-2-random-73.log,,,1950
,,61058092,,,,,,1,,252229445,1673164682,,,/workspace/data_dir/staging-controls-20260927/gnmf-stage50x-2000000-16-16777216-5-0-2-random-73.log,,,
,,,,32469720,65,4,X,1,119.754,,,9648520,0.099,/workspace/data_dir/staging-controls-20260927/gnmf-stage50x-2000000-16-16777216-5-0-2-random-73.log,2000,2000,
,,,,256508088,501,0,W,1,13.070,,,0,0.000,/workspace/data_dir/staging-controls-20260927/gnmf-stage50x-2000000-16-16777216-5-0-2-random-73.log,0,2000,
1,501,,65,,,,,1,,,,,,/workspace/data_dir/staging-controls-20260927/gnmf-stage50x-2000000-16-16777216-5-0-2-random-73.log,,,502
,,58492627,,,,,,2,,251845338,501386049,,,/workspace/data_dir/staging-controls-20260927/gnmf-stage50x-2000000-16-16777216-5-0-2-random-73.log,,,
,,,,32469720,65,4,X,2,119.754,,,9648520,0.099,/workspace/data_dir/staging-controls-20260927/gnmf-stage50x-2000000-16-16777216-5-0-2-random-73.log,2000,2000,
,,,,256508088,501,0,W,2,13.132,,,0,0.000,/workspace/data_dir/staging-controls-20260927/gnmf-stage50x-2000000-16-16777216-5-0-2-random-73.log,0,2000,
1,501,,65,,,,,2,,,,,,/workspace/data_dir/staging-controls-20260927/gnmf-stage50x-2000000-16-16777216-5-0-2-random-73.log,,,502
,,59518813,,,,,,3,,252485518,500873908,,,/workspace/data_dir/staging-controls-20260927/gnmf-stage50x-2000000-16-16777216-5-0-2-random-73.log,,,
,,,,32469720,65,4,X,3,119.754,,,9648520,0.099,/workspace/data_dir/staging-controls-20260927/gnmf-stage50x-2000000-16-16777216-5-0-2-random-73.log,2000,2000,
,,,,256508176,502,0,W,3,12.990,,,0,0.000,/workspace/data_dir/staging-controls-20260927/gnmf-stage50x-2000000-16-16777216-5-0-2-random-73.log,0,2000,
0,502,,65,,,,,3,,,,,,/workspace/data_dir/staging-controls-20260927/gnmf-stage50x-2000000-16-16777216-5-0-2-random-73.log,,,502
,,59005720,,,,,,4,,251973372,500361777,,,/workspace/data_dir/staging-controls-20260927/gnmf-stage50x-2000000-16-16777216-5-0-2-random-73.log,,,
,,,,32469720,65,4,X,4,119.754,,,9648520,0.099,/workspace/data_dir/staging-controls-20260927/gnmf-stage50x-2000000-16-16777216-5-0-2-random-73.log,2000,2000,
,,,,256508088,501,0,W,4,13.016,,,0,0.000,/workspace/data_dir/staging-controls-20260927/gnmf-stage50x-2000000-16-16777216-5-0-2-random-73.log,0,2000,
1,501,,65,,,,,4,,,,,,/workspace/data_dir/staging-controls-20260927/gnmf-stage50x-2000000-16-16777216-5-0-2-random-73.log,,,502
,,57979534,,,,,,5,,251589270,501386049,,,/workspace/data_dir/staging-controls-20260927/gnmf-stage50x-2000000-16-16777216-5-0-2-random-73.log,,,
,,,,32469720,65,4,X,5,119.754,,,9648520,0.099,/workspace/data_dir/staging-controls-20260927/gnmf-stage50x-2000000-16-16777216-5-0-2-random-73.log,2000,2000,
,,,,256508088,501,0,W,5,13.132,,,0,0.000,/workspace/data_dir/staging-controls-20260927/gnmf-stage50x-2000000-16-16777216-5-0-2-random-73.log,0,2000,
1,501,,65,,,,,5,,,,,,/workspace/data_dir/staging-controls-20260927/gnmf-stage50x-2000000-16-16777216-5-0-2-random-73.log,,,502
,,,,32469632,64,4,X,0,121.828,,,9551224,0.087,/workspace/data_dir/staging-controls-20260927/gnmf-stage50x-2000000-16-16777216-5-0-2-window256-73.log,2000,2000,
,,,,256508176,502,0,W,0,158.490,,,0,0.000,/workspace/data_dir/staging-controls-20260927/gnmf-stage50x-2000000-16-16777216-5-0-2-window256-73.log,0,2000,
500,502,,64,,,,,0,,,,,,/workspace/data_dir/staging-controls-20260927/gnmf-stage50x-2000000-16-16777216-5-0-2-window256-73.log,,,1732
,,61058082,,,,,,1,,249924808,1368184714,,,/workspace/data_dir/staging-controls-20260927/gnmf-stage50x-2000000-16-16777216-5-0-2-window256-73.log,,,
,,,,32469632,64,4,X,1,121.828,,,9551224,0.087,/workspace/data_dir/staging-controls-20260927/gnmf-stage50x-2000000-16-16777216-5-0-2-window256-73.log,2000,2000,
,,,,256508088,501,0,W,1,12.844,,,0,0.000,/workspace/data_dir/staging-controls-20260927/gnmf-stage50x-2000000-16-16777216-5-0-2-window256-73.log,0,2000,
0,501,,64,,,,,1,,,,,,/workspace/data_dir/staging-controls-20260927/gnmf-stage50x-2000000-16-16777216-5-0-2-window256-73.log,,,501
,,57466431,,,,,,2,,251973372,499337485,,,/workspace/data_dir/staging-controls-20260927/gnmf-stage50x-2000000-16-16777216-5-0-2-window256-73.log,,,
,,,,32469632,64,4,X,2,121.828,,,9551224,0.087,/workspace/data_dir/staging-controls-20260927/gnmf-stage50x-2000000-16-16777216-5-0-2-window256-73.log,2000,2000,
,,,,256508000,500,0,W,2,12.934,,,0,0.000,/workspace/data_dir/staging-controls-20260927/gnmf-stage50x-2000000-16-16777216-5-0-2-window256-73.log,0,2000,
1,500,,64,,,,,2,,,,,,/workspace/data_dir/staging-controls-20260927/gnmf-stage50x-2000000-16-16777216-5-0-2-window256-73.log,,,501
,,58492617,,,,,,3,,252101411,500873898,,,/workspace/data_dir/staging-controls-20260927/gnmf-stage50x-2000000-16-16777216-5-0-2-window256-73.log,,,
,,,,32469632,64,4,X,3,121.828,,,9551224,0.087,/workspace/data_dir/staging-controls-20260927/gnmf-stage50x-2000000-16-16777216-5-0-2-window256-73.log,2000,2000,
,,,,256508088,501,0,W,3,12.844,,,0,0.000,/workspace/data_dir/staging-controls-20260927/gnmf-stage50x-2000000-16-16777216-5-0-2-window256-73.log,0,2000,
0,501,,64,,,,,3,,,,,,/workspace/data_dir/staging-controls-20260927/gnmf-stage50x-2000000-16-16777216-5-0-2-window256-73.log,,,501
,,57979524,,,,,,4,,250436954,500361767,,,/workspace/data_dir/staging-controls-20260927/gnmf-stage50x-2000000-16-16777216-5-0-2-window256-73.log,,,
,,,,32469632,64,4,X,4,121.828,,,9551224,0.087,/workspace/data_dir/staging-controls-20260927/gnmf-stage50x-2000000-16-16777216-5-0-2-window256-73.log,2000,2000,
,,,,256508088,501,0,W,4,12.844,,,0,0.000,/workspace/data_dir/staging-controls-20260927/gnmf-stage50x-2000000-16-16777216-5-0-2-window256-73.log,0,2000,
0,501,,64,,,,,4,,,,,,/workspace/data_dir/staging-controls-20260927/gnmf-stage50x-2000000-16-16777216-5-0-2-window256-73.log,,,501
,,61058082,,,,,,5,,251589270,499337485,,,/workspace/data_dir/staging-controls-20260927/gnmf-stage50x-2000000-16-16777216-5-0-2-window256-73.log,,,
,,,,32469632,64,4,X,5,121.828,,,9551224,0.087,/workspace/data_dir/staging-controls-20260927/gnmf-stage50x-2000000-16-16777216-5-0-2-window256-73.log,2000,2000,
,,,,256508088,501,0,W,5,12.844,,,0,0.000,/workspace/data_dir/staging-controls-20260927/gnmf-stage50x-2000000-16-16777216-5-0-2-window256-73.log,0,2000,
0,501,,64,,,,,5,,,,,,/workspace/data_dir/staging-controls-20260927/gnmf-stage50x-2000000-16-16777216-5-0-2-window256-73.log,,,501
,,,,32469632,64,4,X,0,121.422,,,8821504,0.091,/workspace/data_dir/staging-controls-20260927/gnmf-stage50x-2000000-64-16777216-5-0-2-random-73.log,2000,2000,
,,,,1024640000,2000,0,W,0,1.000,,,0,0.000,/workspace/data_dir/staging-controls-20260927/gnmf-stage50x-2000000-64-16777216-5-0-2-random-73.log,0,2000,
0,2000,,64,,,,,0,,,,,,/workspace/data_dir/staging-controls-20260927/gnmf-stage50x-2000000-64-16777216-5-0-2-random-73.log,,,2000
,,62084268,,,,,,1,,1021517805,2039963376,,,/workspace/data_dir/staging-controls-20260927/gnmf-stage50x-2000000-64-16777216-5-0-2-random-73.log,,,
,,,,32469632,64,4,X,1,121.422,,,8821504,0.091,/workspace/data_dir/staging-controls-20260927/gnmf-stage50x-2000000-64-16777216-5-0-2-random-73.log,2000,2000,
,,,,1024640000,2000,0,W,1,1.000,,,0,0.000,/workspace/data_dir/staging-controls-20260927/gnmf-stage50x-2000000-64-16777216-5-0-2-random-73.log,0,2000,
0,2000,,64,,,,,1,,,,,,/workspace/data_dir/staging-controls-20260927/gnmf-stage50x-2000000-64-16777216-5-0-2-random-73.log,,,2000
,,62084268,,,,,,2,,1019469649,2036379103,,,/workspace/data_dir/staging-controls-20260927/gnmf-stage50x-2000000-64-16777216-5-0-2-random-73.log,,,
,,,,32469632,64,4,X,2,121.422,,,8821504,0.091,/workspace/data_dir/staging-controls-20260927/gnmf-stage50x-2000000-64-16777216-5-0-2-random-73.log,2000,2000,
,,,,1024640000,2000,0,W,2,1.000,,,0,0.000,/workspace/data_dir/staging-controls-20260927/gnmf-stage50x-2000000-64-16777216-5-0-2-random-73.log,0,2000,
0,2000,,64,,,,,2,,,,,,/workspace/data_dir/staging-controls-20260927/gnmf-stage50x-2000000-64-16777216-5-0-2-random-73.log,,,2000
,,61058082,,,,,,3,,1018957610,2035355025,,,/workspace/data_dir/staging-controls-20260927/gnmf-stage50x-2000000-64-16777216-5-0-2-random-73.log,,,
,,,,32469632,64,4,X,3,121.422,,,8821504,0.091,/workspace/data_dir/staging-controls-20260927/gnmf-stage50x-2000000-64-16777216-5-0-2-random-73.log,2000,2000,
,,,,1024640000,2000,0,W,3,1.000,,,0,0.000,/workspace/data_dir/staging-controls-20260927/gnmf-stage50x-2000000-64-16777216-5-0-2-random-73.log,0,2000,
0,2000,,64,,,,,3,,,,,,/workspace/data_dir/staging-controls-20260927/gnmf-stage50x-2000000-64-16777216-5-0-2-random-73.log,,,2000
,,61571175,,,,,,4,,1019981688,2037403181,,,/workspace/data_dir/staging-controls-20260927/gnmf-stage50x-2000000-64-16777216-5-0-2-random-73.log,,,
,,,,32469632,64,4,X,4,121.422,,,8821504,0.091,/workspace/data_dir/staging-controls-20260927/gnmf-stage50x-2000000-64-16777216-5-0-2-random-73.log,2000,2000,
,,,,1024640000,2000,0,W,4,1.000,,,0,0.000,/workspace/data_dir/staging-controls-20260927/gnmf-stage50x-2000000-64-16777216-5-0-2-random-73.log,0,2000,
0,2000,,64,,,,,4,,,,,,/workspace/data_dir/staging-controls-20260927/gnmf-stage50x-2000000-64-16777216-5-0-2-random-73.log,,,2000
,,61571175,,,,,,5,,1016909454,2038427259,,,/workspace/data_dir/staging-controls-20260927/gnmf-stage50x-2000000-64-16777216-5-0-2-random-73.log,,,
,,,,32469632,64,4,X,5,121.422,,,8821504,0.091,/workspace/data_dir/staging-controls-20260927/gnmf-stage50x-2000000-64-16777216-5-0-2-random-73.log,2000,2000,
,,,,1024640000,2000,0,W,5,1.000,,,0,0.000,/workspace/data_dir/staging-controls-20260927/gnmf-stage50x-2000000-64-16777216-5-0-2-random-73.log,0,2000,
0,2000,,64,,,,,5,,,,,,/workspace/data_dir/staging-controls-20260927/gnmf-stage50x-2000000-64-16777216-5-0-2-random-73.log,,,2000
,,,,16234816,32,4,X,0,941.313,,,4135080,0.013,/workspace/data_dir/staging-controls-20260927/gnmf-stagefifo50-1000000-16-4194304-5-0-2-random-73.log,1000,1000,
,,,,128254088,251,17,W,0,601.402,,,13078032,0.043,/workspace/data_dir/staging-controls-20260927/gnmf-stagefifo50-1000000-16-4194304-5-0-2-random-73.log,1000,1000,
250,251,,32,,,,,0,,,,,,/workspace/data_dir/staging-controls-20260927/gnmf-stagefifo50-1000000-16-4194304-5-0-2-random-73.log,,,951
,,31042134,,,,,,1,,127267041,721862752,,,/workspace/data_dir/staging-controls-20260927/gnmf-stagefifo50-1000000-16-4194304-5-0-2-random-73.log,,,
,,,,16234816,32,4,X,1,941.313,,,4135080,0.013,/workspace/data_dir/staging-controls-20260927/gnmf-stagefifo50-1000000-16-4194304-5-0-2-random-73.log,1000,1000,
,,,,128254088,251,18,W,1,590.510,,,13078032,0.043,/workspace/data_dir/staging-controls-20260927/gnmf-stagefifo50-1000000-16-4194304-5-0-2-random-73.log,1000,1000,
1,251,,32,,,,,1,,,,,,/workspace/data_dir/staging-controls-20260927/gnmf-stagefifo50-1000000-16-4194304-5-0-2-random-73.log,,,252
,,30529041,,,,,,2,,127267041,253509805,,,/workspace/data_dir/staging-controls-20260927/gnmf-stagefifo50-1000000-16-4194304-5-0-2-random-73.log,,,
,,,,16234816,32,4,X,2,941.313,,,4135080,0.013,/workspace/data_dir/staging-controls-20260927/gnmf-stagefifo50-1000000-16-4194304-5-0-2-random-73.log,1000,1000,
,,,,128254088,251,17,W,2,592.486,,,13078032,0.041,/workspace/data_dir/staging-controls-20260927/gnmf-stagefifo50-1000000-16-4194304-5-0-2-random-73.log,1000,1000,
0,251,,32,,,,,2,,,,,,/workspace/data_dir/staging-controls-20260927/gnmf-stagefifo50-1000000-16-4194304-5-0-2-random-73.log,,,251
,,30529041,,,,,,3,,127139007,253509805,,,/workspace/data_dir/staging-controls-20260927/gnmf-stagefifo50-1000000-16-4194304-5-0-2-random-73.log,,,
,,,,16234816,32,4,X,3,941.313,,,4135080,0.013,/workspace/data_dir/staging-controls-20260927/gnmf-stagefifo50-1000000-16-4194304-5-0-2-random-73.log,1000,1000,
,,,,128254088,251,16,W,3,592.486,,,13078032,0.045,/workspace/data_dir/staging-controls-20260927/gnmf-stagefifo50-1000000-16-4194304-5-0-2-random-73.log,1000,1000,
0,251,,32,,,,,3,,,,,,/workspace/data_dir/staging-controls-20260927/gnmf-stagefifo50-1000000-16-4194304-5-0-2-random-73.log,,,251
,,30015948,,,,,,4,,127523114,254534087,,,/workspace/data_dir/staging-controls-20260927/gnmf-stagefifo50-1000000-16-4194304-5-0-2-random-73.log,,,
,,,,16234816,32,4,X,4,941.313,,,4135080,0.013,/workspace/data_dir/staging-controls-20260927/gnmf-stagefifo50-1000000-16-4194304-5-0-2-random-73.log,1000,1000,
,,,,128254088,251,17,W,4,590.510,,,13078032,0.036,/workspace/data_dir/staging-controls-20260927/gnmf-stagefifo50-1000000-16-4194304-5-0-2-random-73.log,1000,1000,
1,251,,32,,,,,4,,,,,,/workspace/data_dir/staging-controls-20260927/gnmf-stagefifo50-1000000-16-4194304-5-0-2-random-73.log,,,252
,,30529041,,,,,,5,,126754900,254021946,,,/workspace/data_dir/staging-controls-20260927/gnmf-stagefifo50-1000000-16-4194304-5-0-2-random-73.log,,,
,,,,16234816,32,4,X,5,941.313,,,4135080,0.013,/workspace/data_dir/staging-controls-20260927/gnmf-stagefifo50-1000000-16-4194304-5-0-2-random-73.log,1000,1000,
,,,,128254088,251,17,W,5,593.845,,,13078032,0.040,/workspace/data_dir/staging-controls-20260927/gnmf-stagefifo50-1000000-16-4194304-5-0-2-random-73.log,1000,1000,
1,251,,32,,,,,5,,,,,,/workspace/data_dir/staging-controls-20260927/gnmf-stagefifo50-1000000-16-4194304-5-0-2-random-73.log,,,252
,,,,16316744,963,0,X,0,1.353,,,0,0.000,/workspace/data_dir/staging-controls-20260927/gnmf-window-1000000-16-4194304-5-0-2-random-73.log,0,1000,
,,,,128317800,975,0,W,0,1.282,,,0,0.000,/workspace/data_dir/staging-controls-20260927/gnmf-window-1000000-16-4194304-5-0-2-random-73.log,0,1000,
25,975,,963,,,,,0,,,,,,/workspace/data_dir/staging-controls-20260927/gnmf-window-1000000-16-4194304-5-0-2-random-73.log,,,1000
,,31387953,,,,,,1,,127910656,267088854,,,/workspace/data_dir/staging-controls-20260927/gnmf-window-1000000-16-4194304-5-0-2-random-73.log,,,
,,,,16316744,963,0,X,1,1.353,,,0,0.000,/workspace/data_dir/staging-controls-20260927/gnmf-window-1000000-16-4194304-5-0-2-random-73.log,0,1000,
,,,,128314632,939,0,W,1,1.586,,,0,0.000,/workspace/data_dir/staging-controls-20260927/gnmf-window-1000000-16-4194304-5-0-2-random-73.log,0,1000,
23,939,,963,,,,,1,,,,,,/workspace/data_dir/staging-controls-20260927/gnmf-window-1000000-16-4194304-5-0-2-random-73.log,,,963
,,30874705,,,,,,2,,127782607,261198800,,,/workspace/data_dir/staging-controls-20260927/gnmf-window-1000000-16-4194304-5-0-2-random-73.log,,,
,,,,16316744,963,0,X,2,1.353,,,0,0.000,/workspace/data_dir/staging-controls-20260927/gnmf-window-1000000-16-4194304-5-0-2-random-73.log,0,1000,
,,,,128314456,937,0,W,2,1.708,,,0,0.000,/workspace/data_dir/staging-controls-20260927/gnmf-window-1000000-16-4194304-5-0-2-random-73.log,0,1000,
26,937,,963,,,,,2,,,,,,/workspace/data_dir/staging-controls-20260927/gnmf-window-1000000-16-4194304-5-0-2-random-73.log,,,963
,,31003017,,,,,,3,,127782657,256845549,,,/workspace/data_dir/staging-controls-20260927/gnmf-window-1000000-16-4194304-5-0-2-random-73.log,,,
,,,,16316744,963,0,X,3,1.353,,,0,0.000,/workspace/data_dir/staging-controls-20260927/gnmf-window-1000000-16-4194304-5-0-2-random-73.log,0,1000,
,,,,128315336,947,0,W,3,1.526,,,0,0.000,/workspace/data_dir/staging-controls-20260927/gnmf-window-1000000-16-4194304-5-0-2-random-73.log,0,1000,
16,947,,963,,,,,3,,,,,,/workspace/data_dir/staging-controls-20260927/gnmf-window-1000000-16-4194304-5-0-2-random-73.log,,,963
,,30906783,,,,,,4,,127782612,257869941,,,/workspace/data_dir/staging-controls-20260927/gnmf-window-1000000-16-4194304-5-0-2-random-73.log,,,
,,,,16316744,963,0,X,4,1.353,,,0,0.000,/workspace/data_dir/staging-controls-20260927/gnmf-window-1000000-16-4194304-5-0-2-random-73.log,0,1000,
,,,,128314544,938,0,W,4,1.696,,,0,0.000,/workspace/data_dir/staging-controls-20260927/gnmf-window-1000000-16-4194304-5-0-2-random-73.log,0,1000,
25,938,,963,,,,,4,,,,,,/workspace/data_dir/staging-controls-20260927/gnmf-window-1000000-16-4194304-5-0-2-random-73.log,,,963
,,30970939,,,,,,5,,127782612,258894143,,,/workspace/data_dir/staging-controls-20260927/gnmf-window-1000000-16-4194304-5-0-2-random-73.log,,,
,,,,16316744,963,0,X,5,1.353,,,0,0.000,/workspace/data_dir/staging-controls-20260927/gnmf-window-1000000-16-4194304-5-0-2-random-73.log,0,1000,
,,,,128314544,938,0,W,5,1.618,,,0,0.000,/workspace/data_dir/staging-controls-20260927/gnmf-window-1000000-16-4194304-5-0-2-random-73.log,0,1000,
25,938,,963,,,,,5,,,,,,/workspace/data_dir/staging-controls-20260927/gnmf-window-1000000-16-4194304-5-0-2-random-73.log,,,963
,,,,65878176,252,0,X,0,7499.357,,,0,0.000,/workspace/data_dir/staging-controls-20260927/lmcg-arrival-8000000-1-268435456-5-0-1-random-73.log,0,8000,
,,64273260,,,,,,1,,0,0,,,/workspace/data_dir/staging-controls-20260927/lmcg-arrival-8000000-1-268435456-5-0-1-random-73.log,,,
,,,,65878176,252,0,X,1,7499.357,,,0,0.000,/workspace/data_dir/staging-controls-20260927/lmcg-arrival-8000000-1-268435456-5-0-1-random-73.log,0,8000,
,,0,,,,,,2,,0,0,,,/workspace/data_dir/staging-controls-20260927/lmcg-arrival-8000000-1-268435456-5-0-1-random-73.log,,,
,,,,65878176,252,0,X,2,7499.357,,,0,0.000,/workspace/data_dir/staging-controls-20260927/lmcg-arrival-8000000-1-268435456-5-0-1-random-73.log,0,8000,
,,0,,,,,,3,,0,0,,,/workspace/data_dir/staging-controls-20260927/lmcg-arrival-8000000-1-268435456-5-0-1-random-73.log,,,
,,,,65878176,252,0,X,3,7499.357,,,0,0.000,/workspace/data_dir/staging-controls-20260927/lmcg-arrival-8000000-1-268435456-5-0-1-random-73.log,0,8000,
,,0,,,,,,4,,0,0,,,/workspace/data_dir/staging-controls-20260927/lmcg-arrival-8000000-1-268435456-5-0-1-random-73.log,,,
,,,,65878176,252,0,X,4,7499.357,,,0,0.000,/workspace/data_dir/staging-controls-20260927/lmcg-arrival-8000000-1-268435456-5-0-1-random-73.log,0,8000,
,,0,,,,,,5,,0,0,,,/workspace/data_dir/staging-controls-20260927/lmcg-arrival-8000000-1-268435456-5-0-1-random-73.log,,,
,,,,65878176,252,0,X,5,7499.357,,,0,0.000,/workspace/data_dir/staging-controls-20260927/lmcg-arrival-8000000-1-268435456-5-0-1-random-73.log,0,8000,
,,,,65878176,252,8,X,0,178.810,,,13104520,5.766,/workspace/data_dir/staging-controls-20260927/lmcg-stage50-8000000-1-268435456-5-0-1-random-73.log,8000,8000,
,,64273260,,,,,,1,,0,0,,,/workspace/data_dir/staging-controls-20260927/lmcg-stage50-8000000-1-268435456-5-0-1-random-73.log,,,
,,,,65878176,252,8,X,1,178.810,,,13104520,5.766,/workspace/data_dir/staging-controls-20260927/lmcg-stage50-8000000-1-268435456-5-0-1-random-73.log,8000,8000,
,,0,,,,,,2,,0,0,,,/workspace/data_dir/staging-controls-20260927/lmcg-stage50-8000000-1-268435456-5-0-1-random-73.log,,,
,,,,65878176,252,8,X,2,178.810,,,13104520,5.766,/workspace/data_dir/staging-controls-20260927/lmcg-stage50-8000000-1-268435456-5-0-1-random-73.log,8000,8000,
,,0,,,,,,3,,0,0,,,/workspace/data_dir/staging-controls-20260927/lmcg-stage50-8000000-1-268435456-5-0-1-random-73.log,,,
,,,,65878176,252,8,X,3,178.810,,,13104520,5.766,/workspace/data_dir/staging-controls-20260927/lmcg-stage50-8000000-1-268435456-5-0-1-random-73.log,8000,8000,
,,0,,,,,,4,,0,0,,,/workspace/data_dir/staging-controls-20260927/lmcg-stage50-8000000-1-268435456-5-0-1-random-73.log,,,
,,,,65878176,252,8,X,4,178.810,,,13104520,5.766,/workspace/data_dir/staging-controls-20260927/lmcg-stage50-8000000-1-268435456-5-0-1-random-73.log,8000,8000,
,,0,,,,,,5,,0,0,,,/workspace/data_dir/staging-controls-20260927/lmcg-stage50-8000000-1-268435456-5-0-1-random-73.log,,,
,,,,65878176,252,8,X,5,178.810,,,13104520,5.766,/workspace/data_dir/staging-controls-20260927/lmcg-stage50-8000000-1-268435456-5-0-1-random-73.log,8000,8000,
,,,,65878088,251,8,X,0,7510.813,,,13104520,0.175,/workspace/data_dir/staging-controls-20260927/lmcg-stagefifo50-8000000-1-268435456-5-0-1-random-73.log,8000,8000,
,,64273255,,,,,,1,,0,0,,,/workspace/data_dir/staging-controls-20260927/lmcg-stagefifo50-8000000-1-268435456-5-0-1-random-73.log,,,
,,,,65878088,251,8,X,1,7510.813,,,13104520,0.175,/workspace/data_dir/staging-controls-20260927/lmcg-stagefifo50-8000000-1-268435456-5-0-1-random-73.log,8000,8000,
,,0,,,,,,2,,0,0,,,/workspace/data_dir/staging-controls-20260927/lmcg-stagefifo50-8000000-1-268435456-5-0-1-random-73.log,,,
,,,,65878088,251,8,X,2,7510.813,,,13104520,0.175,/workspace/data_dir/staging-controls-20260927/lmcg-stagefifo50-8000000-1-268435456-5-0-1-random-73.log,8000,8000,
,,0,,,,,,3,,0,0,,,/workspace/data_dir/staging-controls-20260927/lmcg-stagefifo50-8000000-1-268435456-5-0-1-random-73.log,,,
,,,,65878088,251,8,X,3,7510.813,,,13104520,0.175,/workspace/data_dir/staging-controls-20260927/lmcg-stagefifo50-8000000-1-268435456-5-0-1-random-73.log,8000,8000,
,,0,,,,,,4,,0,0,,,/workspace/data_dir/staging-controls-20260927/lmcg-stagefifo50-8000000-1-268435456-5-0-1-random-73.log,,,
,,,,65878088,251,8,X,4,7510.813,,,13104520,0.175,/workspace/data_dir/staging-controls-20260927/lmcg-stagefifo50-8000000-1-268435456-5-0-1-random-73.log,8000,8000,
,,0,,,,,,5,,0,0,,,/workspace/data_dir/staging-controls-20260927/lmcg-stagefifo50-8000000-1-268435456-5-0-1-random-73.log,,,
,,,,65878088,251,8,X,5,7510.813,,,13104520,0.175,/workspace/data_dir/staging-controls-20260927/lmcg-stagefifo50-8000000-1-268435456-5-0-1-random-73.log,8000,8000,
,,,,66557360,7970,0,X,0,1.042,,,0,0.000,/workspace/data_dir/staging-controls-20260927/lmcg-window-8000000-1-268435456-5-0-1-random-73.log,0,8000,
,,64311850,,,,,,1,,0,0,,,/workspace/data_dir/staging-controls-20260927/lmcg-window-8000000-1-268435456-5-0-1-random-73.log,,,
,,,,66557360,7970,0,X,1,1.042,,,0,0.000,/workspace/data_dir/staging-controls-20260927/lmcg-window-8000000-1-268435456-5-0-1-random-73.log,0,8000,
,,0,,,,,,2,,0,0,,,/workspace/data_dir/staging-controls-20260927/lmcg-window-8000000-1-268435456-5-0-1-random-73.log,,,
,,,,66557360,7970,0,X,2,1.042,,,0,0.000,/workspace/data_dir/staging-controls-20260927/lmcg-window-8000000-1-268435456-5-0-1-random-73.log,0,8000,
,,0,,,,,,3,,0,0,,,/workspace/data_dir/staging-controls-20260927/lmcg-window-8000000-1-268435456-5-0-1-random-73.log,,,
,,,,66557360,7970,0,X,3,1.042,,,0,0.000,/workspace/data_dir/staging-controls-20260927/lmcg-window-8000000-1-268435456-5-0-1-random-73.log,0,8000,
,,0,,,,,,4,,0,0,,,/workspace/data_dir/staging-controls-20260927/lmcg-window-8000000-1-268435456-5-0-1-random-73.log,,,
,,,,66557360,7970,0,X,4,1.042,,,0,0.000,/workspace/data_dir/staging-controls-20260927/lmcg-window-8000000-1-268435456-5-0-1-random-73.log,0,8000,
,,0,,,,,,5,,0,0,,,/workspace/data_dir/staging-controls-20260927/lmcg-window-8000000-1-268435456-5-0-1-random-73.log,,,
,,,,66557360,7970,0,X,5,1.042,,,0,0.000,/workspace/data_dir/staging-controls-20260927/lmcg-window-8000000-1-268435456-5-0-1-random-73.log,0,8000,
,,,,1024320000,1000,0,X,0,1.000,,,0,0.000,/workspace/data_dir/staging-partner-20260927/gnmf-arrival-1000000-16-16777216-5-0-128-random-73.log,0,1000,
,,,,128254088,251,0,W,0,603.849,,,0,0.000,/workspace/data_dir/staging-partner-20260927/gnmf-arrival-1000000-16-16777216-5-0-128-random-73.log,0,1000,
251,251,,1000,,,,,0,,,,,,/workspace/data_dir/staging-partner-20260927/gnmf-arrival-1000000-16-16777216-5-0-128-random-73.log,,,1000
,,2040909727,,,,,,1,,127395080,982286458,,,/workspace/data_dir/staging-partner-20260927/gnmf-arrival-1000000-16-16777216-5-0-128-random-73.log,,,
,,,,1024320000,1000,0,X,1,1.000,,,0,0.000,/workspace/data_dir/staging-partner-20260927/gnmf-arrival-1000000-16-16777216-5-0-128-random-73.log,0,1000,
,,,,128254176,252,0,W,1,585.317,,,0,0.000,/workspace/data_dir/staging-partner-20260927/gnmf-arrival-1000000-16-16777216-5-0-128-random-73.log,0,1000,
250,252,,1000,,,,,1,,,,,,/workspace/data_dir/staging-partner-20260927/gnmf-arrival-1000000-16-16777216-5-0-128-random-73.log,,,1000
,,2033741454,,,,,,2,,126242759,546710540,,,/workspace/data_dir/staging-partner-20260927/gnmf-arrival-1000000-16-16777216-5-0-128-random-73.log,,,
,,,,1024320000,1000,0,X,2,1.000,,,0,0.000,/workspace/data_dir/staging-partner-20260927/gnmf-arrival-1000000-16-16777216-5-0-128-random-73.log,0,1000,
,,,,128254176,252,0,W,2,593.794,,,0,0.000,/workspace/data_dir/staging-partner-20260927/gnmf-arrival-1000000-16-16777216-5-0-128-random-73.log,0,1000,
250,252,,1000,,,,,2,,,,,,/workspace/data_dir/staging-partner-20260927/gnmf-arrival-1000000-16-16777216-5-0-128-random-73.log,,,1000
,,2031693376,,,,,,3,,125986696,533907015,,,/workspace/data_dir/staging-partner-20260927/gnmf-arrival-1000000-16-16777216-5-0-128-random-73.log,,,
,,,,1024320000,1000,0,X,3,1.000,,,0,0.000,/workspace/data_dir/staging-partner-20260927/gnmf-arrival-1000000-16-16777216-5-0-128-random-73.log,0,1000,
,,,,128254176,252,0,W,3,591.389,,,0,0.000,/workspace/data_dir/staging-partner-20260927/gnmf-arrival-1000000-16-16777216-5-0-128-random-73.log,0,1000,
251,252,,1000,,,,,3,,,,,,/workspace/data_dir/staging-partner-20260927/gnmf-arrival-1000000-16-16777216-5-0-128-random-73.log,,,1000
,,2032717415,,,,,,4,,124962404,509708354,,,/workspace/data_dir/staging-partner-20260927/gnmf-arrival-1000000-16-16777216-5-0-128-random-73.log,,,
,,,,1024320000,1000,0,X,4,1.000,,,0,0.000,/workspace/data_dir/staging-partner-20260927/gnmf-arrival-1000000-16-16777216-5-0-128-random-73.log,0,1000,
,,,,128254088,251,0,W,4,595.215,,,0,0.000,/workspace/data_dir/staging-partner-20260927/gnmf-arrival-1000000-16-16777216-5-0-128-random-73.log,0,1000,
251,251,,1000,,,,,4,,,,,,/workspace/data_dir/staging-partner-20260927/gnmf-arrival-1000000-16-16777216-5-0-128-random-73.log,,,1000
,,2033741454,,,,,,5,,125986696,533138796,,,/workspace/data_dir/staging-partner-20260927/gnmf-arrival-1000000-16-16777216-5-0-128-random-73.log,,,
,,,,1024320000,1000,0,X,5,1.000,,,0,0.000,/workspace/data_dir/staging-partner-20260927/gnmf-arrival-1000000-16-16777216-5-0-128-random-73.log,0,1000,
,,,,128254176,252,0,W,5,603.687,,,0,0.000,/workspace/data_dir/staging-partner-20260927/gnmf-arrival-1000000-16-16777216-5-0-128-random-73.log,0,1000,
250,252,,1000,,,,,5,,,,,,/workspace/data_dir/staging-partner-20260927/gnmf-arrival-1000000-16-16777216-5-0-128-random-73.log,,,1000
,,,,129878264,253,0,X,0,137.383,,,0,0.000,/workspace/data_dir/staging-partner-20260927/gnmf-arrival-8000000-16-16777216-5-0-2-chunk-73.log,0,8000,
,,,,1026032176,2002,0,W,0,18.328,,,0,0.000,/workspace/data_dir/staging-partner-20260927/gnmf-arrival-8000000-16-16777216-5-0-2-chunk-73.log,0,8000,
444,2002,,253,,,,,0,,,,,,/workspace/data_dir/staging-partner-20260927/gnmf-arrival-8000000-16-16777216-5-0-2-chunk-73.log,,,2463
,,253981065,,,,,,1,,1021209159,2172246074,,,/workspace/data_dir/staging-partner-20260927/gnmf-arrival-8000000-16-16777216-5-0-2-chunk-73.log,,,
,,,,129878264,253,0,X,1,137.383,,,0,0.000,/workspace/data_dir/staging-partner-20260927/gnmf-arrival-8000000-16-16777216-5-0-2-chunk-73.log,0,8000,
,,,,1026032088,2001,0,W,1,17.647,,,0,0.000,/workspace/data_dir/staging-partner-20260927/gnmf-arrival-8000000-16-16777216-5-0-2-chunk-73.log,0,8000,
1,2001,,253,,,,,1,,,,,,/workspace/data_dir/staging-partner-20260927/gnmf-arrival-8000000-16-16777216-5-0-2-chunk-73.log,,,2002
,,251928693,,,,,,2,,1022233446,2038833331,,,/workspace/data_dir/staging-partner-20260927/gnmf-arrival-8000000-16-16777216-5-0-2-chunk-73.log,,,
,,,,129878264,253,0,X,2,137.383,,,0,0.000,/workspace/data_dir/staging-partner-20260927/gnmf-arrival-8000000-16-16777216-5-0-2-chunk-73.log,0,8000,
,,,,1026032176,2002,0,W,2,17.616,,,0,0.000,/workspace/data_dir/staging-partner-20260927/gnmf-arrival-8000000-16-16777216-5-0-2-chunk-73.log,0,8000,
0,2002,,253,,,,,2,,,,,,/workspace/data_dir/staging-partner-20260927/gnmf-arrival-8000000-16-16777216-5-0-2-chunk-73.log,,,2002
,,251415600,,,,,,3,,1019160590,2039345482,,,/workspace/data_dir/staging-partner-20260927/gnmf-arrival-8000000-16-16777216-5-0-2-chunk-73.log,,,
,,,,129878264,253,0,X,3,137.383,,,0,0.000,/workspace/data_dir/staging-partner-20260927/gnmf-arrival-8000000-16-16777216-5-0-2-chunk-73.log,0,8000,
,,,,1026032176,2002,0,W,3,17.616,,,0,0.000,/workspace/data_dir/staging-partner-20260927/gnmf-arrival-8000000-16-16777216-5-0-2-chunk-73.log,0,8000,
0,2002,,253,,,,,3,,,,,,/workspace/data_dir/staging-partner-20260927/gnmf-arrival-8000000-16-16777216-5-0-2-chunk-73.log,,,2002
,,253467972,,,,,,4,,1020568979,2038833341,,,/workspace/data_dir/staging-partner-20260927/gnmf-arrival-8000000-16-16777216-5-0-2-chunk-73.log,,,
,,,,129878264,253,0,X,4,137.383,,,0,0.000,/workspace/data_dir/staging-partner-20260927/gnmf-arrival-8000000-16-16777216-5-0-2-chunk-73.log,0,8000,
,,,,1026032088,2001,0,W,4,17.633,,,0,0.000,/workspace/data_dir/staging-partner-20260927/gnmf-arrival-8000000-16-16777216-5-0-2-chunk-73.log,0,8000,
1,2001,,253,,,,,4,,,,,,/workspace/data_dir/staging-partner-20260927/gnmf-arrival-8000000-16-16777216-5-0-2-chunk-73.log,,,2002
,,250902507,,,,,,5,,1021721305,2040369759,,,/workspace/data_dir/staging-partner-20260927/gnmf-arrival-8000000-16-16777216-5-0-2-chunk-73.log,,,
,,,,129878264,253,0,X,5,137.383,,,0,0.000,/workspace/data_dir/staging-partner-20260927/gnmf-arrival-8000000-16-16777216-5-0-2-chunk-73.log,0,8000,
,,,,1026032176,2002,0,W,5,17.655,,,0,0.000,/workspace/data_dir/staging-partner-20260927/gnmf-arrival-8000000-16-16777216-5-0-2-chunk-73.log,0,8000,
1,2002,,253,,,,,5,,,,,,/workspace/data_dir/staging-partner-20260927/gnmf-arrival-8000000-16-16777216-5-0-2-chunk-73.log,,,2003
,,,,129878176,252,0,X,0,7468.667,,,0,0.000,/workspace/data_dir/staging-partner-20260927/gnmf-arrival-8000000-16-16777216-5-0-2-random-73.log,0,8000,
,,,,1026032176,2002,0,W,0,4770.056,,,0,0.000,/workspace/data_dir/staging-partner-20260927/gnmf-arrival-8000000-16-16777216-5-0-2-random-73.log,0,8000,
2000,2002,,252,,,,,0,,,,,,/workspace/data_dir/staging-partner-20260927/gnmf-arrival-8000000-16-16777216-5-0-2-random-73.log,,,7957
,,253981055,,,,,,1,,1021209154,7808613852,,,/workspace/data_dir/staging-partner-20260927/gnmf-arrival-8000000-16-16777216-5-0-2-random-73.log,,,
,,,,129878176,252,0,X,1,7468.667,,,0,0.000,/workspace/data_dir/staging-partner-20260927/gnmf-arrival-8000000-16-16777216-5-0-2-random-73.log,0,8000,
,,,,1026032088,2001,0,W,1,4811.511,,,0,0.000,/workspace/data_dir/staging-partner-20260927/gnmf-arrival-8000000-16-16777216-5-0-2-random-73.log,0,8000,
0,2001,,252,,,,,1,,,,,,/workspace/data_dir/staging-partner-20260927/gnmf-arrival-8000000-16-16777216-5-0-2-random-73.log,,,2001
,,250902497,,,,,,2,,1020697018,2039345472,,,/workspace/data_dir/staging-partner-20260927/gnmf-arrival-8000000-16-16777216-5-0-2-random-73.log,,,
,,,,129878176,252,0,X,2,7468.667,,,0,0.000,/workspace/data_dir/staging-partner-20260927/gnmf-arrival-8000000-16-16777216-5-0-2-random-73.log,0,8000,
,,,,1026032088,2001,0,W,2,4811.511,,,0,0.000,/workspace/data_dir/staging-partner-20260927/gnmf-arrival-8000000-16-16777216-5-0-2-random-73.log,0,8000,
0,2001,,252,,,,,2,,,,,,/workspace/data_dir/staging-partner-20260927/gnmf-arrival-8000000-16-16777216-5-0-2-random-73.log,,,2001
,,251415590,,,,,,3,,1020697018,2037809049,,,/workspace/data_dir/staging-partner-20260927/gnmf-arrival-8000000-16-16777216-5-0-2-random-73.log,,,
,,,,129878176,252,0,X,3,7468.667,,,0,0.000,/workspace/data_dir/staging-partner-20260927/gnmf-arrival-8000000-16-16777216-5-0-2-random-73.log,0,8000,
,,,,1026032088,2001,0,W,3,4811.511,,,0,0.000,/workspace/data_dir/staging-partner-20260927/gnmf-arrival-8000000-16-16777216-5-0-2-random-73.log,0,8000,
0,2001,,252,,,,,3,,,,,,/workspace/data_dir/staging-partner-20260927/gnmf-arrival-8000000-16-16777216-5-0-2-random-73.log,,,2001
,,250902497,,,,,,4,,1020697013,2036784767,,,/workspace/data_dir/staging-partner-20260927/gnmf-arrival-8000000-16-16777216-5-0-2-random-73.log,,,
,,,,129878176,252,0,X,4,7468.667,,,0,0.000,/workspace/data_dir/staging-partner-20260927/gnmf-arrival-8000000-16-16777216-5-0-2-random-73.log,0,8000,
,,,,1026032088,2001,0,W,4,4811.511,,,0,0.000,/workspace/data_dir/staging-partner-20260927/gnmf-arrival-8000000-16-16777216-5-0-2-random-73.log,0,8000,
0,2001,,252,,,,,4,,,,,,/workspace/data_dir/staging-partner-20260927/gnmf-arrival-8000000-16-16777216-5-0-2-random-73.log,,,2001
,,251928683,,,,,,5,,1020825052,2038833331,,,/workspace/data_dir/staging-partner-20260927/gnmf-arrival-8000000-16-16777216-5-0-2-random-73.log,,,
,,,,129878176,252,0,X,5,7468.667,,,0,0.000,/workspace/data_dir/staging-partner-20260927/gnmf-arrival-8000000-16-16777216-5-0-2-random-73.log,0,8000,
,,,,1026032088,2001,0,W,5,4811.511,,,0,0.000,/workspace/data_dir/staging-partner-20260927/gnmf-arrival-8000000-16-16777216-5-0-2-random-73.log,0,8000,
0,2001,,252,,,,,5,,,,,,/workspace/data_dir/staging-partner-20260927/gnmf-arrival-8000000-16-16777216-5-0-2-random-73.log,,,2001
,,,,1024320000,1000,0,X,0,1.000,,,0,0.000,/workspace/data_dir/staging-partner-20260927/gnmf-partner-1000000-16-16777216-5-0-128-random-73.log,0,1000,
,,,,128254088,251,0,W,0,602.614,,,0,0.000,/workspace/data_dir/staging-partner-20260927/gnmf-partner-1000000-16-16777216-5-0-128-random-73.log,0,1000,
251,251,,1000,,,,,0,,,,,,/workspace/data_dir/staging-partner-20260927/gnmf-partner-1000000-16-16777216-5-0-128-random-73.log,,,1000
,,2039885688,,,,,,1,,126882934,254021946,,,/workspace/data_dir/staging-partner-20260927/gnmf-partner-1000000-16-16777216-5-0-128-random-73.log,,,
,,,,1024320000,1000,0,X,1,1.000,,,0,0.000,/workspace/data_dir/staging-partner-20260927/gnmf-partner-1000000-16-16777216-5-0-128-random-73.log,0,1000,
,,,,128254088,251,0,W,1,603.004,,,0,0.000,/workspace/data_dir/staging-partner-20260927/gnmf-partner-1000000-16-16777216-5-0-128-random-73.log,0,1000,
250,251,,1000,,,,,1,,,,,,/workspace/data_dir/staging-partner-20260927/gnmf-partner-1000000-16-16777216-5-0-128-random-73.log,,,1000
,,2031693376,,,,,,2,,126498827,254534087,,,/workspace/data_dir/staging-partner-20260927/gnmf-partner-1000000-16-16777216-5-0-128-random-73.log,,,
,,,,1024320000,1000,0,X,2,1.000,,,0,0.000,/workspace/data_dir/staging-partner-20260927/gnmf-partner-1000000-16-16777216-5-0-128-random-73.log,0,1000,
,,,,128254088,251,0,W,2,601.697,,,0,0.000,/workspace/data_dir/staging-partner-20260927/gnmf-partner-1000000-16-16777216-5-0-128-random-73.log,0,1000,
250,251,,1000,,,,,2,,,,,,/workspace/data_dir/staging-partner-20260927/gnmf-partner-1000000-16-16777216-5-0-128-random-73.log,,,1000
,,2030669337,,,,,,3,,127523114,254534087,,,/workspace/data_dir/staging-partner-20260927/gnmf-partner-1000000-16-16777216-5-0-128-random-73.log,,,
,,,,1024320000,1000,0,X,3,1.000,,,0,0.000,/workspace/data_dir/staging-partner-20260927/gnmf-partner-1000000-16-16777216-5-0-128-random-73.log,0,1000,
,,,,128254088,251,0,W,3,600.725,,,0,0.000,/workspace/data_dir/staging-partner-20260927/gnmf-partner-1000000-16-16777216-5-0-128-random-73.log,0,1000,
250,251,,1000,,,,,3,,,,,,/workspace/data_dir/staging-partner-20260927/gnmf-partner-1000000-16-16777216-5-0-128-random-73.log,,,1000
,,2032717415,,,,,,4,,125986686,253509805,,,/workspace/data_dir/staging-partner-20260927/gnmf-partner-1000000-16-16777216-5-0-128-random-73.log,,,
,,,,1024320000,1000,0,X,4,1.000,,,0,0.000,/workspace/data_dir/staging-partner-20260927/gnmf-partner-1000000-16-16777216-5-0-128-random-73.log,0,1000,
,,,,128254000,250,0,W,4,603.124,,,0,0.000,/workspace/data_dir/staging-partner-20260927/gnmf-partner-1000000-16-16777216-5-0-128-random-73.log,0,1000,
250,250,,1000,,,,,4,,,,,,/workspace/data_dir/staging-partner-20260927/gnmf-partner-1000000-16-16777216-5-0-128-random-73.log,,,1000
,,2033741454,,,,,,5,,127523109,253509795,,,/workspace/data_dir/staging-partner-20260927/gnmf-partner-1000000-16-16777216-5-0-128-random-73.log,,,
,,,,1024320000,1000,0,X,5,1.000,,,0,0.000,/workspace/data_dir/staging-partner-20260927/gnmf-partner-1000000-16-16777216-5-0-128-random-73.log,0,1000,
,,,,128254000,250,0,W,5,603.124,,,0,0.000,/workspace/data_dir/staging-partner-20260927/gnmf-partner-1000000-16-16777216-5-0-128-random-73.log,0,1000,
250,250,,1000,,,,,5,,,,,,/workspace/data_dir/staging-partner-20260927/gnmf-partner-1000000-16-16777216-5-0-128-random-73.log,,,1000
,,,,1024320000,1000,164,X,0,1.000,,,12290592,0.217,/workspace/data_dir/staging-partner-20260927/gnmf-stage50-1000000-16-16777216-5-0-128-random-73.log,1000,1000,
,,,,128254176,252,18,W,0,25.837,,,13078032,0.119,/workspace/data_dir/staging-partner-20260927/gnmf-stage50-1000000-16-16777216-5-0-128-random-73.log,1000,1000,
251,252,,1000,,,,,0,,,,,,/workspace/data_dir/staging-partner-20260927/gnmf-stage50-1000000-16-16777216-5-0-128-random-73.log,,,1000
,,2039885688,,,,,,1,,125090443,983310755,,,/workspace/data_dir/staging-partner-20260927/gnmf-stage50-1000000-16-16777216-5-0-128-random-73.log,,,
,,,,1024320000,1000,164,X,1,1.000,,,12290592,0.217,/workspace/data_dir/staging-partner-20260927/gnmf-stage50-1000000-16-16777216-5-0-128-random-73.log,1000,1000,
,,,,128254088,251,17,W,1,24.211,,,13078032,0.154,/workspace/data_dir/staging-partner-20260927/gnmf-stage50-1000000-16-16777216-5-0-128-random-73.log,1000,1000,
251,251,,1000,,,,,1,,,,,,/workspace/data_dir/staging-partner-20260927/gnmf-stage50-1000000-16-16777216-5-0-128-random-73.log,,,1000
,,2031693376,,,,,,2,,124450263,961288682,,,/workspace/data_dir/staging-partner-20260927/gnmf-stage50-1000000-16-16777216-5-0-128-random-73.log,,,
,,,,1024320000,1000,164,X,2,1.000,,,12290592,0.217,/workspace/data_dir/staging-partner-20260927/gnmf-stage50-1000000-16-16777216-5-0-128-random-73.log,1000,1000,
,,,,128254176,252,16,W,2,23.567,,,13078032,0.141,/workspace/data_dir/staging-partner-20260927/gnmf-stage50-1000000-16-16777216-5-0-128-random-73.log,1000,1000,
251,252,,1000,,,,,2,,,,,,/workspace/data_dir/staging-partner-20260927/gnmf-stage50-1000000-16-16777216-5-0-128-random-73.log,,,1000
,,2033741454,,,,,,3,,124450263,959752269,,,/workspace/data_dir/staging-partner-20260927/gnmf-stage50-1000000-16-16777216-5-0-128-random-73.log,,,
,,,,1024320000,1000,164,X,3,1.000,,,12290592,0.217,/workspace/data_dir/staging-partner-20260927/gnmf-stage50-1000000-16-16777216-5-0-128-random-73.log,1000,1000,
,,,,128254088,251,16,W,3,24.873,,,13078032,0.159,/workspace/data_dir/staging-partner-20260927/gnmf-stage50-1000000-16-16777216-5-0-128-random-73.log,1000,1000,
251,251,,1000,,,,,3,,,,,,/workspace/data_dir/staging-partner-20260927/gnmf-stage50-1000000-16-16777216-5-0-128-random-73.log,,,1000
,,2032717415,,,,,,4,,125474555,966922233,,,/workspace/data_dir/staging-partner-20260927/gnmf-stage50-1000000-16-16777216-5-0-128-random-73.log,,,
,,,,1024320000,1000,164,X,4,1.000,,,12290592,0.217,/workspace/data_dir/staging-partner-20260927/gnmf-stage50-1000000-16-16777216-5-0-128-random-73.log,1000,1000,
,,,,128254176,252,16,W,4,23.762,,,13078032,0.136,/workspace/data_dir/staging-partner-20260927/gnmf-stage50-1000000-16-16777216-5-0-128-random-73.log,1000,1000,
250,252,,1000,,,,,4,,,,,,/workspace/data_dir/staging-partner-20260927/gnmf-stage50-1000000-16-16777216-5-0-128-random-73.log,,,1000
,,2031693376,,,,,,5,,125986696,973067925,,,/workspace/data_dir/staging-partner-20260927/gnmf-stage50-1000000-16-16777216-5-0-128-random-73.log,,,
,,,,1024320000,1000,164,X,5,1.000,,,12290592,0.217,/workspace/data_dir/staging-partner-20260927/gnmf-stage50-1000000-16-16777216-5-0-128-random-73.log,1000,1000,
,,,,128254176,252,16,W,5,23.873,,,13078032,0.190,/workspace/data_dir/staging-partner-20260927/gnmf-stage50-1000000-16-16777216-5-0-128-random-73.log,1000,1000,
250,252,,1000,,,,,5,,,,,,/workspace/data_dir/staging-partner-20260927/gnmf-stage50-1000000-16-16777216-5-0-128-random-73.log,,,1000
,,,,129878176,252,19,X,0,121.810,,,13102528,0.928,/workspace/data_dir/staging-partner-20260927/gnmf-stage50-8000000-16-16777216-5-0-2-chunk-73.log,8000,8000,
,,,,1026032176,2002,153,W,0,13.384,,,13078032,0.852,/workspace/data_dir/staging-partner-20260927/gnmf-stage50-8000000-16-16777216-5-0-2-chunk-73.log,8000,8000,
466,2002,,252,,,,,0,,,,,,/workspace/data_dir/staging-partner-20260927/gnmf-stage50-8000000-16-16777216-5-0-2-chunk-73.log,,,2490
,,253981055,,,,,,1,,1020184872,2430621206,,,/workspace/data_dir/staging-partner-20260927/gnmf-stage50-8000000-16-16777216-5-0-2-chunk-73.log,,,
,,,,129878176,252,19,X,1,121.810,,,13102528,0.928,/workspace/data_dir/staging-partner-20260927/gnmf-stage50-8000000-16-16777216-5-0-2-chunk-73.log,8000,8000,
,,,,1026032088,2001,151,W,1,26.652,,,13078032,1.821,/workspace/data_dir/staging-partner-20260927/gnmf-stage50-8000000-16-16777216-5-0-2-chunk-73.log,8000,8000,
202,2001,,252,,,,,1,,,,,,/workspace/data_dir/staging-partner-20260927/gnmf-stage50-8000000-16-16777216-5-0-2-chunk-73.log,,,2214
,,251415590,,,,,,2,,1023129684,2241641167,,,/workspace/data_dir/staging-partner-20260927/gnmf-stage50-8000000-16-16777216-5-0-2-chunk-73.log,,,
,,,,129878176,252,19,X,2,121.810,,,13102528,0.928,/workspace/data_dir/staging-partner-20260927/gnmf-stage50-8000000-16-16777216-5-0-2-chunk-73.log,8000,8000,
,,,,1026032088,2001,153,W,2,24.159,,,13078032,1.438,/workspace/data_dir/staging-partner-20260927/gnmf-stage50-8000000-16-16777216-5-0-2-chunk-73.log,8000,8000,
197,2001,,252,,,,,2,,,,,,/workspace/data_dir/staging-partner-20260927/gnmf-stage50-8000000-16-16777216-5-0-2-chunk-73.log,,,2214
,,251415590,,,,,,3,,1021721295,2244457945,,,/workspace/data_dir/staging-partner-20260927/gnmf-stage50-8000000-16-16777216-5-0-2-chunk-73.log,,,
,,,,129878176,252,19,X,3,121.810,,,13102528,0.928,/workspace/data_dir/staging-partner-20260927/gnmf-stage50-8000000-16-16777216-5-0-2-chunk-73.log,8000,8000,
,,,,1026032088,2001,153,W,3,24.920,,,13078032,1.414,/workspace/data_dir/staging-partner-20260927/gnmf-stage50-8000000-16-16777216-5-0-2-chunk-73.log,8000,8000,
202,2001,,252,,,,,3,,,,,,/workspace/data_dir/staging-partner-20260927/gnmf-stage50-8000000-16-16777216-5-0-2-chunk-73.log,,,2221
,,252954869,,,,,,4,,1021721295,2238056180,,,/workspace/data_dir/staging-partner-20260927/gnmf-stage50-8000000-16-16777216-5-0-2-chunk-73.log,,,
,,,,129878176,252,19,X,4,121.810,,,13102528,0.928,/workspace/data_dir/staging-partner-20260927/gnmf-stage50-8000000-16-16777216-5-0-2-chunk-73.log,8000,8000,
,,,,1026032088,2001,153,W,4,29.181,,,13078032,1.416,/workspace/data_dir/staging-partner-20260927/gnmf-stage50-8000000-16-16777216-5-0-2-chunk-73.log,8000,8000,
200,2001,,252,,,,,4,,,,,,/workspace/data_dir/staging-partner-20260927/gnmf-stage50-8000000-16-16777216-5-0-2-chunk-73.log,,,2214
,,250902497,,,,,,5,,1021721295,2237287971,,,/workspace/data_dir/staging-partner-20260927/gnmf-stage50-8000000-16-16777216-5-0-2-chunk-73.log,,,
,,,,129878176,252,19,X,5,121.810,,,13102528,0.928,/workspace/data_dir/staging-partner-20260927/gnmf-stage50-8000000-16-16777216-5-0-2-chunk-73.log,8000,8000,
,,,,1026032176,2002,152,W,5,31.502,,,13078032,1.431,/workspace/data_dir/staging-partner-20260927/gnmf-stage50-8000000-16-16777216-5-0-2-chunk-73.log,8000,8000,
198,2002,,252,,,,,5,,,,,,/workspace/data_dir/staging-partner-20260927/gnmf-stage50-8000000-16-16777216-5-0-2-chunk-73.log,,,2216
,,,,129878264,253,17,X,0,283.676,,,13102528,0.739,/workspace/data_dir/staging-partner-20260927/gnmf-stage50-8000000-16-16777216-5-0-2-random-73.log,8000,8000,
,,,,1026032968,2011,152,W,0,146.357,,,13078032,0.927,/workspace/data_dir/staging-partner-20260927/gnmf-stage50-8000000-16-16777216-5-0-2-random-73.log,8000,8000,
2003,2011,,253,,,,,0,,,,,,/workspace/data_dir/staging-partner-20260927/gnmf-stage50-8000000-16-16777216-5-0-2-random-73.log,,,7079
,,253981065,,,,,,1,,1022233461,6810451188,,,/workspace/data_dir/staging-partner-20260927/gnmf-stage50-8000000-16-16777216-5-0-2-random-73.log,,,
,,,,129878264,253,17,X,1,283.676,,,13102528,0.739,/workspace/data_dir/staging-partner-20260927/gnmf-stage50-8000000-16-16777216-5-0-2-random-73.log,8000,8000,
,,,,1026032440,2005,152,W,1,42.869,,,13078032,1.664,/workspace/data_dir/staging-partner-20260927/gnmf-stage50-8000000-16-16777216-5-0-2-random-73.log,8000,8000,
430,2005,,253,,,,,1,,,,,,/workspace/data_dir/staging-partner-20260927/gnmf-stage50-8000000-16-16777216-5-0-2-random-73.log,,,2453
,,250902507,,,,,,2,,1022233466,2462373983,,,/workspace/data_dir/staging-partner-20260927/gnmf-stage50-8000000-16-16777216-5-0-2-random-73.log,,,
,,,,129878264,253,17,X,2,283.676,,,13102528,0.739,/workspace/data_dir/staging-partner-20260927/gnmf-stage50-8000000-16-16777216-5-0-2-random-73.log,8000,8000,
,,,,1026032528,2006,152,W,2,42.861,,,13078032,1.521,/workspace/data_dir/staging-partner-20260927/gnmf-stage50-8000000-16-16777216-5-0-2-random-73.log,8000,8000,
383,2006,,253,,,,,2,,,,,,/workspace/data_dir/staging-partner-20260927/gnmf-stage50-8000000-16-16777216-5-0-2-random-73.log,,,2402
,,251928693,,,,,,3,,1023257743,2400917068,,,/workspace/data_dir/staging-partner-20260927/gnmf-stage50-8000000-16-16777216-5-0-2-random-73.log,,,
,,,,129878264,253,17,X,3,283.676,,,13102528,0.739,/workspace/data_dir/staging-partner-20260927/gnmf-stage50-8000000-16-16777216-5-0-2-random-73.log,8000,8000,
,,,,1026032440,2005,151,W,3,45.691,,,13078032,1.406,/workspace/data_dir/staging-partner-20260927/gnmf-stage50-8000000-16-16777216-5-0-2-random-73.log,8000,8000,
378,2005,,253,,,,,3,,,,,,/workspace/data_dir/staging-partner-20260927/gnmf-stage50-8000000-16-16777216-5-0-2-random-73.log,,,2390
,,250902507,,,,,,4,,1021465252,2405014191,,,/workspace/data_dir/staging-partner-20260927/gnmf-stage50-8000000-16-16777216-5-0-2-random-73.log,,,
,,,,129878264,253,17,X,4,283.676,,,13102528,0.739,/workspace/data_dir/staging-partner-20260927/gnmf-stage50-8000000-16-16777216-5-0-2-random-73.log,8000,8000,
,,,,1026032528,2006,152,W,4,45.526,,,13078032,1.251,/workspace/data_dir/staging-partner-20260927/gnmf-stage50-8000000-16-16777216-5-0-2-random-73.log,8000,8000,
335,2006,,253,,,,,4,,,,,,/workspace/data_dir/staging-partner-20260927/gnmf-stage50-8000000-16-16777216-5-0-2-random-73.log,,,2351
,,252441786,,,,,,5,,1020184892,2359945788,,,/workspace/data_dir/staging-partner-20260927/gnmf-stage50-8000000-16-16777216-5-0-2-random-73.log,,,
,,,,129878264,253,17,X,5,283.676,,,13102528,0.739,/workspace/data_dir/staging-partner-20260927/gnmf-stage50-8000000-16-16777216-5-0-2-random-73.log,8000,8000,
,,,,1026032352,2004,151,W,5,38.857,,,13078032,1.546,/workspace/data_dir/staging-partner-20260927/gnmf-stage50-8000000-16-16777216-5-0-2-random-73.log,8000,8000,
398,2004,,253,,,,,5,,,,,,/workspace/data_dir/staging-partner-20260927/gnmf-stage50-8000000-16-16777216-5-0-2-random-73.log,,,2422
,,,,1024320000,1000,164,X,0,1.000,,,12290592,0.210,/workspace/data_dir/staging-partner-20260927/gnmf-stage50init-1000000-16-16777216-5-0-128-random-73.log,1000,1000,
,,,,128254088,251,18,W,0,25.725,,,13078032,0.398,/workspace/data_dir/staging-partner-20260927/gnmf-stage50init-1000000-16-16777216-5-0-128-random-73.log,1000,1000,
250,251,,1000,,,,,0,,,,,,/workspace/data_dir/staging-partner-20260927/gnmf-stage50init-1000000-16-16777216-5-0-128-random-73.log,,,1000
,,2039885688,,,,,,1,,126626866,986383581,,,/workspace/data_dir/staging-partner-20260927/gnmf-stage50init-1000000-16-16777216-5-0-128-random-73.log,,,
,,,,1024320000,1000,164,X,1,1.000,,,12290592,0.210,/workspace/data_dir/staging-partner-20260927/gnmf-stage50init-1000000-16-16777216-5-0-128-random-73.log,1000,1000,
,,,,128254176,252,0,W,1,566.730,,,0,0.000,/workspace/data_dir/staging-partner-20260927/gnmf-stage50init-1000000-16-16777216-5-0-128-random-73.log,0,1000,
250,252,,1000,,,,,1,,,,,,/workspace/data_dir/staging-partner-20260927/gnmf-stage50init-1000000-16-16777216-5-0-128-random-73.log,,,1000
,,2032717415,,,,,,2,,125474555,521871699,,,/workspace/data_dir/staging-partner-20260927/gnmf-stage50init-1000000-16-16777216-5-0-128-random-73.log,,,
,,,,1024320000,1000,164,X,2,1.000,,,12290592,0.210,/workspace/data_dir/staging-partner-20260927/gnmf-stage50init-1000000-16-16777216-5-0-128-random-73.log,1000,1000,
,,,,128254176,252,0,W,2,571.544,,,0,0.000,/workspace/data_dir/staging-partner-20260927/gnmf-stage50init-1000000-16-16777216-5-0-128-random-73.log,0,1000,
251,252,,1000,,,,,2,,,,,,/workspace/data_dir/staging-partner-20260927/gnmf-stage50init-1000000-16-16777216-5-0-128-random-73.log,,,1000
,,2032717415,,,,,,3,,125986691,531730417,,,/workspace/data_dir/staging-partner-20260927/gnmf-stage50init-1000000-16-16777216-5-0-128-random-73.log,,,
,,,,1024320000,1000,164,X,3,1.000,,,12290592,0.210,/workspace/data_dir/staging-partner-20260927/gnmf-stage50init-1000000-16-16777216-5-0-128-random-73.log,1000,1000,
,,,,128254088,251,0,W,3,596.016,,,0,0.000,/workspace/data_dir/staging-partner-20260927/gnmf-stage50init-1000000-16-16777216-5-0-128-random-73.log,0,1000,
251,251,,1000,,,,,3,,,,,,/workspace/data_dir/staging-partner-20260927/gnmf-stage50init-1000000-16-16777216-5-0-128-random-73.log,,,1000
,,2032717415,,,,,,4,,125986691,539924663,,,/workspace/data_dir/staging-partner-20260927/gnmf-stage50init-1000000-16-16777216-5-0-128-random-73.log,,,
,,,,1024320000,1000,164,X,4,1.000,,,12290592,0.210,/workspace/data_dir/staging-partner-20260927/gnmf-stage50init-1000000-16-16777216-5-0-128-random-73.log,1000,1000,
,,,,128254088,251,0,W,4,579.590,,,0,0.000,/workspace/data_dir/staging-partner-20260927/gnmf-stage50init-1000000-16-16777216-5-0-128-random-73.log,0,1000,
251,251,,1000,,,,,4,,,,,,/workspace/data_dir/staging-partner-20260927/gnmf-stage50init-1000000-16-16777216-5-0-128-random-73.log,,,1000
,,2033741454,,,,,,5,,126242764,547990890,,,/workspace/data_dir/staging-partner-20260927/gnmf-stage50init-1000000-16-16777216-5-0-128-random-73.log,,,
,,,,1024320000,1000,164,X,5,1.000,,,12290592,0.210,/workspace/data_dir/staging-partner-20260927/gnmf-stage50init-1000000-16-16777216-5-0-128-random-73.log,1000,1000,
,,,,128254176,252,0,W,5,576.254,,,0,0.000,/workspace/data_dir/staging-partner-20260927/gnmf-stage50init-1000000-16-16777216-5-0-128-random-73.log,0,1000,
251,252,,1000,,,,,5,,,,,,/workspace/data_dir/staging-partner-20260927/gnmf-stage50init-1000000-16-16777216-5-0-128-random-73.log,,,1000
,,,,129878264,253,19,X,0,124.087,,,13102528,2.442,/workspace/data_dir/staging-partner-20260927/gnmf-stage50init-8000000-16-16777216-5-0-2-chunk-73.log,8000,8000,
,,,,1026032088,2001,151,W,0,13.267,,,13078032,1.949,/workspace/data_dir/staging-partner-20260927/gnmf-stage50init-8000000-16-16777216-5-0-2-chunk-73.log,8000,8000,
438,2001,,253,,,,,0,,,,,,/workspace/data_dir/staging-partner-20260927/gnmf-stage50init-8000000-16-16777216-5-0-2-chunk-73.log,,,2463
,,253981065,,,,,,1,,1021465227,2364555007,,,/workspace/data_dir/staging-partner-20260927/gnmf-stage50init-8000000-16-16777216-5-0-2-chunk-73.log,,,
,,,,129878264,253,19,X,1,124.087,,,13102528,2.442,/workspace/data_dir/staging-partner-20260927/gnmf-stage50init-8000000-16-16777216-5-0-2-chunk-73.log,8000,8000,
,,,,1026032088,2001,0,W,1,12.923,,,0,0.000,/workspace/data_dir/staging-partner-20260927/gnmf-stage50init-8000000-16-16777216-5-0-2-chunk-73.log,0,8000,
2,2001,,253,,,,,1,,,,,,/workspace/data_dir/staging-partner-20260927/gnmf-stage50init-8000000-16-16777216-5-0-2-chunk-73.log,,,2003
,,251928693,,,,,,2,,1022745587,2041394036,,,/workspace/data_dir/staging-partner-20260927/gnmf-stage50init-8000000-16-16777216-5-0-2-chunk-73.log,,,
,,,,129878264,253,19,X,2,124.087,,,13102528,2.442,/workspace/data_dir/staging-partner-20260927/gnmf-stage50init-8000000-16-16777216-5-0-2-chunk-73.log,8000,8000,
,,,,1026032176,2002,0,W,2,12.893,,,0,0.000,/workspace/data_dir/staging-partner-20260927/gnmf-stage50init-8000000-16-16777216-5-0-2-chunk-73.log,0,8000,
1,2002,,253,,,,,2,,,,,,/workspace/data_dir/staging-partner-20260927/gnmf-stage50init-8000000-16-16777216-5-0-2-chunk-73.log,,,2003
,,252441786,,,,,,3,,1021849334,2039857623,,,/workspace/data_dir/staging-partner-20260927/gnmf-stage50init-8000000-16-16777216-5-0-2-chunk-73.log,,,
,,,,129878264,253,19,X,3,124.087,,,13102528,2.442,/workspace/data_dir/staging-partner-20260927/gnmf-stage50init-8000000-16-16777216-5-0-2-chunk-73.log,8000,8000,
,,,,1026032264,2003,0,W,3,12.811,,,0,0.000,/workspace/data_dir/staging-partner-20260927/gnmf-stage50init-8000000-16-16777216-5-0-2-chunk-73.log,0,8000,
0,2003,,253,,,,,3,,,,,,/workspace/data_dir/staging-partner-20260927/gnmf-stage50init-8000000-16-16777216-5-0-2-chunk-73.log,,,2003
,,251415600,,,,,,4,,1022105407,2038833351,,,/workspace/data_dir/staging-partner-20260927/gnmf-stage50init-8000000-16-16777216-5-0-2-chunk-73.log,,,
,,,,129878264,253,19,X,4,124.087,,,13102528,2.442,/workspace/data_dir/staging-partner-20260927/gnmf-stage50init-8000000-16-16777216-5-0-2-chunk-73.log,8000,8000,
,,,,1026032176,2002,0,W,4,12.893,,,0,0.000,/workspace/data_dir/staging-partner-20260927/gnmf-stage50init-8000000-16-16777216-5-0-2-chunk-73.log,0,8000,
1,2002,,253,,,,,4,,,,,,/workspace/data_dir/staging-partner-20260927/gnmf-stage50init-8000000-16-16777216-5-0-2-chunk-73.log,,,2003
,,250902507,,,,,,5,,1022105407,2038833341,,,/workspace/data_dir/staging-partner-20260927/gnmf-stage50init-8000000-16-16777216-5-0-2-chunk-73.log,,,
,,,,129878264,253,19,X,5,124.087,,,13102528,2.442,/workspace/data_dir/staging-partner-20260927/gnmf-stage50init-8000000-16-16777216-5-0-2-chunk-73.log,8000,8000,
,,,,1026032176,2002,0,W,5,12.893,,,0,0.000,/workspace/data_dir/staging-partner-20260927/gnmf-stage50init-8000000-16-16777216-5-0-2-chunk-73.log,0,8000,
1,2002,,253,,,,,5,,,,,,/workspace/data_dir/staging-partner-20260927/gnmf-stage50init-8000000-16-16777216-5-0-2-chunk-73.log,,,2003
,,,,129878264,253,18,X,0,283.617,,,13102528,0.762,/workspace/data_dir/staging-partner-20260927/gnmf-stage50init-8000000-16-16777216-5-0-2-random-73.log,8000,8000,
,,,,1026033056,2012,152,W,0,144.506,,,13078032,0.931,/workspace/data_dir/staging-partner-20260927/gnmf-stage50init-8000000-16-16777216-5-0-2-random-73.log,8000,8000,
2003,2012,,253,,,,,0,,,,,,/workspace/data_dir/staging-partner-20260927/gnmf-stage50init-8000000-16-16777216-5-0-2-random-73.log,,,7049
,,253981065,,,,,,1,,1020184872,6828888264,,,/workspace/data_dir/staging-partner-20260927/gnmf-stage50init-8000000-16-16777216-5-0-2-random-73.log,,,
,,,,129878264,253,18,X,1,283.617,,,13102528,0.762,/workspace/data_dir/staging-partner-20260927/gnmf-stage50init-8000000-16-16777216-5-0-2-random-73.log,8000,8000,
,,,,1026032264,2003,0,W,1,28.898,,,0,0.000,/workspace/data_dir/staging-partner-20260927/gnmf-stage50init-8000000-16-16777216-5-0-2-random-73.log,0,8000,
0,2003,,253,,,,,1,,,,,,/workspace/data_dir/staging-partner-20260927/gnmf-stage50init-8000000-16-16777216-5-0-2-random-73.log,,,2003
,,251928693,,,,,,2,,1022105412,2039345492,,,/workspace/data_dir/staging-partner-20260927/gnmf-stage50init-8000000-16-16777216-5-0-2-random-73.log,,,
,,,,129878264,253,18,X,2,283.617,,,13102528,0.762,/workspace/data_dir/staging-partner-20260927/gnmf-stage50init-8000000-16-16777216-5-0-2-random-73.log,8000,8000,
,,,,1026032264,2003,0,W,2,28.898,,,0,0.000,/workspace/data_dir/staging-partner-20260927/gnmf-stage50init-8000000-16-16777216-5-0-2-random-73.log,0,8000,
0,2003,,253,,,,,2,,,,,,/workspace/data_dir/staging-partner-20260927/gnmf-stage50init-8000000-16-16777216-5-0-2-random-73.log,,,2003
,,250902507,,,,,,3,,1021081130,2039857633,,,/workspace/data_dir/staging-partner-20260927/gnmf-stage50init-8000000-16-16777216-5-0-2-random-73.log,,,
,,,,129878264,253,18,X,3,283.617,,,13102528,0.762,/workspace/data_dir/staging-partner-20260927/gnmf-stage50init-8000000-16-16777216-5-0-2-random-73.log,8000,8000,
,,,,1026032264,2003,0,W,3,28.898,,,0,0.000,/workspace/data_dir/staging-partner-20260927/gnmf-stage50init-8000000-16-16777216-5-0-2-random-73.log,0,8000,
0,2003,,253,,,,,3,,,,,,/workspace/data_dir/staging-partner-20260927/gnmf-stage50init-8000000-16-16777216-5-0-2-random-73.log,,,2003
,,252441786,,,,,,4,,1022233436,2037809069,,,/workspace/data_dir/staging-partner-20260927/gnmf-stage50init-8000000-16-16777216-5-0-2-random-73.log,,,
,,,,129878264,253,18,X,4,283.617,,,13102528,0.762,/workspace/data_dir/staging-partner-20260927/gnmf-stage50init-8000000-16-16777216-5-0-2-random-73.log,8000,8000,
,,,,1026032264,2003,0,W,4,28.898,,,0,0.000,/workspace/data_dir/staging-partner-20260927/gnmf-stage50init-8000000-16-16777216-5-0-2-random-73.log,0,8000,
0,2003,,253,,,,,4,,,,,,/workspace/data_dir/staging-partner-20260927/gnmf-stage50init-8000000-16-16777216-5-0-2-random-73.log,,,2003
,,250389414,,,,,,5,,1021081130,2039857633,,,/workspace/data_dir/staging-partner-20260927/gnmf-stage50init-8000000-16-16777216-5-0-2-random-73.log,,,
,,,,129878264,253,18,X,5,283.617,,,13102528,0.762,/workspace/data_dir/staging-partner-20260927/gnmf-stage50init-8000000-16-16777216-5-0-2-random-73.log,8000,8000,
,,,,1026032264,2003,0,W,5,28.898,,,0,0.000,/workspace/data_dir/staging-partner-20260927/gnmf-stage50init-8000000-16-16777216-5-0-2-random-73.log,0,8000,
0,2003,,253,,,,,5,,,,,,/workspace/data_dir/staging-partner-20260927/gnmf-stage50init-8000000-16-16777216-5-0-2-random-73.log,,,2003
,,,,1024320000,1000,164,X,0,1.000,,,12290592,0.214,/workspace/data_dir/staging-partner-20260927/gnmf-stage50partner-1000000-16-16777216-5-0-128-random-73.log,1000,1000,
,,,,128254088,251,18,W,0,25.825,,,13078032,0.115,/workspace/data_dir/staging-partner-20260927/gnmf-stage50partner-1000000-16-16777216-5-0-128-random-73.log,1000,1000,
250,251,,1000,,,,,0,,,,,,/workspace/data_dir/staging-partner-20260927/gnmf-stage50partner-1000000-16-16777216-5-0-128-random-73.log,,,1000
,,2038861649,,,,,,1,,124450263,254021946,,,/workspace/data_dir/staging-partner-20260927/gnmf-stage50partner-1000000-16-16777216-5-0-128-random-73.log,,,
,,,,1024320000,1000,164,X,1,1.000,,,12290592,0.214,/workspace/data_dir/staging-partner-20260927/gnmf-stage50partner-1000000-16-16777216-5-0-128-random-73.log,1000,1000,
,,,,128254088,251,16,W,1,17.223,,,13078032,0.116,/workspace/data_dir/staging-partner-20260927/gnmf-stage50partner-1000000-16-16777216-5-0-128-random-73.log,1000,1000,
250,251,,1000,,,,,1,,,,,,/workspace/data_dir/staging-partner-20260927/gnmf-stage50partner-1000000-16-16777216-5-0-128-random-73.log,,,1000
,,2031693376,,,,,,2,,125602584,253509805,,,/workspace/data_dir/staging-partner-20260927/gnmf-stage50partner-1000000-16-16777216-5-0-128-random-73.log,,,
,,,,1024320000,1000,164,X,2,1.000,,,12290592,0.214,/workspace/data_dir/staging-partner-20260927/gnmf-stage50partner-1000000-16-16777216-5-0-128-random-73.log,1000,1000,
,,,,128254088,251,17,W,2,13.645,,,13078032,0.161,/workspace/data_dir/staging-partner-20260927/gnmf-stage50partner-1000000-16-16777216-5-0-128-random-73.log,1000,1000,
250,251,,1000,,,,,2,,,,,,/workspace/data_dir/staging-partner-20260927/gnmf-stage50partner-1000000-16-16777216-5-0-128-random-73.log,,,1000
,,2029645298,,,,,,3,,123938122,255046228,,,/workspace/data_dir/staging-partner-20260927/gnmf-stage50partner-1000000-16-16777216-5-0-128-random-73.log,,,
,,,,1024320000,1000,164,X,3,1.000,,,12290592,0.214,/workspace/data_dir/staging-partner-20260927/gnmf-stage50partner-1000000-16-16777216-5-0-128-random-73.log,1000,1000,
,,,,128254088,251,16,W,3,11.255,,,13078032,0.124,/workspace/data_dir/staging-partner-20260927/gnmf-stage50partner-1000000-16-16777216-5-0-128-random-73.log,1000,1000,
250,251,,1000,,,,,3,,,,,,/workspace/data_dir/staging-partner-20260927/gnmf-stage50partner-1000000-16-16777216-5-0-128-random-73.log,,,1000
,,2029645298,,,,,,4,,126498832,253509805,,,/workspace/data_dir/staging-partner-20260927/gnmf-stage50partner-1000000-16-16777216-5-0-128-random-73.log,,,
,,,,1024320000,1000,164,X,4,1.000,,,12290592,0.214,/workspace/data_dir/staging-partner-20260927/gnmf-stage50partner-1000000-16-16777216-5-0-128-random-73.log,1000,1000,
,,,,128254088,251,17,W,4,10.717,,,13078032,0.173,/workspace/data_dir/staging-partner-20260927/gnmf-stage50partner-1000000-16-16777216-5-0-128-random-73.log,1000,1000,
250,251,,1000,,,,,4,,,,,,/workspace/data_dir/staging-partner-20260927/gnmf-stage50partner-1000000-16-16777216-5-0-128-random-73.log,,,1000
,,2031693376,,,,,,5,,126498832,254534087,,,/workspace/data_dir/staging-partner-20260927/gnmf-stage50partner-1000000-16-16777216-5-0-128-random-73.log,,,
,,,,1024320000,1000,164,X,5,1.000,,,12290592,0.214,/workspace/data_dir/staging-partner-20260927/gnmf-stage50partner-1000000-16-16777216-5-0-128-random-73.log,1000,1000,
,,,,128254088,251,17,W,5,8.789,,,13078032,0.141,/workspace/data_dir/staging-partner-20260927/gnmf-stage50partner-1000000-16-16777216-5-0-128-random-73.log,1000,1000,
250,251,,1000,,,,,5,,,,,,/workspace/data_dir/staging-partner-20260927/gnmf-stage50partner-1000000-16-16777216-5-0-128-random-73.log,,,1000
,,,,1024320000,1000,164,X,0,1.000,,,12290592,0.308,/workspace/data_dir/staging-partner-20260927/gnmf-stage50x-1000000-16-16777216-5-0-128-random-73.log,1000,1000,
,,,,128254088,251,0,W,0,604.908,,,0,0.000,/workspace/data_dir/staging-partner-20260927/gnmf-stage50x-1000000-16-16777216-5-0-128-random-73.log,0,1000,
251,251,,1000,,,,,0,,,,,,/workspace/data_dir/staging-partner-20260927/gnmf-stage50x-1000000-16-16777216-5-0-128-random-73.log,,,1000
,,2039885688,,,,,,1,,127523114,983822886,,,/workspace/data_dir/staging-partner-20260927/gnmf-stage50x-1000000-16-16777216-5-0-128-random-73.log,,,
,,,,1024320000,1000,164,X,1,1.000,,,12290592,0.308,/workspace/data_dir/staging-partner-20260927/gnmf-stage50x-1000000-16-16777216-5-0-128-random-73.log,1000,1000,
,,,,128254088,251,0,W,1,577.673,,,0,0.000,/workspace/data_dir/staging-partner-20260927/gnmf-stage50x-1000000-16-16777216-5-0-128-random-73.log,0,1000,
251,251,,1000,,,,,1,,,,,,/workspace/data_dir/staging-partner-20260927/gnmf-stage50x-1000000-16-16777216-5-0-128-random-73.log,,,1000
,,2032717415,,,,,,2,,125602584,523280083,,,/workspace/data_dir/staging-partner-20260927/gnmf-stage50x-1000000-16-16777216-5-0-128-random-73.log,,,
,,,,1024320000,1000,164,X,2,1.000,,,12290592,0.308,/workspace/data_dir/staging-partner-20260927/gnmf-stage50x-1000000-16-16777216-5-0-128-random-73.log,1000,1000,
,,,,128254088,251,0,W,2,578.351,,,0,0.000,/workspace/data_dir/staging-partner-20260927/gnmf-stage50x-1000000-16-16777216-5-0-128-random-73.log,0,1000,
250,251,,1000,,,,,2,,,,,,/workspace/data_dir/staging-partner-20260927/gnmf-stage50x-1000000-16-16777216-5-0-128-random-73.log,,,1000
,,2033741454,,,,,,3,,125986696,518286702,,,/workspace/data_dir/staging-partner-20260927/gnmf-stage50x-1000000-16-16777216-5-0-128-random-73.log,,,
,,,,1024320000,1000,164,X,3,1.000,,,12290592,0.308,/workspace/data_dir/staging-partner-20260927/gnmf-stage50x-1000000-16-16777216-5-0-128-random-73.log,1000,1000,
,,,,128254176,252,0,W,3,594.663,,,0,0.000,/workspace/data_dir/staging-partner-20260927/gnmf-stage50x-1000000-16-16777216-5-0-128-random-73.log,0,1000,
251,252,,1000,,,,,3,,,,,,/workspace/data_dir/staging-partner-20260927/gnmf-stage50x-1000000-16-16777216-5-0-128-random-73.log,,,1000
,,2032717415,,,,,,4,,126498832,528657576,,,/workspace/data_dir/staging-partner-20260927/gnmf-stage50x-1000000-16-16777216-5-0-128-random-73.log,,,
,,,,1024320000,1000,164,X,4,1.000,,,12290592,0.308,/workspace/data_dir/staging-partner-20260927/gnmf-stage50x-1000000-16-16777216-5-0-128-random-73.log,1000,1000,
,,,,128254088,251,0,W,4,572.518,,,0,0.000,/workspace/data_dir/staging-partner-20260927/gnmf-stage50x-1000000-16-16777216-5-0-128-random-73.log,0,1000,
250,251,,1000,,,,,4,,,,,,/workspace/data_dir/staging-partner-20260927/gnmf-stage50x-1000000-16-16777216-5-0-128-random-73.log,,,1000
,,2031693376,,,,,,5,,126498837,543253577,,,/workspace/data_dir/staging-partner-20260927/gnmf-stage50x-1000000-16-16777216-5-0-128-random-73.log,,,
,,,,1024320000,1000,164,X,5,1.000,,,12290592,0.308,/workspace/data_dir/staging-partner-20260927/gnmf-stage50x-1000000-16-16777216-5-0-128-random-73.log,1000,1000,
,,,,128254176,252,0,W,5,559.607,,,0,0.000,/workspace/data_dir/staging-partner-20260927/gnmf-stage50x-1000000-16-16777216-5-0-128-random-73.log,0,1000,
251,252,,1000,,,,,5,,,,,,/workspace/data_dir/staging-partner-20260927/gnmf-stage50x-1000000-16-16777216-5-0-128-random-73.log,,,1000
,,,,1024320000,1000,0,X,0,1.000,,,0,0.000,/workspace/data_dir/staging-repeat-20260927/gnmf-arrival-1000000-16-16777216-5-0-128-chunk-73.log,0,1000,
,,,,128254088,251,0,W,0,17.849,,,0,0.000,/workspace/data_dir/staging-repeat-20260927/gnmf-arrival-1000000-16-16777216-5-0-128-chunk-73.log,0,1000,
251,251,,1000,,,,,0,,,,,,/workspace/data_dir/staging-repeat-20260927/gnmf-arrival-1000000-16-16777216-5-0-128-chunk-73.log,,,1000
,,2039885688,,,,,,1,,125090443,486277897,,,/workspace/data_dir/staging-repeat-20260927/gnmf-arrival-1000000-16-16777216-5-0-128-chunk-73.log,,,
,,,,1024320000,1000,0,X,1,1.000,,,0,0.000,/workspace/data_dir/staging-repeat-20260927/gnmf-arrival-1000000-16-16777216-5-0-128-chunk-73.log,0,1000,
,,,,128254088,251,0,W,1,44.610,,,0,0.000,/workspace/data_dir/staging-repeat-20260927/gnmf-arrival-1000000-16-16777216-5-0-128-chunk-73.log,0,1000,
251,251,,1000,,,,,1,,,,,,/workspace/data_dir/staging-repeat-20260927/gnmf-arrival-1000000-16-16777216-5-0-128-chunk-73.log,,,1000
,,2031693376,,,,,,2,,125730623,499593558,,,/workspace/data_dir/staging-repeat-20260927/gnmf-arrival-1000000-16-16777216-5-0-128-chunk-73.log,,,
,,,,1024320000,1000,0,X,2,1.000,,,0,0.000,/workspace/data_dir/staging-repeat-20260927/gnmf-arrival-1000000-16-16777216-5-0-128-chunk-73.log,0,1000,
,,,,128254176,252,0,W,2,42.671,,,0,0.000,/workspace/data_dir/staging-repeat-20260927/gnmf-arrival-1000000-16-16777216-5-0-128-chunk-73.log,0,1000,
250,252,,1000,,,,,2,,,,,,/workspace/data_dir/staging-repeat-20260927/gnmf-arrival-1000000-16-16777216-5-0-128-chunk-73.log,,,1000
,,2032717415,,,,,,3,,125986691,513677443,,,/workspace/data_dir/staging-repeat-20260927/gnmf-arrival-1000000-16-16777216-5-0-128-chunk-73.log,,,
,,,,1024320000,1000,0,X,3,1.000,,,0,0.000,/workspace/data_dir/staging-repeat-20260927/gnmf-arrival-1000000-16-16777216-5-0-128-chunk-73.log,0,1000,
,,,,128254088,251,0,W,3,41.199,,,0,0.000,/workspace/data_dir/staging-repeat-20260927/gnmf-arrival-1000000-16-16777216-5-0-128-chunk-73.log,0,1000,
251,251,,1000,,,,,3,,,,,,/workspace/data_dir/staging-repeat-20260927/gnmf-arrival-1000000-16-16777216-5-0-128-chunk-73.log,,,1000
,,2031693376,,,,,,4,,125474550,492679652,,,/workspace/data_dir/staging-repeat-20260927/gnmf-arrival-1000000-16-16777216-5-0-128-chunk-73.log,,,
,,,,1024320000,1000,0,X,4,1.000,,,0,0.000,/workspace/data_dir/staging-repeat-20260927/gnmf-arrival-1000000-16-16777216-5-0-128-chunk-73.log,0,1000,
,,,,128254176,252,0,W,4,42.444,,,0,0.000,/workspace/data_dir/staging-repeat-20260927/gnmf-arrival-1000000-16-16777216-5-0-128-chunk-73.log,0,1000,
250,252,,1000,,,,,4,,,,,,/workspace/data_dir/staging-repeat-20260927/gnmf-arrival-1000000-16-16777216-5-0-128-chunk-73.log,,,1000
,,2032717415,,,,,,5,,125474545,507403717,,,/workspace/data_dir/staging-repeat-20260927/gnmf-arrival-1000000-16-16777216-5-0-128-chunk-73.log,,,
,,,,1024320000,1000,0,X,5,1.000,,,0,0.000,/workspace/data_dir/staging-repeat-20260927/gnmf-arrival-1000000-16-16777216-5-0-128-chunk-73.log,0,1000,
,,,,128254176,252,0,W,5,44.790,,,0,0.000,/workspace/data_dir/staging-repeat-20260927/gnmf-arrival-1000000-16-16777216-5-0-128-chunk-73.log,0,1000,
250,252,,1000,,,,,5,,,,,,/workspace/data_dir/staging-repeat-20260927/gnmf-arrival-1000000-16-16777216-5-0-128-chunk-73.log,,,1000
,,,,1024320000,1000,0,X,0,1.000,,,0,0.000,/workspace/data_dir/staging-repeat-20260927/gnmf-arrival-1000000-16-16777216-5-0-128-random-73.log,0,1000,
,,,,128254088,251,0,W,0,602.147,,,0,0.000,/workspace/data_dir/staging-repeat-20260927/gnmf-arrival-1000000-16-16777216-5-0-128-random-73.log,0,1000,
251,251,,1000,,,,,0,,,,,,/workspace/data_dir/staging-repeat-20260927/gnmf-arrival-1000000-16-16777216-5-0-128-random-73.log,,,1000
,,2039885688,,,,,,1,,126626866,985359309,,,/workspace/data_dir/staging-repeat-20260927/gnmf-arrival-1000000-16-16777216-5-0-128-random-73.log,,,
,,,,1024320000,1000,0,X,1,1.000,,,0,0.000,/workspace/data_dir/staging-repeat-20260927/gnmf-arrival-1000000-16-16777216-5-0-128-random-73.log,0,1000,
,,,,128254088,251,0,W,1,599.546,,,0,0.000,/workspace/data_dir/staging-repeat-20260927/gnmf-arrival-1000000-16-16777216-5-0-128-random-73.log,0,1000,
251,251,,1000,,,,,1,,,,,,/workspace/data_dir/staging-repeat-20260927/gnmf-arrival-1000000-16-16777216-5-0-128-random-73.log,,,1000
,,2033741454,,,,,,2,,125218477,511244767,,,/workspace/data_dir/staging-repeat-20260927/gnmf-arrival-1000000-16-16777216-5-0-128-random-73.log,,,
,,,,1024320000,1000,0,X,2,1.000,,,0,0.000,/workspace/data_dir/staging-repeat-20260927/gnmf-arrival-1000000-16-16777216-5-0-128-random-73.log,0,1000,
,,,,128254088,251,0,W,2,599.004,,,0,0.000,/workspace/data_dir/staging-repeat-20260927/gnmf-arrival-1000000-16-16777216-5-0-128-random-73.log,0,1000,
251,251,,1000,,,,,2,,,,,,/workspace/data_dir/staging-repeat-20260927/gnmf-arrival-1000000-16-16777216-5-0-128-random-73.log,,,1000
,,2032717415,,,,,,3,,125090443,528273454,,,/workspace/data_dir/staging-repeat-20260927/gnmf-arrival-1000000-16-16777216-5-0-128-random-73.log,,,
,,,,1024320000,1000,0,X,3,1.000,,,0,0.000,/workspace/data_dir/staging-repeat-20260927/gnmf-arrival-1000000-16-16777216-5-0-128-random-73.log,0,1000,
,,,,128254176,252,0,W,3,606.730,,,0,0.000,/workspace/data_dir/staging-repeat-20260927/gnmf-arrival-1000000-16-16777216-5-0-128-random-73.log,0,1000,
250,252,,1000,,,,,3,,,,,,/workspace/data_dir/staging-repeat-20260927/gnmf-arrival-1000000-16-16777216-5-0-128-random-73.log,,,1000
,,2032717415,,,,,,4,,125474550,526993114,,,/workspace/data_dir/staging-repeat-20260927/gnmf-arrival-1000000-16-16777216-5-0-128-random-73.log,,,
,,,,1024320000,1000,0,X,4,1.000,,,0,0.000,/workspace/data_dir/staging-repeat-20260927/gnmf-arrival-1000000-16-16777216-5-0-128-random-73.log,0,1000,
,,,,128254088,251,0,W,4,593.060,,,0,0.000,/workspace/data_dir/staging-repeat-20260927/gnmf-arrival-1000000-16-16777216-5-0-128-random-73.log,0,1000,
251,251,,1000,,,,,4,,,,,,/workspace/data_dir/staging-repeat-20260927/gnmf-arrival-1000000-16-16777216-5-0-128-random-73.log,,,1000
,,2032717415,,,,,,5,,125602584,537235919,,,/workspace/data_dir/staging-repeat-20260927/gnmf-arrival-1000000-16-16777216-5-0-128-random-73.log,,,
,,,,1024320000,1000,0,X,5,1.000,,,0,0.000,/workspace/data_dir/staging-repeat-20260927/gnmf-arrival-1000000-16-16777216-5-0-128-random-73.log,0,1000,
,,,,128254176,252,0,W,5,587.004,,,0,0.000,/workspace/data_dir/staging-repeat-20260927/gnmf-arrival-1000000-16-16777216-5-0-128-random-73.log,0,1000,
250,252,,1000,,,,,5,,,,,,/workspace/data_dir/staging-repeat-20260927/gnmf-arrival-1000000-16-16777216-5-0-128-random-73.log,,,1000
,,,,129878176,252,0,X,0,139.218,,,0,0.000,/workspace/data_dir/staging-repeat-20260927/gnmf-arrival-8000000-16-16777216-5-0-2-chunk-73.log,0,8000,
,,,,1026032088,2001,0,W,0,18.354,,,0,0.000,/workspace/data_dir/staging-repeat-20260927/gnmf-arrival-8000000-16-16777216-5-0-2-chunk-73.log,0,8000,
396,2001,,252,,,,,0,,,,,,/workspace/data_dir/staging-repeat-20260927/gnmf-arrival-8000000-16-16777216-5-0-2-chunk-73.log,,,2408
,,254494148,,,,,,1,,1019672736,2167892863,,,/workspace/data_dir/staging-repeat-20260927/gnmf-arrival-8000000-16-16777216-5-0-2-chunk-73.log,,,
,,,,129878176,252,0,X,1,139.218,,,0,0.000,/workspace/data_dir/staging-repeat-20260927/gnmf-arrival-8000000-16-16777216-5-0-2-chunk-73.log,0,8000,
,,,,1026032088,2001,0,W,1,18.282,,,0,0.000,/workspace/data_dir/staging-repeat-20260927/gnmf-arrival-8000000-16-16777216-5-0-2-chunk-73.log,0,8000,
1,2001,,252,,,,,1,,,,,,/workspace/data_dir/staging-repeat-20260927/gnmf-arrival-8000000-16-16777216-5-0-2-chunk-73.log,,,2002
,,250902497,,,,,,2,,1020697013,2038321190,,,/workspace/data_dir/staging-repeat-20260927/gnmf-arrival-8000000-16-16777216-5-0-2-chunk-73.log,,,
,,,,129878176,252,0,X,2,139.218,,,0,0.000,/workspace/data_dir/staging-repeat-20260927/gnmf-arrival-8000000-16-16777216-5-0-2-chunk-73.log,0,8000,
,,,,1026032088,2001,0,W,2,18.242,,,0,0.000,/workspace/data_dir/staging-repeat-20260927/gnmf-arrival-8000000-16-16777216-5-0-2-chunk-73.log,0,8000,
1,2001,,252,,,,,2,,,,,,/workspace/data_dir/staging-repeat-20260927/gnmf-arrival-8000000-16-16777216-5-0-2-chunk-73.log,,,2002
,,252441776,,,,,,3,,1020184877,2038833331,,,/workspace/data_dir/staging-repeat-20260927/gnmf-arrival-8000000-16-16777216-5-0-2-chunk-73.log,,,
,,,,129878176,252,0,X,3,139.218,,,0,0.000,/workspace/data_dir/staging-repeat-20260927/gnmf-arrival-8000000-16-16777216-5-0-2-chunk-73.log,0,8000,
,,,,1026032088,2001,0,W,3,18.238,,,0,0.000,/workspace/data_dir/staging-repeat-20260927/gnmf-arrival-8000000-16-16777216-5-0-2-chunk-73.log,0,8000,
0,2001,,252,,,,,3,,,,,,/workspace/data_dir/staging-repeat-20260927/gnmf-arrival-8000000-16-16777216-5-0-2-chunk-73.log,,,2001
,,251415590,,,,,,4,,1021337193,2039345472,,,/workspace/data_dir/staging-repeat-20260927/gnmf-arrival-8000000-16-16777216-5-0-2-chunk-73.log,,,
,,,,129878176,252,0,X,4,139.218,,,0,0.000,/workspace/data_dir/staging-repeat-20260927/gnmf-arrival-8000000-16-16777216-5-0-2-chunk-73.log,0,8000,
,,,,1026032088,2001,0,W,4,18.238,,,0,0.000,/workspace/data_dir/staging-repeat-20260927/gnmf-arrival-8000000-16-16777216-5-0-2-chunk-73.log,0,8000,
0,2001,,252,,,,,4,,,,,,/workspace/data_dir/staging-repeat-20260927/gnmf-arrival-8000000-16-16777216-5-0-2-chunk-73.log,,,2001
,,251928683,,,,,,5,,1020440945,2039345472,,,/workspace/data_dir/staging-repeat-20260927/gnmf-arrival-8000000-16-16777216-5-0-2-chunk-73.log,,,
,,,,129878176,252,0,X,5,139.218,,,0,0.000,/workspace/data_dir/staging-repeat-20260927/gnmf-arrival-8000000-16-16777216-5-0-2-chunk-73.log,0,8000,
,,,,1026032088,2001,0,W,5,18.238,,,0,0.000,/workspace/data_dir/staging-repeat-20260927/gnmf-arrival-8000000-16-16777216-5-0-2-chunk-73.log,0,8000,
0,2001,,252,,,,,5,,,,,,/workspace/data_dir/staging-repeat-20260927/gnmf-arrival-8000000-16-16777216-5-0-2-chunk-73.log,,,2001
,,,,129878264,253,0,X,0,7467.992,,,0,0.000,/workspace/data_dir/staging-repeat-20260927/gnmf-arrival-8000000-16-16777216-5-0-2-random-73.log,0,8000,
,,,,1026032176,2002,0,W,0,4778.102,,,0,0.000,/workspace/data_dir/staging-repeat-20260927/gnmf-arrival-8000000-16-16777216-5-0-2-random-73.log,0,8000,
2000,2002,,253,,,,,0,,,,,,/workspace/data_dir/staging-repeat-20260927/gnmf-arrival-8000000-16-16777216-5-0-2-random-73.log,,,7951
,,253981065,,,,,,1,,1020184872,7807589570,,,/workspace/data_dir/staging-repeat-20260927/gnmf-arrival-8000000-16-16777216-5-0-2-random-73.log,,,
,,,,129878264,253,0,X,1,7467.992,,,0,0.000,/workspace/data_dir/staging-repeat-20260927/gnmf-arrival-8000000-16-16777216-5-0-2-random-73.log,0,8000,
,,,,1026032088,2001,0,W,1,4828.335,,,0,0.000,/workspace/data_dir/staging-repeat-20260927/gnmf-arrival-8000000-16-16777216-5-0-2-random-73.log,0,8000,
1,2001,,253,,,,,1,,,,,,/workspace/data_dir/staging-repeat-20260927/gnmf-arrival-8000000-16-16777216-5-0-2-random-73.log,,,2002
,,251415600,,,,,,2,,1020697013,2039857613,,,/workspace/data_dir/staging-repeat-20260927/gnmf-arrival-8000000-16-16777216-5-0-2-random-73.log,,,
,,,,129878264,253,0,X,2,7467.992,,,0,0.000,/workspace/data_dir/staging-repeat-20260927/gnmf-arrival-8000000-16-16777216-5-0-2-random-73.log,0,8000,
,,,,1026032088,2001,0,W,2,4828.335,,,0,0.000,/workspace/data_dir/staging-repeat-20260927/gnmf-arrival-8000000-16-16777216-5-0-2-random-73.log,0,8000,
1,2001,,253,,,,,2,,,,,,/workspace/data_dir/staging-repeat-20260927/gnmf-arrival-8000000-16-16777216-5-0-2-random-73.log,,,2002
,,250902507,,,,,,3,,1020697018,2039857613,,,/workspace/data_dir/staging-repeat-20260927/gnmf-arrival-8000000-16-16777216-5-0-2-random-73.log,,,
,,,,129878264,253,0,X,3,7467.992,,,0,0.000,/workspace/data_dir/staging-repeat-20260927/gnmf-arrival-8000000-16-16777216-5-0-2-random-73.log,0,8000,
,,,,1026032088,2001,0,W,3,4828.335,,,0,0.000,/workspace/data_dir/staging-repeat-20260927/gnmf-arrival-8000000-16-16777216-5-0-2-random-73.log,0,8000,
1,2001,,253,,,,,3,,,,,,/workspace/data_dir/staging-repeat-20260927/gnmf-arrival-8000000-16-16777216-5-0-2-random-73.log,,,2002
,,252441786,,,,,,4,,1021337193,2038833331,,,/workspace/data_dir/staging-repeat-20260927/gnmf-arrival-8000000-16-16777216-5-0-2-random-73.log,,,
,,,,129878264,253,0,X,4,7467.992,,,0,0.000,/workspace/data_dir/staging-repeat-20260927/gnmf-arrival-8000000-16-16777216-5-0-2-random-73.log,0,8000,
,,,,1026032088,2001,0,W,4,4830.261,,,0,0.000,/workspace/data_dir/staging-repeat-20260927/gnmf-arrival-8000000-16-16777216-5-0-2-random-73.log,0,8000,
1,2001,,253,,,,,4,,,,,,/workspace/data_dir/staging-repeat-20260927/gnmf-arrival-8000000-16-16777216-5-0-2-random-73.log,,,2002
,,251415600,,,,,,5,,1020825052,2039345472,,,/workspace/data_dir/staging-repeat-20260927/gnmf-arrival-8000000-16-16777216-5-0-2-random-73.log,,,
,,,,129878264,253,0,X,5,7467.992,,,0,0.000,/workspace/data_dir/staging-repeat-20260927/gnmf-arrival-8000000-16-16777216-5-0-2-random-73.log,0,8000,
,,,,1026032088,2001,0,W,5,4830.261,,,0,0.000,/workspace/data_dir/staging-repeat-20260927/gnmf-arrival-8000000-16-16777216-5-0-2-random-73.log,0,8000,
1,2001,,253,,,,,5,,,,,,/workspace/data_dir/staging-repeat-20260927/gnmf-arrival-8000000-16-16777216-5-0-2-random-73.log,,,2002
,,,,1024320000,1000,164,X,0,1.000,,,12290592,0.193,/workspace/data_dir/staging-repeat-20260927/gnmf-stage50-1000000-16-16777216-5-0-128-chunk-73.log,1000,1000,
,,,,128254088,251,18,W,0,13.534,,,13078032,0.089,/workspace/data_dir/staging-repeat-20260927/gnmf-stage50-1000000-16-16777216-5-0-128-chunk-73.log,1000,1000,
250,251,,1000,,,,,0,,,,,,/workspace/data_dir/staging-repeat-20260927/gnmf-stage50-1000000-16-16777216-5-0-128-chunk-73.log,,,1000
,,2039885688,,,,,,1,,125474550,598180698,,,/workspace/data_dir/staging-repeat-20260927/gnmf-stage50-1000000-16-16777216-5-0-128-chunk-73.log,,,
,,,,1024320000,1000,164,X,1,1.000,,,12290592,0.193,/workspace/data_dir/staging-repeat-20260927/gnmf-stage50-1000000-16-16777216-5-0-128-chunk-73.log,1000,1000,
,,,,128254088,251,16,W,1,13.227,,,13078032,0.119,/workspace/data_dir/staging-repeat-20260927/gnmf-stage50-1000000-16-16777216-5-0-128-chunk-73.log,1000,1000,
251,251,,1000,,,,,1,,,,,,/workspace/data_dir/staging-repeat-20260927/gnmf-stage50-1000000-16-16777216-5-0-128-chunk-73.log,,,1000
,,2032717415,,,,,,2,,125474545,832485208,,,/workspace/data_dir/staging-repeat-20260927/gnmf-stage50-1000000-16-16777216-5-0-128-chunk-73.log,,,
,,,,1024320000,1000,164,X,2,1.000,,,12290592,0.193,/workspace/data_dir/staging-repeat-20260927/gnmf-stage50-1000000-16-16777216-5-0-128-chunk-73.log,1000,1000,
,,,,128254176,252,16,W,2,12.921,,,13078032,0.154,/workspace/data_dir/staging-repeat-20260927/gnmf-stage50-1000000-16-16777216-5-0-128-chunk-73.log,1000,1000,
251,252,,1000,,,,,2,,,,,,/workspace/data_dir/staging-repeat-20260927/gnmf-stage50-1000000-16-16777216-5-0-128-chunk-73.log,,,1000
,,2032717415,,,,,,3,,124962404,817633139,,,/workspace/data_dir/staging-repeat-20260927/gnmf-stage50-1000000-16-16777216-5-0-128-chunk-73.log,,,
,,,,1024320000,1000,164,X,3,1.000,,,12290592,0.193,/workspace/data_dir/staging-repeat-20260927/gnmf-stage50-1000000-16-16777216-5-0-128-chunk-73.log,1000,1000,
,,,,128254088,251,17,W,3,12.940,,,13078032,0.131,/workspace/data_dir/staging-repeat-20260927/gnmf-stage50-1000000-16-16777216-5-0-128-chunk-73.log,1000,1000,
251,251,,1000,,,,,3,,,,,,/workspace/data_dir/staging-repeat-20260927/gnmf-stage50-1000000-16-16777216-5-0-128-chunk-73.log,,,1000
,,2032717415,,,,,,4,,124322234,803037103,,,/workspace/data_dir/staging-repeat-20260927/gnmf-stage50-1000000-16-16777216-5-0-128-chunk-73.log,,,
,,,,1024320000,1000,164,X,4,1.000,,,12290592,0.193,/workspace/data_dir/staging-repeat-20260927/gnmf-stage50-1000000-16-16777216-5-0-128-chunk-73.log,1000,1000,
,,,,128254176,252,16,W,4,12.627,,,13078032,0.144,/workspace/data_dir/staging-repeat-20260927/gnmf-stage50-1000000-16-16777216-5-0-128-chunk-73.log,1000,1000,
250,252,,1000,,,,,4,,,,,,/workspace/data_dir/staging-repeat-20260927/gnmf-stage50-1000000-16-16777216-5-0-128-chunk-73.log,,,1000
,,2032717415,,,,,,5,,126498837,785368246,,,/workspace/data_dir/staging-repeat-20260927/gnmf-stage50-1000000-16-16777216-5-0-128-chunk-73.log,,,
,,,,1024320000,1000,164,X,5,1.000,,,12290592,0.193,/workspace/data_dir/staging-repeat-20260927/gnmf-stage50-1000000-16-16777216-5-0-128-chunk-73.log,1000,1000,
,,,,128254176,252,16,W,5,12.817,,,13078032,0.165,/workspace/data_dir/staging-repeat-20260927/gnmf-stage50-1000000-16-16777216-5-0-128-chunk-73.log,1000,1000,
251,252,,1000,,,,,5,,,,,,/workspace/data_dir/staging-repeat-20260927/gnmf-stage50-1000000-16-16777216-5-0-128-chunk-73.log,,,1000
,,,,1024320000,1000,164,X,0,1.000,,,12290592,0.215,/workspace/data_dir/staging-repeat-20260927/gnmf-stage50-1000000-16-16777216-5-0-128-random-73.log,1000,1000,
,,,,128254176,252,18,W,0,27.202,,,13078032,0.106,/workspace/data_dir/staging-repeat-20260927/gnmf-stage50-1000000-16-16777216-5-0-128-random-73.log,1000,1000,
250,252,,1000,,,,,0,,,,,,/workspace/data_dir/staging-repeat-20260927/gnmf-stage50-1000000-16-16777216-5-0-128-random-73.log,,,1000
,,2039885688,,,,,,1,,125474545,979725758,,,/workspace/data_dir/staging-repeat-20260927/gnmf-stage50-1000000-16-16777216-5-0-128-random-73.log,,,
,,,,1024320000,1000,164,X,1,1.000,,,12290592,0.215,/workspace/data_dir/staging-repeat-20260927/gnmf-stage50-1000000-16-16777216-5-0-128-random-73.log,1000,1000,
,,,,128254176,252,17,W,1,24.052,,,13078032,0.176,/workspace/data_dir/staging-repeat-20260927/gnmf-stage50-1000000-16-16777216-5-0-128-random-73.log,1000,1000,
250,252,,1000,,,,,1,,,,,,/workspace/data_dir/staging-repeat-20260927/gnmf-stage50-1000000-16-16777216-5-0-128-random-73.log,,,1000
,,2033741454,,,,,,2,,124450268,958727977,,,/workspace/data_dir/staging-repeat-20260927/gnmf-stage50-1000000-16-16777216-5-0-128-random-73.log,,,
,,,,1024320000,1000,164,X,2,1.000,,,12290592,0.215,/workspace/data_dir/staging-repeat-20260927/gnmf-stage50-1000000-16-16777216-5-0-128-random-73.log,1000,1000,
,,,,128254264,253,17,W,2,23.059,,,13078032,0.185,/workspace/data_dir/staging-repeat-20260927/gnmf-stage50-1000000-16-16777216-5-0-128-random-73.log,1000,1000,
251,253,,1000,,,,,2,,,,,,/workspace/data_dir/staging-repeat-20260927/gnmf-stage50-1000000-16-16777216-5-0-128-random-73.log,,,1000
,,2033741454,,,,,,3,,124706336,962825125,,,/workspace/data_dir/staging-repeat-20260927/gnmf-stage50-1000000-16-16777216-5-0-128-random-73.log,,,
,,,,1024320000,1000,164,X,3,1.000,,,12290592,0.215,/workspace/data_dir/staging-repeat-20260927/gnmf-stage50-1000000-16-16777216-5-0-128-random-73.log,1000,1000,
,,,,128254176,252,16,W,3,23.810,,,13078032,0.158,/workspace/data_dir/staging-repeat-20260927/gnmf-stage50-1000000-16-16777216-5-0-128-random-73.log,1000,1000,
250,252,,1000,,,,,3,,,,,,/workspace/data_dir/staging-repeat-20260927/gnmf-stage50-1000000-16-16777216-5-0-128-random-73.log,,,1000
,,2032717415,,,,,,4,,125474545,965385810,,,/workspace/data_dir/staging-repeat-20260927/gnmf-stage50-1000000-16-16777216-5-0-128-random-73.log,,,
,,,,1024320000,1000,164,X,4,1.000,,,12290592,0.215,/workspace/data_dir/staging-repeat-20260927/gnmf-stage50-1000000-16-16777216-5-0-128-random-73.log,1000,1000,
,,,,128254088,251,16,W,4,24.024,,,13078032,0.158,/workspace/data_dir/staging-repeat-20260927/gnmf-stage50-1000000-16-16777216-5-0-128-random-73.log,1000,1000,
251,251,,1000,,,,,4,,,,,,/workspace/data_dir/staging-repeat-20260927/gnmf-stage50-1000000-16-16777216-5-0-128-random-73.log,,,1000
,,2031693376,,,,,,5,,126498837,961800818,,,/workspace/data_dir/staging-repeat-20260927/gnmf-stage50-1000000-16-16777216-5-0-128-random-73.log,,,
,,,,1024320000,1000,164,X,5,1.000,,,12290592,0.215,/workspace/data_dir/staging-repeat-20260927/gnmf-stage50-1000000-16-16777216-5-0-128-random-73.log,1000,1000,
,,,,128254176,252,16,W,5,24.806,,,13078032,0.140,/workspace/data_dir/staging-repeat-20260927/gnmf-stage50-1000000-16-16777216-5-0-128-random-73.log,1000,1000,
250,252,,1000,,,,,5,,,,,,/workspace/data_dir/staging-repeat-20260927/gnmf-stage50-1000000-16-16777216-5-0-128-random-73.log,,,1000
,,,,129878176,252,18,X,0,121.409,,,13102528,2.710,/workspace/data_dir/staging-repeat-20260927/gnmf-stage50-8000000-16-16777216-5-0-2-chunk-73.log,8000,8000,
,,,,1026032088,2001,153,W,0,13.499,,,13078032,1.600,/workspace/data_dir/staging-repeat-20260927/gnmf-stage50-8000000-16-16777216-5-0-2-chunk-73.log,8000,8000,
462,2001,,252,,,,,0,,,,,,/workspace/data_dir/staging-repeat-20260927/gnmf-stage50-8000000-16-16777216-5-0-2-chunk-73.log,,,2486
,,253981055,,,,,,1,,1022233441,2387089211,,,/workspace/data_dir/staging-repeat-20260927/gnmf-stage50-8000000-16-16777216-5-0-2-chunk-73.log,,,
,,,,129878176,252,18,X,1,121.409,,,13102528,2.710,/workspace/data_dir/staging-repeat-20260927/gnmf-stage50-8000000-16-16777216-5-0-2-chunk-73.log,8000,8000,
,,,,1026032088,2001,153,W,1,37.015,,,13078032,1.962,/workspace/data_dir/staging-repeat-20260927/gnmf-stage50-8000000-16-16777216-5-0-2-chunk-73.log,8000,8000,
233,2001,,252,,,,,1,,,,,,/workspace/data_dir/staging-repeat-20260927/gnmf-stage50-8000000-16-16777216-5-0-2-chunk-73.log,,,2246
,,250902497,,,,,,2,,1022105407,2263919303,,,/workspace/data_dir/staging-repeat-20260927/gnmf-stage50-8000000-16-16777216-5-0-2-chunk-73.log,,,
,,,,129878176,252,18,X,2,121.409,,,13102528,2.710,/workspace/data_dir/staging-repeat-20260927/gnmf-stage50-8000000-16-16777216-5-0-2-chunk-73.log,8000,8000,
,,,,1026032176,2002,152,W,2,35.601,,,13078032,1.432,/workspace/data_dir/staging-repeat-20260927/gnmf-stage50-8000000-16-16777216-5-0-2-chunk-73.log,8000,8000,
210,2002,,252,,,,,2,,,,,,/workspace/data_dir/staging-repeat-20260927/gnmf-stage50-8000000-16-16777216-5-0-2-chunk-73.log,,,2221
,,251415590,,,,,,3,,1022105407,2241641177,,,/workspace/data_dir/staging-repeat-20260927/gnmf-stage50-8000000-16-16777216-5-0-2-chunk-73.log,,,
,,,,129878176,252,18,X,3,121.409,,,13102528,2.710,/workspace/data_dir/staging-repeat-20260927/gnmf-stage50-8000000-16-16777216-5-0-2-chunk-73.log,8000,8000,
,,,,1026032176,2002,151,W,3,31.936,,,13078032,1.237,/workspace/data_dir/staging-repeat-20260927/gnmf-stage50-8000000-16-16777216-5-0-2-chunk-73.log,8000,8000,
202,2002,,252,,,,,3,,,,,,/workspace/data_dir/staging-repeat-20260927/gnmf-stage50-8000000-16-16777216-5-0-2-chunk-73.log,,,2215
,,251928683,,,,,,4,,1021209154,2223204101,,,/workspace/data_dir/staging-repeat-20260927/gnmf-stage50-8000000-16-16777216-5-0-2-chunk-73.log,,,
,,,,129878176,252,18,X,4,121.409,,,13102528,2.710,/workspace/data_dir/staging-repeat-20260927/gnmf-stage50-8000000-16-16777216-5-0-2-chunk-73.log,8000,8000,
,,,,1026032088,2001,152,W,4,32.469,,,13078032,1.368,/workspace/data_dir/staging-repeat-20260927/gnmf-stage50-8000000-16-16777216-5-0-2-chunk-73.log,8000,8000,
193,2001,,252,,,,,4,,,,,,/workspace/data_dir/staging-repeat-20260927/gnmf-stage50-8000000-16-16777216-5-0-2-chunk-73.log,,,2207
,,250389404,,,,,,5,,1021849334,2229349783,,,/workspace/data_dir/staging-repeat-20260927/gnmf-stage50-8000000-16-16777216-5-0-2-chunk-73.log,,,
,,,,129878176,252,18,X,5,121.409,,,13102528,2.710,/workspace/data_dir/staging-repeat-20260927/gnmf-stage50-8000000-16-16777216-5-0-2-chunk-73.log,8000,8000,
,,,,1026032176,2002,153,W,5,33.116,,,13078032,1.266,/workspace/data_dir/staging-repeat-20260927/gnmf-stage50-8000000-16-16777216-5-0-2-chunk-73.log,8000,8000,
214,2002,,252,,,,,5,,,,,,/workspace/data_dir/staging-repeat-20260927/gnmf-stage50-8000000-16-16777216-5-0-2-chunk-73.log,,,2228
,,,,129878264,253,18,X,0,279.237,,,13102528,0.794,/workspace/data_dir/staging-repeat-20260927/gnmf-stage50-8000000-16-16777216-5-0-2-random-73.log,8000,8000,
,,,,1026032880,2010,152,W,0,147.477,,,13078032,1.002,/workspace/data_dir/staging-repeat-20260927/gnmf-stage50-8000000-16-16777216-5-0-2-random-73.log,8000,8000,
2002,2010,,253,,,,,0,,,,,,/workspace/data_dir/staging-repeat-20260927/gnmf-stage50-8000000-16-16777216-5-0-2-random-73.log,,,7082
,,253981065,,,,,,1,,1020697038,6801488698,,,/workspace/data_dir/staging-repeat-20260927/gnmf-stage50-8000000-16-16777216-5-0-2-random-73.log,,,
,,,,129878264,253,18,X,1,279.237,,,13102528,0.794,/workspace/data_dir/staging-repeat-20260927/gnmf-stage50-8000000-16-16777216-5-0-2-random-73.log,8000,8000,
,,,,1026032528,2006,152,W,1,44.714,,,13078032,1.524,/workspace/data_dir/staging-repeat-20260927/gnmf-stage50-8000000-16-16777216-5-0-2-random-73.log,8000,8000,
336,2006,,253,,,,,1,,,,,,/workspace/data_dir/staging-repeat-20260927/gnmf-stage50-8000000-16-16777216-5-0-2-random-73.log,,,2350
,,251415600,,,,,,2,,1022489529,2361482216,,,/workspace/data_dir/staging-repeat-20260927/gnmf-stage50-8000000-16-16777216-5-0-2-random-73.log,,,
,,,,129878264,253,18,X,2,279.237,,,13102528,0.794,/workspace/data_dir/staging-repeat-20260927/gnmf-stage50-8000000-16-16777216-5-0-2-random-73.log,8000,8000,
,,,,1026032440,2005,152,W,2,45.735,,,13078032,1.531,/workspace/data_dir/staging-repeat-20260927/gnmf-stage50-8000000-16-16777216-5-0-2-random-73.log,8000,8000,
375,2005,,253,,,,,2,,,,,,/workspace/data_dir/staging-repeat-20260927/gnmf-stage50-8000000-16-16777216-5-0-2-random-73.log,,,2394
,,251415600,,,,,,3,,1022617568,2409111314,,,/workspace/data_dir/staging-repeat-20260927/gnmf-stage50-8000000-16-16777216-5-0-2-random-73.log,,,
,,,,129878264,253,18,X,3,279.237,,,13102528,0.794,/workspace/data_dir/staging-repeat-20260927/gnmf-stage50-8000000-16-16777216-5-0-2-random-73.log,8000,8000,
,,,,1026032528,2006,152,W,3,40.670,,,13078032,1.407,/workspace/data_dir/staging-repeat-20260927/gnmf-stage50-8000000-16-16777216-5-0-2-random-73.log,8000,8000,
333,2006,,253,,,,,3,,,,,,/workspace/data_dir/staging-repeat-20260927/gnmf-stage50-8000000-16-16777216-5-0-2-random-73.log,,,2349
,,251415600,,,,,,4,,1021721310,2361994352,,,/workspace/data_dir/staging-repeat-20260927/gnmf-stage50-8000000-16-16777216-5-0-2-random-73.log,,,
,,,,129878264,253,18,X,4,279.237,,,13102528,0.794,/workspace/data_dir/staging-repeat-20260927/gnmf-stage50-8000000-16-16777216-5-0-2-random-73.log,8000,8000,
,,,,1026032264,2003,151,W,4,46.073,,,13078032,1.384,/workspace/data_dir/staging-repeat-20260927/gnmf-stage50-8000000-16-16777216-5-0-2-random-73.log,8000,8000,
351,2003,,253,,,,,4,,,,,,/workspace/data_dir/staging-repeat-20260927/gnmf-stage50-8000000-16-16777216-5-0-2-random-73.log,,,2371
,,251415600,,,,,,5,,1020440960,2390162077,,,/workspace/data_dir/staging-repeat-20260927/gnmf-stage50-8000000-16-16777216-5-0-2-random-73.log,,,
,,,,129878264,253,18,X,5,279.237,,,13102528,0.794,/workspace/data_dir/staging-repeat-20260927/gnmf-stage50-8000000-16-16777216-5-0-2-random-73.log,8000,8000,
,,,,1026032440,2005,152,W,5,44.013,,,13078032,1.398,/workspace/data_dir/staging-repeat-20260927/gnmf-stage50-8000000-16-16777216-5-0-2-random-73.log,8000,8000,
367,2005,,253,,,,,5,,,,,,/workspace/data_dir/staging-repeat-20260927/gnmf-stage50-8000000-16-16777216-5-0-2-random-73.log,,,2386
,,,,129878264,253,0,X,0,138.451,,,0,0.000,/workspace/data_dir/staging-repeat-20260927/kmeans-arrival-8000000-32-16777216-5-0-2-chunk-73.log,0,8000,
,,128273265,,,,,,1,,0,0,,,/workspace/data_dir/staging-repeat-20260927/kmeans-arrival-8000000-32-16777216-5-0-2-chunk-73.log,,,
,,,,129878264,253,0,X,1,138.451,,,0,0.000,/workspace/data_dir/staging-repeat-20260927/kmeans-arrival-8000000-32-16777216-5-0-2-chunk-73.log,0,8000,
,,115959033,,,,,,2,,0,0,,,/workspace/data_dir/staging-repeat-20260927/kmeans-arrival-8000000-32-16777216-5-0-2-chunk-73.log,,,
,,,,129878264,253,0,X,2,138.451,,,0,0.000,/workspace/data_dir/staging-repeat-20260927/kmeans-arrival-8000000-32-16777216-5-0-2-chunk-73.log,0,8000,
,,115959033,,,,,,3,,0,0,,,/workspace/data_dir/staging-repeat-20260927/kmeans-arrival-8000000-32-16777216-5-0-2-chunk-73.log,,,
,,,,129878264,253,0,X,3,138.451,,,0,0.000,/workspace/data_dir/staging-repeat-20260927/kmeans-arrival-8000000-32-16777216-5-0-2-chunk-73.log,0,8000,
,,115959033,,,,,,4,,0,0,,,/workspace/data_dir/staging-repeat-20260927/kmeans-arrival-8000000-32-16777216-5-0-2-chunk-73.log,,,
,,,,129878264,253,0,X,4,138.451,,,0,0.000,/workspace/data_dir/staging-repeat-20260927/kmeans-arrival-8000000-32-16777216-5-0-2-chunk-73.log,0,8000,
,,116472126,,,,,,5,,0,0,,,/workspace/data_dir/staging-repeat-20260927/kmeans-arrival-8000000-32-16777216-5-0-2-chunk-73.log,,,
,,,,129878264,253,0,X,5,138.451,,,0,0.000,/workspace/data_dir/staging-repeat-20260927/kmeans-arrival-8000000-32-16777216-5-0-2-chunk-73.log,0,8000,
,,,,129878176,252,0,X,0,7484.897,,,0,0.000,/workspace/data_dir/staging-repeat-20260927/kmeans-arrival-8000000-32-16777216-5-0-2-random-73.log,0,8000,
,,128273260,,,,,,1,,0,0,,,/workspace/data_dir/staging-repeat-20260927/kmeans-arrival-8000000-32-16777216-5-0-2-random-73.log,,,
,,,,129878176,252,0,X,1,7484.897,,,0,0.000,/workspace/data_dir/staging-repeat-20260927/kmeans-arrival-8000000-32-16777216-5-0-2-random-73.log,0,8000,
,,115959028,,,,,,2,,0,0,,,/workspace/data_dir/staging-repeat-20260927/kmeans-arrival-8000000-32-16777216-5-0-2-random-73.log,,,
,,,,129878176,252,0,X,2,7484.897,,,0,0.000,/workspace/data_dir/staging-repeat-20260927/kmeans-arrival-8000000-32-16777216-5-0-2-random-73.log,0,8000,
,,115959028,,,,,,3,,0,0,,,/workspace/data_dir/staging-repeat-20260927/kmeans-arrival-8000000-32-16777216-5-0-2-random-73.log,,,
,,,,129878176,252,0,X,3,7484.897,,,0,0.000,/workspace/data_dir/staging-repeat-20260927/kmeans-arrival-8000000-32-16777216-5-0-2-random-73.log,0,8000,
,,115959028,,,,,,4,,0,0,,,/workspace/data_dir/staging-repeat-20260927/kmeans-arrival-8000000-32-16777216-5-0-2-random-73.log,,,
,,,,129878176,252,0,X,4,7484.897,,,0,0.000,/workspace/data_dir/staging-repeat-20260927/kmeans-arrival-8000000-32-16777216-5-0-2-random-73.log,0,8000,
,,116472121,,,,,,5,,0,0,,,/workspace/data_dir/staging-repeat-20260927/kmeans-arrival-8000000-32-16777216-5-0-2-random-73.log,,,
,,,,129878176,252,0,X,5,7484.897,,,0,0.000,/workspace/data_dir/staging-repeat-20260927/kmeans-arrival-8000000-32-16777216-5-0-2-random-73.log,0,8000,
,,,,129878176,252,18,X,0,124.683,,,13102528,0.468,/workspace/data_dir/staging-repeat-20260927/kmeans-stage50-8000000-32-16777216-5-0-2-chunk-73.log,8000,8000,
,,128273260,,,,,,1,,0,0,,,/workspace/data_dir/staging-repeat-20260927/kmeans-stage50-8000000-32-16777216-5-0-2-chunk-73.log,,,
,,,,129878176,252,18,X,1,124.683,,,13102528,0.468,/workspace/data_dir/staging-repeat-20260927/kmeans-stage50-8000000-32-16777216-5-0-2-chunk-73.log,8000,8000,
,,116985214,,,,,,2,,0,0,,,/workspace/data_dir/staging-repeat-20260927/kmeans-stage50-8000000-32-16777216-5-0-2-chunk-73.log,,,
,,,,129878176,252,18,X,2,124.683,,,13102528,0.468,/workspace/data_dir/staging-repeat-20260927/kmeans-stage50-8000000-32-16777216-5-0-2-chunk-73.log,8000,8000,
,,116472121,,,,,,3,,0,0,,,/workspace/data_dir/staging-repeat-20260927/kmeans-stage50-8000000-32-16777216-5-0-2-chunk-73.log,,,
,,,,129878176,252,18,X,3,124.683,,,13102528,0.468,/workspace/data_dir/staging-repeat-20260927/kmeans-stage50-8000000-32-16777216-5-0-2-chunk-73.log,8000,8000,
,,115959028,,,,,,4,,0,0,,,/workspace/data_dir/staging-repeat-20260927/kmeans-stage50-8000000-32-16777216-5-0-2-chunk-73.log,,,
,,,,129878176,252,18,X,4,124.683,,,13102528,0.468,/workspace/data_dir/staging-repeat-20260927/kmeans-stage50-8000000-32-16777216-5-0-2-chunk-73.log,8000,8000,
,,116472121,,,,,,5,,0,0,,,/workspace/data_dir/staging-repeat-20260927/kmeans-stage50-8000000-32-16777216-5-0-2-chunk-73.log,,,
,,,,129878176,252,18,X,5,124.683,,,13102528,0.468,/workspace/data_dir/staging-repeat-20260927/kmeans-stage50-8000000-32-16777216-5-0-2-chunk-73.log,8000,8000,
,,,,129878264,253,18,X,0,287.419,,,13102528,0.799,/workspace/data_dir/staging-repeat-20260927/kmeans-stage50-8000000-32-16777216-5-0-2-random-73.log,8000,8000,
,,128273265,,,,,,1,,0,0,,,/workspace/data_dir/staging-repeat-20260927/kmeans-stage50-8000000-32-16777216-5-0-2-random-73.log,,,
,,,,129878264,253,18,X,1,287.419,,,13102528,0.799,/workspace/data_dir/staging-repeat-20260927/kmeans-stage50-8000000-32-16777216-5-0-2-random-73.log,8000,8000,
,,115959033,,,,,,2,,0,0,,,/workspace/data_dir/staging-repeat-20260927/kmeans-stage50-8000000-32-16777216-5-0-2-random-73.log,,,
,,,,129878264,253,18,X,2,287.419,,,13102528,0.799,/workspace/data_dir/staging-repeat-20260927/kmeans-stage50-8000000-32-16777216-5-0-2-random-73.log,8000,8000,
,,116472126,,,,,,3,,0,0,,,/workspace/data_dir/staging-repeat-20260927/kmeans-stage50-8000000-32-16777216-5-0-2-random-73.log,,,
,,,,129878264,253,18,X,3,287.419,,,13102528,0.799,/workspace/data_dir/staging-repeat-20260927/kmeans-stage50-8000000-32-16777216-5-0-2-random-73.log,8000,8000,
,,115959033,,,,,,4,,0,0,,,/workspace/data_dir/staging-repeat-20260927/kmeans-stage50-8000000-32-16777216-5-0-2-random-73.log,,,
,,,,129878264,253,18,X,4,287.419,,,13102528,0.799,/workspace/data_dir/staging-repeat-20260927/kmeans-stage50-8000000-32-16777216-5-0-2-random-73.log,8000,8000,
,,115959033,,,,,,5,,0,0,,,/workspace/data_dir/staging-repeat-20260927/kmeans-stage50-8000000-32-16777216-5-0-2-random-73.log,,,
,,,,129878264,253,18,X,5,287.419,,,13102528,0.799,/workspace/data_dir/staging-repeat-20260927/kmeans-stage50-8000000-32-16777216-5-0-2-random-73.log,8000,8000,
,,,,519512176,1002,0,X,0,139.746,,,0,0.000,/workspace/data_dir/staging-repeat-20260927/lmcg-arrival-32000000-1-16777216-5-0-2-chunk-73.log,0,32000,
,,513093010,,,,,,1,,0,0,,,/workspace/data_dir/staging-repeat-20260927/lmcg-arrival-32000000-1-16777216-5-0-2-chunk-73.log,,,
,,,,519512176,1002,0,X,1,139.746,,,0,0.000,/workspace/data_dir/staging-repeat-20260927/lmcg-arrival-32000000-1-16777216-5-0-2-chunk-73.log,0,32000,
,,501804964,,,,,,2,,0,0,,,/workspace/data_dir/staging-repeat-20260927/lmcg-arrival-32000000-1-16777216-5-0-2-chunk-73.log,,,
,,,,519512176,1002,0,X,2,139.746,,,0,0.000,/workspace/data_dir/staging-repeat-20260927/lmcg-arrival-32000000-1-16777216-5-0-2-chunk-73.log,0,32000,
,,502831150,,,,,,3,,0,0,,,/workspace/data_dir/staging-repeat-20260927/lmcg-arrival-32000000-1-16777216-5-0-2-chunk-73.log,,,
,,,,519512176,1002,0,X,3,139.746,,,0,0.000,/workspace/data_dir/staging-repeat-20260927/lmcg-arrival-32000000-1-16777216-5-0-2-chunk-73.log,0,32000,
,,501804964,,,,,,4,,0,0,,,/workspace/data_dir/staging-repeat-20260927/lmcg-arrival-32000000-1-16777216-5-0-2-chunk-73.log,,,
,,,,519512176,1002,0,X,4,139.746,,,0,0.000,/workspace/data_dir/staging-repeat-20260927/lmcg-arrival-32000000-1-16777216-5-0-2-chunk-73.log,0,32000,
,,501804964,,,,,,5,,0,0,,,/workspace/data_dir/staging-repeat-20260927/lmcg-arrival-32000000-1-16777216-5-0-2-chunk-73.log,,,
,,,,519512176,1002,0,X,5,139.746,,,0,0.000,/workspace/data_dir/staging-repeat-20260927/lmcg-arrival-32000000-1-16777216-5-0-2-chunk-73.log,0,32000,
,,,,519512264,1003,0,X,0,29997.301,,,0,0.000,/workspace/data_dir/staging-repeat-20260927/lmcg-arrival-32000000-1-16777216-5-0-2-random-73.log,0,32000,
,,513093015,,,,,,1,,0,0,,,/workspace/data_dir/staging-repeat-20260927/lmcg-arrival-32000000-1-16777216-5-0-2-random-73.log,,,
,,,,519512264,1003,0,X,1,29997.301,,,0,0.000,/workspace/data_dir/staging-repeat-20260927/lmcg-arrival-32000000-1-16777216-5-0-2-random-73.log,0,32000,
,,501804969,,,,,,2,,0,0,,,/workspace/data_dir/staging-repeat-20260927/lmcg-arrival-32000000-1-16777216-5-0-2-random-73.log,,,
,,,,519512264,1003,0,X,2,29997.301,,,0,0.000,/workspace/data_dir/staging-repeat-20260927/lmcg-arrival-32000000-1-16777216-5-0-2-random-73.log,0,32000,
,,501804969,,,,,,3,,0,0,,,/workspace/data_dir/staging-repeat-20260927/lmcg-arrival-32000000-1-16777216-5-0-2-random-73.log,,,
,,,,519512264,1003,0,X,3,29997.301,,,0,0.000,/workspace/data_dir/staging-repeat-20260927/lmcg-arrival-32000000-1-16777216-5-0-2-random-73.log,0,32000,
,,501804969,,,,,,4,,0,0,,,/workspace/data_dir/staging-repeat-20260927/lmcg-arrival-32000000-1-16777216-5-0-2-random-73.log,,,
,,,,519512264,1003,0,X,4,29997.301,,,0,0.000,/workspace/data_dir/staging-repeat-20260927/lmcg-arrival-32000000-1-16777216-5-0-2-random-73.log,0,32000,
,,501804969,,,,,,5,,0,0,,,/workspace/data_dir/staging-repeat-20260927/lmcg-arrival-32000000-1-16777216-5-0-2-random-73.log,,,
,,,,519512264,1003,0,X,5,29997.301,,,0,0.000,/workspace/data_dir/staging-repeat-20260927/lmcg-arrival-32000000-1-16777216-5-0-2-random-73.log,0,32000,
,,,,519512176,1002,76,X,0,125.401,,,13102528,2.149,/workspace/data_dir/staging-repeat-20260927/lmcg-stage50-32000000-1-16777216-5-0-2-chunk-73.log,32000,32000,
,,513093010,,,,,,1,,0,0,,,/workspace/data_dir/staging-repeat-20260927/lmcg-stage50-32000000-1-16777216-5-0-2-chunk-73.log,,,
,,,,519512176,1002,76,X,1,125.401,,,13102528,2.149,/workspace/data_dir/staging-repeat-20260927/lmcg-stage50-32000000-1-16777216-5-0-2-chunk-73.log,32000,32000,
,,501804964,,,,,,2,,0,0,,,/workspace/data_dir/staging-repeat-20260927/lmcg-stage50-32000000-1-16777216-5-0-2-chunk-73.log,,,
,,,,519512176,1002,76,X,2,125.401,,,13102528,2.149,/workspace/data_dir/staging-repeat-20260927/lmcg-stage50-32000000-1-16777216-5-0-2-chunk-73.log,32000,32000,
,,501804964,,,,,,3,,0,0,,,/workspace/data_dir/staging-repeat-20260927/lmcg-stage50-32000000-1-16777216-5-0-2-chunk-73.log,,,
,,,,519512176,1002,76,X,3,125.401,,,13102528,2.149,/workspace/data_dir/staging-repeat-20260927/lmcg-stage50-32000000-1-16777216-5-0-2-chunk-73.log,32000,32000,
,,501804964,,,,,,4,,0,0,,,/workspace/data_dir/staging-repeat-20260927/lmcg-stage50-32000000-1-16777216-5-0-2-chunk-73.log,,,
,,,,519512176,1002,76,X,4,125.401,,,13102528,2.149,/workspace/data_dir/staging-repeat-20260927/lmcg-stage50-32000000-1-16777216-5-0-2-chunk-73.log,32000,32000,
,,501804964,,,,,,5,,0,0,,,/workspace/data_dir/staging-repeat-20260927/lmcg-stage50-32000000-1-16777216-5-0-2-chunk-73.log,,,
,,,,519512176,1002,76,X,5,125.401,,,13102528,2.149,/workspace/data_dir/staging-repeat-20260927/lmcg-stage50-32000000-1-16777216-5-0-2-chunk-73.log,32000,32000,
,,,,519512968,1011,76,X,0,976.928,,,13102528,3.414,/workspace/data_dir/staging-repeat-20260927/lmcg-stage50-32000000-1-16777216-5-0-2-random-73.log,32000,32000,
,,513093055,,,,,,1,,0,0,,,/workspace/data_dir/staging-repeat-20260927/lmcg-stage50-32000000-1-16777216-5-0-2-random-73.log,,,
,,,,519512968,1011,76,X,1,976.928,,,13102528,3.414,/workspace/data_dir/staging-repeat-20260927/lmcg-stage50-32000000-1-16777216-5-0-2-random-73.log,32000,32000,
,,501805009,,,,,,2,,0,0,,,/workspace/data_dir/staging-repeat-20260927/lmcg-stage50-32000000-1-16777216-5-0-2-random-73.log,,,
,,,,519512968,1011,76,X,2,976.928,,,13102528,3.414,/workspace/data_dir/staging-repeat-20260927/lmcg-stage50-32000000-1-16777216-5-0-2-random-73.log,32000,32000,
,,501805009,,,,,,3,,0,0,,,/workspace/data_dir/staging-repeat-20260927/lmcg-stage50-32000000-1-16777216-5-0-2-random-73.log,,,
,,,,519512968,1011,76,X,3,976.928,,,13102528,3.414,/workspace/data_dir/staging-repeat-20260927/lmcg-stage50-32000000-1-16777216-5-0-2-random-73.log,32000,32000,
,,501805009,,,,,,4,,0,0,,,/workspace/data_dir/staging-repeat-20260927/lmcg-stage50-32000000-1-16777216-5-0-2-random-73.log,,,
,,,,519512968,1011,76,X,4,976.928,,,13102528,3.414,/workspace/data_dir/staging-repeat-20260927/lmcg-stage50-32000000-1-16777216-5-0-2-random-73.log,32000,32000,
,,501805009,,,,,,5,,0,0,,,/workspace/data_dir/staging-repeat-20260927/lmcg-stage50-32000000-1-16777216-5-0-2-random-73.log,,,
,,,,519512968,1011,76,X,5,976.928,,,13102528,3.414,/workspace/data_dir/staging-repeat-20260927/lmcg-stage50-32000000-1-16777216-5-0-2-random-73.log,32000,32000,
,,,,129878176,252,0,X,0,7512.091,,,0,0.000,/workspace/data_dir/staging-large-20260927/gnmf-arrival-8000000-64-16777216-5-0-2-random-73.log,0,8000,
,,,,4098560000,8000,0,W,0,1.000,,,0,0.000,/workspace/data_dir/staging-large-20260927/gnmf-arrival-8000000-64-16777216-5-0-2-random-73.log,0,8000,
0,8000,,252,,,,,0,,,,,,/workspace/data_dir/staging-large-20260927/gnmf-arrival-8000000-64-16777216-5-0-2-random-73.log,,,8000
,,255007241,,,,,,1,,4095287922,8185967493,,,/workspace/data_dir/staging-large-20260927/gnmf-arrival-8000000-64-16777216-5-0-2-random-73.log,,,
,,,,129878176,252,0,X,1,7512.091,,,0,0.000,/workspace/data_dir/staging-large-20260927/gnmf-arrival-8000000-64-16777216-5-0-2-random-73.log,0,8000,
,,,,4098560000,8000,0,W,1,1.000,,,0,0.000,/workspace/data_dir/staging-large-20260927/gnmf-arrival-8000000-64-16777216-5-0-2-random-73.log,0,8000,
0,8000,,252,,,,,1,,,,,,/workspace/data_dir/staging-large-20260927/gnmf-arrival-8000000-64-16777216-5-0-2-random-73.log,,,8000
,,253981055,,,,,,2,,4093239766,8184943415,,,/workspace/data_dir/staging-large-20260927/gnmf-arrival-8000000-64-16777216-5-0-2-random-73.log,,,
,,,,129878176,252,0,X,2,7512.091,,,0,0.000,/workspace/data_dir/staging-large-20260927/gnmf-arrival-8000000-64-16777216-5-0-2-random-73.log,0,8000,
,,,,4098560000,8000,0,W,2,1.000,,,0,0.000,/workspace/data_dir/staging-large-20260927/gnmf-arrival-8000000-64-16777216-5-0-2-random-73.log,0,8000,
0,8000,,252,,,,,2,,,,,,/workspace/data_dir/staging-large-20260927/gnmf-arrival-8000000-64-16777216-5-0-2-random-73.log,,,8000
,,253981055,,,,,,3,,4094263844,8182383220,,,/workspace/data_dir/staging-large-20260927/gnmf-arrival-8000000-64-16777216-5-0-2-random-73.log,,,
,,,,129878176,252,0,X,3,7512.091,,,0,0.000,/workspace/data_dir/staging-large-20260927/gnmf-arrival-8000000-64-16777216-5-0-2-random-73.log,0,8000,
,,,,4098560000,8000,0,W,3,1.000,,,0,0.000,/workspace/data_dir/staging-large-20260927/gnmf-arrival-8000000-64-16777216-5-0-2-random-73.log,0,8000,
0,8000,,252,,,,,3,,,,,,/workspace/data_dir/staging-large-20260927/gnmf-arrival-8000000-64-16777216-5-0-2-random-73.log,,,8000
,,253981055,,,,,,4,,4092215688,8183407298,,,/workspace/data_dir/staging-large-20260927/gnmf-arrival-8000000-64-16777216-5-0-2-random-73.log,,,
,,,,129878176,252,0,X,4,7512.091,,,0,0.000,/workspace/data_dir/staging-large-20260927/gnmf-arrival-8000000-64-16777216-5-0-2-random-73.log,0,8000,
,,,,4098560000,8000,0,W,4,1.000,,,0,0.000,/workspace/data_dir/staging-large-20260927/gnmf-arrival-8000000-64-16777216-5-0-2-random-73.log,0,8000,
0,8000,,252,,,,,4,,,,,,/workspace/data_dir/staging-large-20260927/gnmf-arrival-8000000-64-16777216-5-0-2-random-73.log,,,8000
,,253467962,,,,,,5,,4093751805,8183407298,,,/workspace/data_dir/staging-large-20260927/gnmf-arrival-8000000-64-16777216-5-0-2-random-73.log,,,
,,,,129878176,252,0,X,5,7512.091,,,0,0.000,/workspace/data_dir/staging-large-20260927/gnmf-arrival-8000000-64-16777216-5-0-2-random-73.log,0,8000,
,,,,4098560000,8000,0,W,5,1.000,,,0,0.000,/workspace/data_dir/staging-large-20260927/gnmf-arrival-8000000-64-16777216-5-0-2-random-73.log,0,8000,
0,8000,,252,,,,,5,,,,,,/workspace/data_dir/staging-large-20260927/gnmf-arrival-8000000-64-16777216-5-0-2-random-73.log,,,8000
,,,,129878088,251,18,X,0,295.566,,,13102528,0.792,/workspace/data_dir/staging-large-20260927/gnmf-stage50-8000000-64-16777216-5-0-2-random-73.log,8000,8000,
,,,,4098560000,8000,613,W,0,1.000,,,12805400,1.183,/workspace/data_dir/staging-large-20260927/gnmf-stage50-8000000-64-16777216-5-0-2-random-73.log,8000,8000,
0,8000,,251,,,,,0,,,,,,/workspace/data_dir/staging-large-20260927/gnmf-stage50-8000000-64-16777216-5-0-2-random-73.log,,,8000
,,255007231,,,,,,1,,4094263844,8185967493,,,/workspace/data_dir/staging-large-20260927/gnmf-stage50-8000000-64-16777216-5-0-2-random-73.log,,,
,,,,129878088,251,18,X,1,295.566,,,13102528,0.792,/workspace/data_dir/staging-large-20260927/gnmf-stage50-8000000-64-16777216-5-0-2-random-73.log,8000,8000,
,,,,4098560000,8000,614,W,1,1.000,,,12805400,1.647,/workspace/data_dir/staging-large-20260927/gnmf-stage50-8000000-64-16777216-5-0-2-random-73.log,8000,8000,
0,8000,,251,,,,,1,,,,,,/workspace/data_dir/staging-large-20260927/gnmf-stage50-8000000-64-16777216-5-0-2-random-73.log,,,8000
,,254494138,,,,,,2,,4092727727,8183407298,,,/workspace/data_dir/staging-large-20260927/gnmf-stage50-8000000-64-16777216-5-0-2-random-73.log,,,
,,,,129878088,251,18,X,2,295.566,,,13102528,0.792,/workspace/data_dir/staging-large-20260927/gnmf-stage50-8000000-64-16777216-5-0-2-random-73.log,8000,8000,
,,,,4098560000,8000,613,W,2,1.000,,,12805400,1.671,/workspace/data_dir/staging-large-20260927/gnmf-stage50-8000000-64-16777216-5-0-2-random-73.log,8000,8000,
0,8000,,251,,,,,2,,,,,,/workspace/data_dir/staging-large-20260927/gnmf-stage50-8000000-64-16777216-5-0-2-random-73.log,,,8000
,,255007231,,,,,,3,,4093239766,8181359142,,,/workspace/data_dir/staging-large-20260927/gnmf-stage50-8000000-64-16777216-5-0-2-random-73.log,,,
,,,,129878088,251,18,X,3,295.566,,,13102528,0.792,/workspace/data_dir/staging-large-20260927/gnmf-stage50-8000000-64-16777216-5-0-2-random-73.log,8000,8000,
,,,,4098560000,8000,613,W,3,1.000,,,12805400,1.789,/workspace/data_dir/staging-large-20260927/gnmf-stage50-8000000-64-16777216-5-0-2-random-73.log,8000,8000,
0,8000,,251,,,,,3,,,,,,/workspace/data_dir/staging-large-20260927/gnmf-stage50-8000000-64-16777216-5-0-2-random-73.log,,,8000
,,253981045,,,,,,4,,4090679571,8184943415,,,/workspace/data_dir/staging-large-20260927/gnmf-stage50-8000000-64-16777216-5-0-2-random-73.log,,,
,,,,129878088,251,18,X,4,295.566,,,13102528,0.792,/workspace/data_dir/staging-large-20260927/gnmf-stage50-8000000-64-16777216-5-0-2-random-73.log,8000,8000,
,,,,4098560000,8000,614,W,4,1.000,,,12805400,1.870,/workspace/data_dir/staging-large-20260927/gnmf-stage50-8000000-64-16777216-5-0-2-random-73.log,8000,8000,
0,8000,,251,,,,,4,,,,,,/workspace/data_dir/staging-large-20260927/gnmf-stage50-8000000-64-16777216-5-0-2-random-73.log,,,8000
,,254494138,,,,,,5,,4092727727,8182895259,,,/workspace/data_dir/staging-large-20260927/gnmf-stage50-8000000-64-16777216-5-0-2-random-73.log,,,
,,,,129878088,251,18,X,5,295.566,,,13102528,0.792,/workspace/data_dir/staging-large-20260927/gnmf-stage50-8000000-64-16777216-5-0-2-random-73.log,8000,8000,
,,,,4098560000,8000,614,W,5,1.000,,,12805400,1.680,/workspace/data_dir/staging-large-20260927/gnmf-stage50-8000000-64-16777216-5-0-2-random-73.log,8000,8000,
0,8000,,251,,,,,5,,,,,,/workspace/data_dir/staging-large-20260927/gnmf-stage50-8000000-64-16777216-5-0-2-random-73.log,,,8000
,,,,2108096176,8002,0,X,0,240545.416,,,0,0.000,/workspace/data_dir/staging-large-20260927/lmcg-arrival-256000000-1-16777216-5-0-1-random-73.log,0,256000,
,,2056744010,,,,,,1,,0,0,,,/workspace/data_dir/staging-large-20260927/lmcg-arrival-256000000-1-16777216-5-0-1-random-73.log,,,
,,,,2108096176,8002,0,X,1,240545.416,,,0,0.000,/workspace/data_dir/staging-large-20260927/lmcg-arrival-256000000-1-16777216-5-0-1-random-73.log,0,256000,
,,2046203197,,,,,,2,,0,0,,,/workspace/data_dir/staging-large-20260927/lmcg-arrival-256000000-1-16777216-5-0-1-random-73.log,,,
,,,,2108096176,8002,0,X,2,240545.416,,,0,0.000,/workspace/data_dir/staging-large-20260927/lmcg-arrival-256000000-1-16777216-5-0-1-random-73.log,0,256000,
,,2046203197,,,,,,3,,0,0,,,/workspace/data_dir/staging-large-20260927/lmcg-arrival-256000000-1-16777216-5-0-1-random-73.log,,,
,,,,2108096176,8002,0,X,3,240545.416,,,0,0.000,/workspace/data_dir/staging-large-20260927/lmcg-arrival-256000000-1-16777216-5-0-1-random-73.log,0,256000,
,,2046203197,,,,,,4,,0,0,,,/workspace/data_dir/staging-large-20260927/lmcg-arrival-256000000-1-16777216-5-0-1-random-73.log,,,
,,,,2108096176,8002,0,X,4,240545.416,,,0,0.000,/workspace/data_dir/staging-large-20260927/lmcg-arrival-256000000-1-16777216-5-0-1-random-73.log,0,256000,
,,2046203197,,,,,,5,,0,0,,,/workspace/data_dir/staging-large-20260927/lmcg-arrival-256000000-1-16777216-5-0-1-random-73.log,,,
,,,,2108096176,8002,0,X,5,240545.416,,,0,0.000,/workspace/data_dir/staging-large-20260927/lmcg-arrival-256000000-1-16777216-5-0-1-random-73.log,0,256000,
,,,,2108097056,8012,318,X,0,3697.186,,,13104520,36.249,/workspace/data_dir/staging-large-20260927/lmcg-stage50-256000000-1-16777216-5-0-1-random-73.log,256000,256000,
,,2056744060,,,,,,1,,0,0,,,/workspace/data_dir/staging-large-20260927/lmcg-stage50-256000000-1-16777216-5-0-1-random-73.log,,,
,,,,2108097056,8012,318,X,1,3697.186,,,13104520,36.249,/workspace/data_dir/staging-large-20260927/lmcg-stage50-256000000-1-16777216-5-0-1-random-73.log,256000,256000,
,,2046203247,,,,,,2,,0,0,,,/workspace/data_dir/staging-large-20260927/lmcg-stage50-256000000-1-16777216-5-0-1-random-73.log,,,
,,,,2108097056,8012,318,X,2,3697.186,,,13104520,36.249,/workspace/data_dir/staging-large-20260927/lmcg-stage50-256000000-1-16777216-5-0-1-random-73.log,256000,256000,
,,2046203247,,,,,,3,,0,0,,,/workspace/data_dir/staging-large-20260927/lmcg-stage50-256000000-1-16777216-5-0-1-random-73.log,,,
,,,,2108097056,8012,318,X,3,3697.186,,,13104520,36.249,/workspace/data_dir/staging-large-20260927/lmcg-stage50-256000000-1-16777216-5-0-1-random-73.log,256000,256000,
,,2046203247,,,,,,4,,0,0,,,/workspace/data_dir/staging-large-20260927/lmcg-stage50-256000000-1-16777216-5-0-1-random-73.log,,,
,,,,2108097056,8012,318,X,4,3697.186,,,13104520,36.249,/workspace/data_dir/staging-large-20260927/lmcg-stage50-256000000-1-16777216-5-0-1-random-73.log,256000,256000,
,,2046203247,,,,,,5,,0,0,,,/workspace/data_dir/staging-large-20260927/lmcg-stage50-256000000-1-16777216-5-0-1-random-73.log,,,
,,,,2108097056,8012,318,X,5,3697.186,,,13104520,36.249,/workspace/data_dir/staging-large-20260927/lmcg-stage50-256000000-1-16777216-5-0-1-random-73.log,256000,256000,
,,,,129878264,253,0,X,0,7449.154,,,0,0.000,/workspace/data_dir/staging-large-repeat-20260927/gnmf-arrival-8000000-64-16777216-5-0-2-random-73.log,0,8000,
,,,,4098560000,8000,0,W,0,1.000,,,0,0.000,/workspace/data_dir/staging-large-repeat-20260927/gnmf-arrival-8000000-64-16777216-5-0-2-random-73.log,0,8000,
0,8000,,253,,,,,0,,,,,,/workspace/data_dir/staging-large-repeat-20260927/gnmf-arrival-8000000-64-16777216-5-0-2-random-73.log,,,8000
,,255007251,,,,,,1,,4094775883,8185455454,,,/workspace/data_dir/staging-large-repeat-20260927/gnmf-arrival-8000000-64-16777216-5-0-2-random-73.log,,,
,,,,129878264,253,0,X,1,7449.154,,,0,0.000,/workspace/data_dir/staging-large-repeat-20260927/gnmf-arrival-8000000-64-16777216-5-0-2-random-73.log,0,8000,
,,,,4098560000,8000,0,W,1,1.000,,,0,0.000,/workspace/data_dir/staging-large-repeat-20260927/gnmf-arrival-8000000-64-16777216-5-0-2-random-73.log,0,8000,
0,8000,,253,,,,,1,,,,,,/workspace/data_dir/staging-large-repeat-20260927/gnmf-arrival-8000000-64-16777216-5-0-2-random-73.log,,,8000
,,255007251,,,,,,2,,4091191610,8183407298,,,/workspace/data_dir/staging-large-repeat-20260927/gnmf-arrival-8000000-64-16777216-5-0-2-random-73.log,,,
,,,,129878264,253,0,X,2,7449.154,,,0,0.000,/workspace/data_dir/staging-large-repeat-20260927/gnmf-arrival-8000000-64-16777216-5-0-2-random-73.log,0,8000,
,,,,4098560000,8000,0,W,2,1.000,,,0,0.000,/workspace/data_dir/staging-large-repeat-20260927/gnmf-arrival-8000000-64-16777216-5-0-2-random-73.log,0,8000,
0,8000,,253,,,,,2,,,,,,/workspace/data_dir/staging-large-repeat-20260927/gnmf-arrival-8000000-64-16777216-5-0-2-random-73.log,,,8000
,,253981065,,,,,,3,,4094775883,8180847103,,,/workspace/data_dir/staging-large-repeat-20260927/gnmf-arrival-8000000-64-16777216-5-0-2-random-73.log,,,
,,,,129878264,253,0,X,3,7449.154,,,0,0.000,/workspace/data_dir/staging-large-repeat-20260927/gnmf-arrival-8000000-64-16777216-5-0-2-random-73.log,0,8000,
,,,,4098560000,8000,0,W,3,1.000,,,0,0.000,/workspace/data_dir/staging-large-repeat-20260927/gnmf-arrival-8000000-64-16777216-5-0-2-random-73.log,0,8000,
0,8000,,253,,,,,3,,,,,,/workspace/data_dir/staging-large-repeat-20260927/gnmf-arrival-8000000-64-16777216-5-0-2-random-73.log,,,8000
,,253981065,,,,,,4,,4090167532,8183919337,,,/workspace/data_dir/staging-large-repeat-20260927/gnmf-arrival-8000000-64-16777216-5-0-2-random-73.log,,,
,,,,129878264,253,0,X,4,7449.154,,,0,0.000,/workspace/data_dir/staging-large-repeat-20260927/gnmf-arrival-8000000-64-16777216-5-0-2-random-73.log,0,8000,
,,,,4098560000,8000,0,W,4,1.000,,,0,0.000,/workspace/data_dir/staging-large-repeat-20260927/gnmf-arrival-8000000-64-16777216-5-0-2-random-73.log,0,8000,
0,8000,,253,,,,,4,,,,,,/workspace/data_dir/staging-large-repeat-20260927/gnmf-arrival-8000000-64-16777216-5-0-2-random-73.log,,,8000
,,253981065,,,,,,5,,4091191610,8181871181,,,/workspace/data_dir/staging-large-repeat-20260927/gnmf-arrival-8000000-64-16777216-5-0-2-random-73.log,,,
,,,,129878264,253,0,X,5,7449.154,,,0,0.000,/workspace/data_dir/staging-large-repeat-20260927/gnmf-arrival-8000000-64-16777216-5-0-2-random-73.log,0,8000,
,,,,4098560000,8000,0,W,5,1.000,,,0,0.000,/workspace/data_dir/staging-large-repeat-20260927/gnmf-arrival-8000000-64-16777216-5-0-2-random-73.log,0,8000,
0,8000,,253,,,,,5,,,,,,/workspace/data_dir/staging-large-repeat-20260927/gnmf-arrival-8000000-64-16777216-5-0-2-random-73.log,,,8000
,,,,129878176,252,0,X,0,7520.532,,,0,0.000,/workspace/data_dir/staging-large-repeat-20260927/gnmf-arrival-8000000-64-16777216-5-0-2-random-91.log,0,8000,
,,,,4098560000,8000,0,W,0,1.000,,,0,0.000,/workspace/data_dir/staging-large-repeat-20260927/gnmf-arrival-8000000-64-16777216-5-0-2-random-91.log,0,8000,
0,8000,,252,,,,,0,,,,,,/workspace/data_dir/staging-large-repeat-20260927/gnmf-arrival-8000000-64-16777216-5-0-2-random-91.log,,,8000
,,255007241,,,,,,1,,4094263844,8186479532,,,/workspace/data_dir/staging-large-repeat-20260927/gnmf-arrival-8000000-64-16777216-5-0-2-random-91.log,,,
,,,,129878176,252,0,X,1,7520.532,,,0,0.000,/workspace/data_dir/staging-large-repeat-20260927/gnmf-arrival-8000000-64-16777216-5-0-2-random-91.log,0,8000,
,,,,4098560000,8000,0,W,1,1.000,,,0,0.000,/workspace/data_dir/staging-large-repeat-20260927/gnmf-arrival-8000000-64-16777216-5-0-2-random-91.log,0,8000,
0,8000,,252,,,,,1,,,,,,/workspace/data_dir/staging-large-repeat-20260927/gnmf-arrival-8000000-64-16777216-5-0-2-random-91.log,,,8000
,,253981055,,,,,,2,,4092727727,8183407298,,,/workspace/data_dir/staging-large-repeat-20260927/gnmf-arrival-8000000-64-16777216-5-0-2-random-91.log,,,
,,,,129878176,252,0,X,2,7520.532,,,0,0.000,/workspace/data_dir/staging-large-repeat-20260927/gnmf-arrival-8000000-64-16777216-5-0-2-random-91.log,0,8000,
,,,,4098560000,8000,0,W,2,1.000,,,0,0.000,/workspace/data_dir/staging-large-repeat-20260927/gnmf-arrival-8000000-64-16777216-5-0-2-random-91.log,0,8000,
0,8000,,252,,,,,2,,,,,,/workspace/data_dir/staging-large-repeat-20260927/gnmf-arrival-8000000-64-16777216-5-0-2-random-91.log,,,8000
,,253981055,,,,,,3,,4092215688,8183919337,,,/workspace/data_dir/staging-large-repeat-20260927/gnmf-arrival-8000000-64-16777216-5-0-2-random-91.log,,,
,,,,129878176,252,0,X,3,7520.532,,,0,0.000,/workspace/data_dir/staging-large-repeat-20260927/gnmf-arrival-8000000-64-16777216-5-0-2-random-91.log,0,8000,
,,,,4098560000,8000,0,W,3,1.000,,,0,0.000,/workspace/data_dir/staging-large-repeat-20260927/gnmf-arrival-8000000-64-16777216-5-0-2-random-91.log,0,8000,
0,8000,,252,,,,,3,,,,,,/workspace/data_dir/staging-large-repeat-20260927/gnmf-arrival-8000000-64-16777216-5-0-2-random-91.log,,,8000
,,253981055,,,,,,4,,4092215688,8182383220,,,/workspace/data_dir/staging-large-repeat-20260927/gnmf-arrival-8000000-64-16777216-5-0-2-random-91.log,,,
,,,,129878176,252,0,X,4,7520.532,,,0,0.000,/workspace/data_dir/staging-large-repeat-20260927/gnmf-arrival-8000000-64-16777216-5-0-2-random-91.log,0,8000,
,,,,4098560000,8000,0,W,4,1.000,,,0,0.000,/workspace/data_dir/staging-large-repeat-20260927/gnmf-arrival-8000000-64-16777216-5-0-2-random-91.log,0,8000,
0,8000,,252,,,,,4,,,,,,/workspace/data_dir/staging-large-repeat-20260927/gnmf-arrival-8000000-64-16777216-5-0-2-random-91.log,,,8000
,,254494148,,,,,,5,,4092215688,8181871181,,,/workspace/data_dir/staging-large-repeat-20260927/gnmf-arrival-8000000-64-16777216-5-0-2-random-91.log,,,
,,,,129878176,252,0,X,5,7520.532,,,0,0.000,/workspace/data_dir/staging-large-repeat-20260927/gnmf-arrival-8000000-64-16777216-5-0-2-random-91.log,0,8000,
,,,,4098560000,8000,0,W,5,1.000,,,0,0.000,/workspace/data_dir/staging-large-repeat-20260927/gnmf-arrival-8000000-64-16777216-5-0-2-random-91.log,0,8000,
0,8000,,252,,,,,5,,,,,,/workspace/data_dir/staging-large-repeat-20260927/gnmf-arrival-8000000-64-16777216-5-0-2-random-91.log,,,8000
,,,,129878176,252,18,X,0,290.075,,,13102528,5.289,/workspace/data_dir/staging-large-repeat-20260927/gnmf-stage50-8000000-64-16777216-5-0-2-random-73.log,8000,8000,
,,,,4098560000,8000,614,W,0,1.000,,,12805400,1.898,/workspace/data_dir/staging-large-repeat-20260927/gnmf-stage50-8000000-64-16777216-5-0-2-random-73.log,8000,8000,
0,8000,,252,,,,,0,,,,,,/workspace/data_dir/staging-large-repeat-20260927/gnmf-stage50-8000000-64-16777216-5-0-2-random-73.log,,,8000
,,255007241,,,,,,1,,4094263844,8185455454,,,/workspace/data_dir/staging-large-repeat-20260927/gnmf-stage50-8000000-64-16777216-5-0-2-random-73.log,,,
,,,,129878176,252,18,X,1,290.075,,,13102528,5.289,/workspace/data_dir/staging-large-repeat-20260927/gnmf-stage50-8000000-64-16777216-5-0-2-random-73.log,8000,8000,
,,,,4098560000,8000,613,W,1,1.000,,,12805400,2.008,/workspace/data_dir/staging-large-repeat-20260927/gnmf-stage50-8000000-64-16777216-5-0-2-random-73.log,8000,8000,
0,8000,,252,,,,,1,,,,,,/workspace/data_dir/staging-large-repeat-20260927/gnmf-stage50-8000000-64-16777216-5-0-2-random-73.log,,,8000
,,254494148,,,,,,2,,4094775883,8184431376,,,/workspace/data_dir/staging-large-repeat-20260927/gnmf-stage50-8000000-64-16777216-5-0-2-random-73.log,,,
,,,,129878176,252,18,X,2,290.075,,,13102528,5.289,/workspace/data_dir/staging-large-repeat-20260927/gnmf-stage50-8000000-64-16777216-5-0-2-random-73.log,8000,8000,
,,,,4098560000,8000,614,W,2,1.000,,,12805400,1.762,/workspace/data_dir/staging-large-repeat-20260927/gnmf-stage50-8000000-64-16777216-5-0-2-random-73.log,8000,8000,
0,8000,,252,,,,,2,,,,,,/workspace/data_dir/staging-large-repeat-20260927/gnmf-stage50-8000000-64-16777216-5-0-2-random-73.log,,,8000
,,254494148,,,,,,3,,4092727727,8183919337,,,/workspace/data_dir/staging-large-repeat-20260927/gnmf-stage50-8000000-64-16777216-5-0-2-random-73.log,,,
,,,,129878176,252,18,X,3,290.075,,,13102528,5.289,/workspace/data_dir/staging-large-repeat-20260927/gnmf-stage50-8000000-64-16777216-5-0-2-random-73.log,8000,8000,
,,,,4098560000,8000,614,W,3,1.000,,,12805400,1.805,/workspace/data_dir/staging-large-repeat-20260927/gnmf-stage50-8000000-64-16777216-5-0-2-random-73.log,8000,8000,
0,8000,,252,,,,,3,,,,,,/workspace/data_dir/staging-large-repeat-20260927/gnmf-stage50-8000000-64-16777216-5-0-2-random-73.log,,,8000
,,253981055,,,,,,4,,4092727727,8181871181,,,/workspace/data_dir/staging-large-repeat-20260927/gnmf-stage50-8000000-64-16777216-5-0-2-random-73.log,,,
,,,,129878176,252,18,X,4,290.075,,,13102528,5.289,/workspace/data_dir/staging-large-repeat-20260927/gnmf-stage50-8000000-64-16777216-5-0-2-random-73.log,8000,8000,
,,,,4098560000,8000,612,W,4,1.000,,,12805400,1.749,/workspace/data_dir/staging-large-repeat-20260927/gnmf-stage50-8000000-64-16777216-5-0-2-random-73.log,8000,8000,
0,8000,,252,,,,,4,,,,,,/workspace/data_dir/staging-large-repeat-20260927/gnmf-stage50-8000000-64-16777216-5-0-2-random-73.log,,,8000
,,255007241,,,,,,5,,4093239766,8182895259,,,/workspace/data_dir/staging-large-repeat-20260927/gnmf-stage50-8000000-64-16777216-5-0-2-random-73.log,,,
,,,,129878176,252,18,X,5,290.075,,,13102528,5.289,/workspace/data_dir/staging-large-repeat-20260927/gnmf-stage50-8000000-64-16777216-5-0-2-random-73.log,8000,8000,
,,,,4098560000,8000,613,W,5,1.000,,,12805400,1.732,/workspace/data_dir/staging-large-repeat-20260927/gnmf-stage50-8000000-64-16777216-5-0-2-random-73.log,8000,8000,
0,8000,,252,,,,,5,,,,,,/workspace/data_dir/staging-large-repeat-20260927/gnmf-stage50-8000000-64-16777216-5-0-2-random-73.log,,,8000
,,,,129878176,252,18,X,0,282.944,,,13102528,1.011,/workspace/data_dir/staging-large-repeat-20260927/gnmf-stage50-8000000-64-16777216-5-0-2-random-91.log,8000,8000,
,,,,4098560000,8000,614,W,0,1.000,,,12805400,1.595,/workspace/data_dir/staging-large-repeat-20260927/gnmf-stage50-8000000-64-16777216-5-0-2-random-91.log,8000,8000,
0,8000,,252,,,,,0,,,,,,/workspace/data_dir/staging-large-repeat-20260927/gnmf-stage50-8000000-64-16777216-5-0-2-random-91.log,,,8000
,,255007241,,,,,,1,,4094263844,8185967493,,,/workspace/data_dir/staging-large-repeat-20260927/gnmf-stage50-8000000-64-16777216-5-0-2-random-91.log,,,
,,,,129878176,252,18,X,1,282.944,,,13102528,1.011,/workspace/data_dir/staging-large-repeat-20260927/gnmf-stage50-8000000-64-16777216-5-0-2-random-91.log,8000,8000,
,,,,4098560000,8000,614,W,1,1.000,,,12805400,1.649,/workspace/data_dir/staging-large-repeat-20260927/gnmf-stage50-8000000-64-16777216-5-0-2-random-91.log,8000,8000,
0,8000,,252,,,,,1,,,,,,/workspace/data_dir/staging-large-repeat-20260927/gnmf-stage50-8000000-64-16777216-5-0-2-random-91.log,,,8000
,,255007241,,,,,,2,,4092727727,8182895259,,,/workspace/data_dir/staging-large-repeat-20260927/gnmf-stage50-8000000-64-16777216-5-0-2-random-91.log,,,
,,,,129878176,252,18,X,2,282.944,,,13102528,1.011,/workspace/data_dir/staging-large-repeat-20260927/gnmf-stage50-8000000-64-16777216-5-0-2-random-91.log,8000,8000,
,,,,4098560000,8000,614,W,2,1.000,,,12805400,1.670,/workspace/data_dir/staging-large-repeat-20260927/gnmf-stage50-8000000-64-16777216-5-0-2-random-91.log,8000,8000,
0,8000,,252,,,,,2,,,,,,/workspace/data_dir/staging-large-repeat-20260927/gnmf-stage50-8000000-64-16777216-5-0-2-random-91.log,,,8000
,,253981055,,,,,,3,,4093239766,8184943415,,,/workspace/data_dir/staging-large-repeat-20260927/gnmf-stage50-8000000-64-16777216-5-0-2-random-91.log,,,
,,,,129878176,252,18,X,3,282.944,,,13102528,1.011,/workspace/data_dir/staging-large-repeat-20260927/gnmf-stage50-8000000-64-16777216-5-0-2-random-91.log,8000,8000,
,,,,4098560000,8000,614,W,3,1.000,,,12805400,1.606,/workspace/data_dir/staging-large-repeat-20260927/gnmf-stage50-8000000-64-16777216-5-0-2-random-91.log,8000,8000,
0,8000,,252,,,,,3,,,,,,/workspace/data_dir/staging-large-repeat-20260927/gnmf-stage50-8000000-64-16777216-5-0-2-random-91.log,,,8000
,,253467962,,,,,,4,,4092727727,8183407298,,,/workspace/data_dir/staging-large-repeat-20260927/gnmf-stage50-8000000-64-16777216-5-0-2-random-91.log,,,
,,,,129878176,252,18,X,4,282.944,,,13102528,1.011,/workspace/data_dir/staging-large-repeat-20260927/gnmf-stage50-8000000-64-16777216-5-0-2-random-91.log,8000,8000,
,,,,4098560000,8000,613,W,4,1.000,,,12805400,1.556,/workspace/data_dir/staging-large-repeat-20260927/gnmf-stage50-8000000-64-16777216-5-0-2-random-91.log,8000,8000,
0,8000,,252,,,,,4,,,,,,/workspace/data_dir/staging-large-repeat-20260927/gnmf-stage50-8000000-64-16777216-5-0-2-random-91.log,,,8000
,,254494148,,,,,,5,,4092215688,8182383220,,,/workspace/data_dir/staging-large-repeat-20260927/gnmf-stage50-8000000-64-16777216-5-0-2-random-91.log,,,
,,,,129878176,252,18,X,5,282.944,,,13102528,1.011,/workspace/data_dir/staging-large-repeat-20260927/gnmf-stage50-8000000-64-16777216-5-0-2-random-91.log,8000,8000,
,,,,4098560000,8000,614,W,5,1.000,,,12805400,1.623,/workspace/data_dir/staging-large-repeat-20260927/gnmf-stage50-8000000-64-16777216-5-0-2-random-91.log,8000,8000,
0,8000,,252,,,,,5,,,,,,/workspace/data_dir/staging-large-repeat-20260927/gnmf-stage50-8000000-64-16777216-5-0-2-random-91.log,,,8000
,,,,129878264,253,18,X,0,286.024,,,13102528,2.656,/workspace/data_dir/staging-large-repeat-20260927/gnmf-stage50x-8000000-64-16777216-5-0-2-random-73.log,8000,8000,
,,,,4098560000,8000,0,W,0,1.000,,,0,0.000,/workspace/data_dir/staging-large-repeat-20260927/gnmf-stage50x-8000000-64-16777216-5-0-2-random-73.log,0,8000,
0,8000,,253,,,,,0,,,,,,/workspace/data_dir/staging-large-repeat-20260927/gnmf-stage50x-8000000-64-16777216-5-0-2-random-73.log,,,8000
,,255007251,,,,,,1,,4094775883,8186479532,,,/workspace/data_dir/staging-large-repeat-20260927/gnmf-stage50x-8000000-64-16777216-5-0-2-random-73.log,,,
,,,,129878264,253,18,X,1,286.024,,,13102528,2.656,/workspace/data_dir/staging-large-repeat-20260927/gnmf-stage50x-8000000-64-16777216-5-0-2-random-73.log,8000,8000,
,,,,4098560000,8000,0,W,1,1.000,,,0,0.000,/workspace/data_dir/staging-large-repeat-20260927/gnmf-stage50x-8000000-64-16777216-5-0-2-random-73.log,0,8000,
0,8000,,253,,,,,1,,,,,,/workspace/data_dir/staging-large-repeat-20260927/gnmf-stage50x-8000000-64-16777216-5-0-2-random-73.log,,,8000
,,254494158,,,,,,2,,4092215688,8183919337,,,/workspace/data_dir/staging-large-repeat-20260927/gnmf-stage50x-8000000-64-16777216-5-0-2-random-73.log,,,
,,,,129878264,253,18,X,2,286.024,,,13102528,2.656,/workspace/data_dir/staging-large-repeat-20260927/gnmf-stage50x-8000000-64-16777216-5-0-2-random-73.log,8000,8000,
,,,,4098560000,8000,0,W,2,1.000,,,0,0.000,/workspace/data_dir/staging-large-repeat-20260927/gnmf-stage50x-8000000-64-16777216-5-0-2-random-73.log,0,8000,
0,8000,,253,,,,,2,,,,,,/workspace/data_dir/staging-large-repeat-20260927/gnmf-stage50x-8000000-64-16777216-5-0-2-random-73.log,,,8000
,,253981065,,,,,,3,,4093239766,8181871181,,,/workspace/data_dir/staging-large-repeat-20260927/gnmf-stage50x-8000000-64-16777216-5-0-2-random-73.log,,,
,,,,129878264,253,18,X,3,286.024,,,13102528,2.656,/workspace/data_dir/staging-large-repeat-20260927/gnmf-stage50x-8000000-64-16777216-5-0-2-random-73.log,8000,8000,
,,,,4098560000,8000,0,W,3,1.000,,,0,0.000,/workspace/data_dir/staging-large-repeat-20260927/gnmf-stage50x-8000000-64-16777216-5-0-2-random-73.log,0,8000,
0,8000,,253,,,,,3,,,,,,/workspace/data_dir/staging-large-repeat-20260927/gnmf-stage50x-8000000-64-16777216-5-0-2-random-73.log,,,8000
,,255007251,,,,,,4,,4093239766,8183407298,,,/workspace/data_dir/staging-large-repeat-20260927/gnmf-stage50x-8000000-64-16777216-5-0-2-random-73.log,,,
,,,,129878264,253,18,X,4,286.024,,,13102528,2.656,/workspace/data_dir/staging-large-repeat-20260927/gnmf-stage50x-8000000-64-16777216-5-0-2-random-73.log,8000,8000,
,,,,4098560000,8000,0,W,4,1.000,,,0,0.000,/workspace/data_dir/staging-large-repeat-20260927/gnmf-stage50x-8000000-64-16777216-5-0-2-random-73.log,0,8000,
0,8000,,253,,,,,4,,,,,,/workspace/data_dir/staging-large-repeat-20260927/gnmf-stage50x-8000000-64-16777216-5-0-2-random-73.log,,,8000
,,253467972,,,,,,5,,4093751805,8182383220,,,/workspace/data_dir/staging-large-repeat-20260927/gnmf-stage50x-8000000-64-16777216-5-0-2-random-73.log,,,
,,,,129878264,253,18,X,5,286.024,,,13102528,2.656,/workspace/data_dir/staging-large-repeat-20260927/gnmf-stage50x-8000000-64-16777216-5-0-2-random-73.log,8000,8000,
,,,,4098560000,8000,0,W,5,1.000,,,0,0.000,/workspace/data_dir/staging-large-repeat-20260927/gnmf-stage50x-8000000-64-16777216-5-0-2-random-73.log,0,8000,
0,8000,,253,,,,,5,,,,,,/workspace/data_dir/staging-large-repeat-20260927/gnmf-stage50x-8000000-64-16777216-5-0-2-random-73.log,,,8000
,,,,129878176,252,18,X,0,7507.786,,,13102528,0.076,/workspace/data_dir/staging-large-repeat-20260927/gnmf-stagefifo50-8000000-64-16777216-5-0-2-random-73.log,8000,8000,
,,,,4098560000,8000,615,W,0,1.000,,,12805400,0.664,/workspace/data_dir/staging-large-repeat-20260927/gnmf-stagefifo50-8000000-64-16777216-5-0-2-random-73.log,8000,8000,
0,8000,,252,,,,,0,,,,,,/workspace/data_dir/staging-large-repeat-20260927/gnmf-stagefifo50-8000000-64-16777216-5-0-2-random-73.log,,,8000
,,255520334,,,,,,1,,4095799961,8185455454,,,/workspace/data_dir/staging-large-repeat-20260927/gnmf-stagefifo50-8000000-64-16777216-5-0-2-random-73.log,,,
,,,,129878176,252,18,X,1,7507.786,,,13102528,0.076,/workspace/data_dir/staging-large-repeat-20260927/gnmf-stagefifo50-8000000-64-16777216-5-0-2-random-73.log,8000,8000,
,,,,4098560000,8000,614,W,1,1.000,,,12805400,1.221,/workspace/data_dir/staging-large-repeat-20260927/gnmf-stagefifo50-8000000-64-16777216-5-0-2-random-73.log,8000,8000,
0,8000,,252,,,,,1,,,,,,/workspace/data_dir/staging-large-repeat-20260927/gnmf-stagefifo50-8000000-64-16777216-5-0-2-random-73.log,,,8000
,,253467962,,,,,,2,,4092215688,8184431376,,,/workspace/data_dir/staging-large-repeat-20260927/gnmf-stagefifo50-8000000-64-16777216-5-0-2-random-73.log,,,
,,,,129878176,252,18,X,2,7507.786,,,13102528,0.076,/workspace/data_dir/staging-large-repeat-20260927/gnmf-stagefifo50-8000000-64-16777216-5-0-2-random-73.log,8000,8000,
,,,,4098560000,8000,614,W,2,1.000,,,12805400,1.221,/workspace/data_dir/staging-large-repeat-20260927/gnmf-stagefifo50-8000000-64-16777216-5-0-2-random-73.log,8000,8000,
0,8000,,252,,,,,2,,,,,,/workspace/data_dir/staging-large-repeat-20260927/gnmf-stagefifo50-8000000-64-16777216-5-0-2-random-73.log,,,8000
,,254494148,,,,,,3,,4094263844,8181871181,,,/workspace/data_dir/staging-large-repeat-20260927/gnmf-stagefifo50-8000000-64-16777216-5-0-2-random-73.log,,,
,,,,129878176,252,18,X,3,7507.786,,,13102528,0.076,/workspace/data_dir/staging-large-repeat-20260927/gnmf-stagefifo50-8000000-64-16777216-5-0-2-random-73.log,8000,8000,
,,,,4098560000,8000,613,W,3,1.000,,,12805400,1.152,/workspace/data_dir/staging-large-repeat-20260927/gnmf-stagefifo50-8000000-64-16777216-5-0-2-random-73.log,8000,8000,
0,8000,,252,,,,,3,,,,,,/workspace/data_dir/staging-large-repeat-20260927/gnmf-stagefifo50-8000000-64-16777216-5-0-2-random-73.log,,,8000
,,252954869,,,,,,4,,4092215688,8184431376,,,/workspace/data_dir/staging-large-repeat-20260927/gnmf-stagefifo50-8000000-64-16777216-5-0-2-random-73.log,,,
,,,,129878176,252,18,X,4,7507.786,,,13102528,0.076,/workspace/data_dir/staging-large-repeat-20260927/gnmf-stagefifo50-8000000-64-16777216-5-0-2-random-73.log,8000,8000,
,,,,4098560000,8000,614,W,4,1.000,,,12805400,1.279,/workspace/data_dir/staging-large-repeat-20260927/gnmf-stagefifo50-8000000-64-16777216-5-0-2-random-73.log,8000,8000,
0,8000,,252,,,,,4,,,,,,/workspace/data_dir/staging-large-repeat-20260927/gnmf-stagefifo50-8000000-64-16777216-5-0-2-random-73.log,,,8000
,,253981055,,,,,,5,,4094263844,8183407298,,,/workspace/data_dir/staging-large-repeat-20260927/gnmf-stagefifo50-8000000-64-16777216-5-0-2-random-73.log,,,
,,,,129878176,252,18,X,5,7507.786,,,13102528,0.076,/workspace/data_dir/staging-large-repeat-20260927/gnmf-stagefifo50-8000000-64-16777216-5-0-2-random-73.log,8000,8000,
,,,,4098560000,8000,614,W,5,1.000,,,12805400,1.472,/workspace/data_dir/staging-large-repeat-20260927/gnmf-stagefifo50-8000000-64-16777216-5-0-2-random-73.log,8000,8000,
0,8000,,252,,,,,5,,,,,,/workspace/data_dir/staging-large-repeat-20260927/gnmf-stagefifo50-8000000-64-16777216-5-0-2-random-73.log,,,8000
